case_number,date,year,month,day_of_week,hour,community_area_name,victimization_primary,incident_primary,gunshot_injury_i,age,sex,race,is_homicide_victim,is_nonfatal_shooting_victim,is_gun_violence_victim
HL369706,2005-05-21 10:30:00,2005,5,7,10,ALBANY PARK,HOMICIDE,HOMICIDE,NO,20-29,M,WWH,1,0,1
HL466831,2005-07-06 18:05:00,2005,7,4,18,ALBANY PARK,HOMICIDE,HOMICIDE,YES,20-29,M,WWH,1,0,1
HL467259,2005-07-06 21:10:00,2005,7,4,21,ALBANY PARK,HOMICIDE,HOMICIDE,YES,20-29,M,BLK,1,0,1
HL671923,2005-10-14 01:55:00,2005,10,6,1,ALBANY PARK,HOMICIDE,HOMICIDE,YES,30-39,M,WWH,1,0,1
HL242938,2005-03-18 23:35:00,2005,3,6,23,ARCHER HEIGHTS,HOMICIDE,HOMICIDE,YES,0-19,M,WWH,1,0,1
HL433283,2005-06-20 21:45:00,2005,6,2,21,ARCHER HEIGHTS,HOMICIDE,HOMICIDE,YES,20-29,M,WWH,1,0,1
HL641342,2005-09-28 17:39:00,2005,9,4,17,ARCHER HEIGHTS,HOMICIDE,HOMICIDE,YES,0-19,M,WHI,1,0,1
HL427901,2005-06-18 01:10:00,2005,6,7,1,ARMOUR SQUARE,HOMICIDE,HOMICIDE,YES,30-39,M,BLK,1,0,1
HL555606,2005-08-17 21:53:00,2005,8,4,21,ASHBURN,HOMICIDE,HOMICIDE,NO,20-29,M,BLK,1,0,1
HL557226,2005-08-18 18:40:00,2005,8,5,18,ASHBURN,HOMICIDE,HOMICIDE,YES,20-29,M,WHI,1,0,1
HL294194,2005-04-14 09:58:00,2005,4,5,9,AUBURN GRESHAM,HOMICIDE,HOMICIDE,NO,40-49,F,BLK,1,0,1
HL369348,2005-05-21 03:30:00,2005,5,7,3,AUBURN GRESHAM,HOMICIDE,HOMICIDE,YES,20-29,M,BLK,1,0,1
HL429514,2005-06-18 21:23:00,2005,6,7,21,AUBURN GRESHAM,HOMICIDE,HOMICIDE,NO,20-29,M,BLK,1,0,1
HL437473,2005-06-22 17:55:00,2005,6,4,17,AUBURN GRESHAM,HOMICIDE,HOMICIDE,YES,30-39,M,BLK,1,0,1
HL467655,2005-07-07 03:39:00,2005,7,5,3,AUBURN GRESHAM,HOMICIDE,HOMICIDE,YES,40-49,M,BLK,1,0,1
HL524860,2005-08-03 01:46:00,2005,8,4,1,AUBURN GRESHAM,HOMICIDE,HOMICIDE,YES,0-19,M,BLK,1,0,1
HL590360,2005-09-03 23:59:00,2005,9,7,23,AUBURN GRESHAM,HOMICIDE,HOMICIDE,YES,20-29,M,BLK,1,0,1
HL606337,2005-09-11 23:07:00,2005,9,1,23,AUBURN GRESHAM,HOMICIDE,HOMICIDE,YES,20-29,M,BLK,1,0,1
HL618390,2005-09-17 16:53:00,2005,9,7,16,AUBURN GRESHAM,HOMICIDE,HOMICIDE,YES,20-29,M,BLK,1,0,1
HL627779,2005-09-22 06:28:00,2005,9,5,6,AUBURN GRESHAM,HOMICIDE,HOMICIDE,NO,30-39,M,BLK,1,0,1
HL157968,2005-02-02 08:00:00,2005,2,4,8,AUSTIN,HOMICIDE,HOMICIDE,NO,60-69,M,BLK,1,0,1
HL194667,2005-02-21 21:54:00,2005,2,2,21,AUSTIN,HOMICIDE,HOMICIDE,YES,30-39,M,BLK,1,0,1
HL216209,2005-03-05 02:35:00,2005,3,7,2,AUSTIN,HOMICIDE,HOMICIDE,NO,30-39,F,BLK,1,0,1
HL232949,2005-03-14 01:23:00,2005,3,2,1,AUSTIN,HOMICIDE,HOMICIDE,YES,40-49,F,BLK,1,0,1
HL236216,2005-03-15 15:30:00,2005,3,3,15,AUSTIN,HOMICIDE,HOMICIDE,YES,40-49,M,WWH,1,0,1
HL238378,2005-03-16 18:20:00,2005,3,4,18,AUSTIN,HOMICIDE,HOMICIDE,YES,20-29,M,BLK,1,0,1
HL242006,2005-03-18 15:07:00,2005,3,6,15,AUSTIN,HOMICIDE,HOMICIDE,YES,0-19,M,BLK,1,0,1
HL249429,2005-03-22 16:47:00,2005,3,3,16,AUSTIN,HOMICIDE,HOMICIDE,YES,20-29,M,BLK,1,0,1
HL268144,2005-04-01 14:05:00,2005,4,6,14,AUSTIN,HOMICIDE,HOMICIDE,YES,30-39,M,BLK,1,0,1
HL289126,2005-04-11 19:39:00,2005,4,2,19,AUSTIN,HOMICIDE,HOMICIDE,YES,30-39,M,BLK,1,0,1
HL296055,2005-04-15 05:00:00,2005,4,6,5,AUSTIN,HOMICIDE,HOMICIDE,NO,20-29,M,BLK,1,0,1
HL336157,2005-05-05 02:37:00,2005,5,5,2,AUSTIN,HOMICIDE,HOMICIDE,NO,20-29,M,BLK,1,0,1
HL355369,2005-05-14 02:25:00,2005,5,7,2,AUSTIN,HOMICIDE,HOMICIDE,YES,20-29,M,BLK,1,0,1
HL360798,2005-05-17 00:25:00,2005,5,3,0,AUSTIN,HOMICIDE,HOMICIDE,YES,20-29,M,BLK,1,0,1
HL369158,2005-05-21 00:50:00,2005,5,7,0,AUSTIN,HOMICIDE,HOMICIDE,NO,20-29,M,BLK,1,0,1
HL412899,2005-06-11 03:34:00,2005,6,7,3,AUSTIN,HOMICIDE,HOMICIDE,YES,20-29,F,BLK,1,0,1
HL421238,2005-06-14 20:23:00,2005,6,3,20,AUSTIN,HOMICIDE,HOMICIDE,YES,30-39,M,BLK,1,0,1
HL423726,2005-06-16 01:41:00,2005,6,5,1,AUSTIN,HOMICIDE,HOMICIDE,YES,20-29,M,BLK,1,0,1
HL437234,2005-06-22 02:00:00,2005,6,4,2,AUSTIN,HOMICIDE,HOMICIDE,NO,80+,M,BLK,1,0,1
HL449677,2005-06-28 15:15:00,2005,6,3,15,AUSTIN,HOMICIDE,HOMICIDE,YES,40-49,M,BLK,1,0,1
HL459802,2005-07-03 10:15:00,2005,7,1,10,AUSTIN,HOMICIDE,HOMICIDE,NO,50-59,F,BLK,1,0,1
HL467408,2005-07-07 00:00:00,2005,7,5,0,AUSTIN,HOMICIDE,HOMICIDE,NO,30-39,M,BLK,1,0,1
HL539309,2005-08-09 23:15:00,2005,8,3,23,AUSTIN,HOMICIDE,HOMICIDE,YES,30-39,M,BLK,1,0,1
HL541246,2005-08-10 20:54:00,2005,8,4,20,AUSTIN,HOMICIDE,HOMICIDE,YES,30-39,M,BLK,1,0,1
HL546673,2005-08-13 00:00:00,2005,8,7,0,AUSTIN,HOMICIDE,HOMICIDE,NO,0-19,F,BLK,1,0,1
HL582086,2005-08-30 22:34:00,2005,8,3,22,AUSTIN,HOMICIDE,HOMICIDE,YES,20-29,M,BLK,1,0,1
HL591154,2005-09-04 12:34:00,2005,9,1,12,AUSTIN,HOMICIDE,HOMICIDE,YES,30-39,M,BLK,1,0,1
HL603073,2005-09-10 10:46:00,2005,9,7,10,AUSTIN,HOMICIDE,HOMICIDE,YES,40-49,M,BLK,1,0,1
HL640029,2005-09-28 02:41:00,2005,9,4,2,AUSTIN,HOMICIDE,HOMICIDE,YES,0-19,M,BLK,1,0,1
HL646747,2005-10-01 12:43:00,2005,10,7,12,AUSTIN,HOMICIDE,HOMICIDE,YES,40-49,M,BLK,1,0,1
HL673888,2005-10-15 00:35:00,2005,10,7,0,AUSTIN,HOMICIDE,HOMICIDE,NO,20-29,F,BLK,1,0,1
HL716166,2005-11-04 22:32:00,2005,11,6,22,AUSTIN,HOMICIDE,HOMICIDE,YES,0-19,M,BLK,1,0,1
HL749206,2005-11-22 06:26:00,2005,11,3,6,AUSTIN,HOMICIDE,HOMICIDE,YES,40-49,M,WWH,1,0,1
HL765006,2005-12-01 08:28:00,2005,12,5,8,AUSTIN,HOMICIDE,HOMICIDE,NO,30-39,M,BLK,1,0,1
HL785364,2005-12-12 16:00:00,2005,12,2,16,AUSTIN,HOMICIDE,HOMICIDE,YES,20-29,M,BLK,1,0,1
HL786202,2005-12-13 00:07:00,2005,12,3,0,AUSTIN,HOMICIDE,HOMICIDE,YES,20-29,M,BLK,1,0,1
HL802967,2005-12-21 23:53:00,2005,12,4,23,AUSTIN,HOMICIDE,HOMICIDE,YES,0-19,M,BLK,1,0,1
HL300398,2005-04-17 08:40:00,2005,4,1,8,AVALON PARK,HOMICIDE,HOMICIDE,NO,30-39,M,BLK,1,0,1
HL337558,2005-05-05 18:12:00,2005,5,5,18,AVALON PARK,HOMICIDE,HOMICIDE,YES,20-29,M,BLK,1,0,1
HL205955,2005-02-27 23:10:00,2005,2,1,23,AVONDALE,HOMICIDE,HOMICIDE,YES,20-29,M,WWH,1,0,1
HL471587,2005-07-08 23:54:00,2005,7,6,23,AVONDALE,HOMICIDE,HOMICIDE,YES,0-19,M,WWH,1,0,1
HL533506,2005-08-07 04:55:00,2005,8,1,4,AVONDALE,HOMICIDE,HOMICIDE,NO,0-19,M,WWH,1,0,1
HL126868,2005-01-15 20:13:00,2005,1,7,20,BELMONT CRAGIN,HOMICIDE,HOMICIDE,YES,0-19,M,WWH,1,0,1
HL132189,2005-01-18 22:35:00,2005,1,3,22,BELMONT CRAGIN,HOMICIDE,HOMICIDE,NO,20-29,F,WWH,1,0,1
HL212228,2005-03-03 06:00:00,2005,3,5,6,BELMONT CRAGIN,HOMICIDE,HOMICIDE,YES,40-49,F,WWH,1,0,1
HL235442,2005-03-15 10:42:00,2005,3,3,10,BELMONT CRAGIN,HOMICIDE,HOMICIDE,YES,20-29,M,WWH,1,0,1
HL287184,2005-04-10 21:22:00,2005,4,1,21,BELMONT CRAGIN,HOMICIDE,HOMICIDE,NO,30-39,F,WWH,1,0,1
HL356544,2005-05-14 16:30:00,2005,5,7,16,BELMONT CRAGIN,HOMICIDE,HOMICIDE,NO,0-19,M,BLK,1,0,1
HL471597,2005-07-08 23:26:00,2005,7,6,23,BELMONT CRAGIN,HOMICIDE,HOMICIDE,YES,0-19,M,BLK,1,0,1
HL539175,2005-08-09 21:50:00,2005,8,3,21,BELMONT CRAGIN,HOMICIDE,HOMICIDE,YES,0-19,M,WWH,1,0,1
HL547533,2005-08-13 21:20:00,2005,8,7,21,BELMONT CRAGIN,HOMICIDE,HOMICIDE,YES,0-19,M,WWH,1,0,1
HL552644,2005-08-16 18:43:00,2005,8,3,18,BELMONT CRAGIN,HOMICIDE,HOMICIDE,NO,20-29,F,WWH,1,0,1
HL749116,2005-11-21 22:00:00,2005,11,2,22,BELMONT CRAGIN,HOMICIDE,HOMICIDE,NO,20-29,M,WHI,1,0,1
HL355467,2005-05-14 02:40:00,2005,5,7,2,BRIGHTON PARK,HOMICIDE,HOMICIDE,NO,0-19,F,WWH,1,0,1
HL428081,2005-06-18 04:08:00,2005,6,7,4,BRIGHTON PARK,HOMICIDE,HOMICIDE,YES,20-29,M,WWH,1,0,1
HL527629,2005-08-04 12:12:00,2005,8,5,12,BRIGHTON PARK,HOMICIDE,HOMICIDE,YES,70-79,M,WWH,1,0,1
HL527629,2005-08-04 12:12:00,2005,8,5,12,BRIGHTON PARK,HOMICIDE,HOMICIDE,YES,30-39,F,WWH,1,0,1
HL816641,2005-12-30 02:08:00,2005,12,6,2,BRIGHTON PARK,HOMICIDE,HOMICIDE,YES,20-29,M,WWH,1,0,1
HL745300,2005-11-19 22:47:00,2005,11,7,22,BURNSIDE,HOMICIDE,HOMICIDE,YES,0-19,M,BLK,1,0,1
HL136957,2005-01-21 17:53:00,2005,1,6,17,CHATHAM,HOMICIDE,HOMICIDE,NO,30-39,F,BLK,1,0,1
HL206147,2005-02-28 06:10:00,2005,2,2,6,CHATHAM,HOMICIDE,HOMICIDE,YES,40-49,M,BLK,1,0,1
HL281526,2005-04-08 04:00:00,2005,4,6,4,CHATHAM,HOMICIDE,HOMICIDE,YES,40-49,M,BLK,1,0,1
HL314660,2005-04-24 09:15:00,2005,4,1,9,CHATHAM,HOMICIDE,HOMICIDE,NO,30-39,F,BLK,1,0,1
HL343949,2005-05-08 23:00:00,2005,5,1,23,CHATHAM,HOMICIDE,HOMICIDE,YES,0-19,M,BLK,1,0,1
HL416874,2005-06-13 02:15:00,2005,6,2,2,CHATHAM,HOMICIDE,HOMICIDE,NO,0-19,F,BLK,1,0,1
HL505794,2005-07-24 23:10:00,2005,7,1,23,CHATHAM,HOMICIDE,HOMICIDE,YES,30-39,M,BLK,1,0,1
HL551951,2005-08-16 04:43:00,2005,8,3,4,CHATHAM,HOMICIDE,HOMICIDE,YES,20-29,F,BLK,1,0,1
HL618905,2005-09-17 21:30:00,2005,9,7,21,CHATHAM,HOMICIDE,HOMICIDE,NO,30-39,M,BLK,1,0,1
HL633973,2005-09-25 03:49:00,2005,9,1,3,CHATHAM,HOMICIDE,HOMICIDE,YES,30-39,M,BLK,1,0,1
HL655946,2005-10-05 21:15:00,2005,10,4,21,CHATHAM,HOMICIDE,HOMICIDE,YES,20-29,M,BLK,1,0,1
HL703752,2005-10-29 23:45:00,2005,10,7,23,CHATHAM,HOMICIDE,HOMICIDE,YES,20-29,M,BLK,1,0,1
HL771347,2005-12-04 12:52:00,2005,12,1,12,CHATHAM,HOMICIDE,HOMICIDE,NO,40-49,M,BLK,1,0,1
HL257812,2005-03-27 06:02:00,2005,3,1,6,CHICAGO LAWN,HOMICIDE,HOMICIDE,YES,20-29,M,BLK,1,0,1
HL336784,2005-05-05 12:47:00,2005,5,5,12,CHICAGO LAWN,HOMICIDE,HOMICIDE,YES,20-29,M,BLK,1,0,1
HL412803,2005-06-11 01:56:00,2005,6,7,1,CHICAGO LAWN,HOMICIDE,HOMICIDE,YES,20-29,M,BLK,1,0,1
HL425753,2005-06-17 00:30:00,2005,6,6,0,CHICAGO LAWN,HOMICIDE,HOMICIDE,NO,30-39,M,BLK,1,0,1
HL448514,2005-06-28 00:20:00,2005,6,3,0,CHICAGO LAWN,HOMICIDE,HOMICIDE,YES,0-19,M,BLK,1,0,1
HL484812,2005-07-15 02:45:00,2005,7,6,2,CHICAGO LAWN,HOMICIDE,HOMICIDE,NO,20-29,M,WWH,1,0,1
HL516150,2005-07-29 21:22:00,2005,7,6,21,CHICAGO LAWN,HOMICIDE,HOMICIDE,YES,20-29,M,BLK,1,0,1
HL534365,2005-08-08 03:00:00,2005,8,2,3,CHICAGO LAWN,HOMICIDE,HOMICIDE,NO,0-19,M,BLK,1,0,1
HL543691,2005-08-11 23:50:00,2005,8,5,23,CHICAGO LAWN,HOMICIDE,HOMICIDE,YES,0-19,M,WWH,1,0,1
HL656289,2005-10-06 02:34:00,2005,10,5,2,CHICAGO LAWN,HOMICIDE,HOMICIDE,YES,0-19,M,BLK,1,0,1
HL662200,2005-10-09 01:40:00,2005,10,1,1,CHICAGO LAWN,HOMICIDE,HOMICIDE,YES,20-29,M,WWH,1,0,1
HL669557,2005-10-12 22:11:00,2005,10,4,22,CHICAGO LAWN,HOMICIDE,HOMICIDE,YES,30-39,M,WWH,1,0,1
HL777755,2005-12-08 05:43:00,2005,12,5,5,CHICAGO LAWN,HOMICIDE,HOMICIDE,YES,30-39,M,BLK,1,0,1
HL431611,2005-06-20 00:06:00,2005,6,2,0,CLEARING,HOMICIDE,HOMICIDE,NO,30-39,F,WWH,1,0,1
HL766409,2005-12-01 19:25:00,2005,12,5,19,CLEARING,HOMICIDE,HOMICIDE,YES,20-29,M,WWH,1,0,1
HL119705,2005-01-12 01:40:00,2005,1,4,1,DOUGLAS,HOMICIDE,HOMICIDE,NO,40-49,M,BLK,1,0,1
HL291491,2005-04-12 23:32:00,2005,4,3,23,DOUGLAS,HOMICIDE,HOMICIDE,YES,20-29,M,BLK,1,0,1
HL370043,2005-05-21 13:55:00,2005,5,7,13,DOUGLAS,HOMICIDE,HOMICIDE,YES,0-19,M,BLK,1,0,1
HL407548,2005-06-08 17:18:00,2005,6,4,17,DOUGLAS,HOMICIDE,HOMICIDE,YES,20-29,M,BLK,1,0,1
HL410205,2005-06-09 22:04:00,2005,6,5,22,DOUGLAS,HOMICIDE,HOMICIDE,YES,20-29,M,BLK,1,0,1
HL526827,2005-08-03 23:27:00,2005,8,4,23,DOUGLAS,HOMICIDE,HOMICIDE,YES,20-29,M,BLK,1,0,1
HL573960,2005-08-26 23:30:00,2005,8,6,23,DOUGLAS,HOMICIDE,HOMICIDE,YES,20-29,F,BLK,1,0,1
HL703794,2005-10-29 23:55:00,2005,10,7,23,DOUGLAS,HOMICIDE,HOMICIDE,YES,20-29,M,BLK,1,0,1
HL645804,2005-09-30 22:55:00,2005,9,6,22,EAST GARFIELD PARK,HOMICIDE,HOMICIDE,YES,20-29,M,BLK,1,0,1
HL739526,2005-11-16 20:00:00,2005,11,4,20,EAST GARFIELD PARK,HOMICIDE,HOMICIDE,YES,0-19,M,BLK,1,0,1
HL755450,2005-11-25 20:04:00,2005,11,6,20,EAST GARFIELD PARK,HOMICIDE,HOMICIDE,YES,20-29,M,BLK,1,0,1
HL758755,2005-11-27 21:47:00,2005,11,1,21,EAST GARFIELD PARK,HOMICIDE,HOMICIDE,YES,30-39,M,BLK,1,0,1
HL795612,2005-12-17 22:58:00,2005,12,7,22,EAST GARFIELD PARK,HOMICIDE,HOMICIDE,NO,0-19,M,BLK,1,0,1
HL809577,2005-12-26 05:23:00,2005,12,2,5,EAST GARFIELD PARK,HOMICIDE,HOMICIDE,YES,20-29,M,BLK,1,0,1
HL815217,2005-12-29 11:27:00,2005,12,5,11,EAST GARFIELD PARK,HOMICIDE,HOMICIDE,YES,20-29,F,BLK,1,0,1
HL141721,2005-01-24 16:35:00,2005,1,2,16,EDGEWATER,HOMICIDE,HOMICIDE,NO,20-29,F,WHI,1,0,1
HL207408,2005-02-28 18:30:00,2005,2,2,18,EDGEWATER,HOMICIDE,HOMICIDE,YES,80+,F,WHI,1,0,1
HL207408,2005-02-28 18:30:00,2005,2,2,18,EDGEWATER,HOMICIDE,HOMICIDE,YES,60-69,M,WHI,1,0,1
HL242188,2005-03-18 16:30:00,2005,3,6,16,EDGEWATER,HOMICIDE,HOMICIDE,YES,20-29,M,BLK,1,0,1
HL513570,2005-07-28 17:07:00,2005,7,5,17,EDGEWATER,HOMICIDE,HOMICIDE,NO,40-49,M,BLK,1,0,1
HL604318,2005-09-10 23:36:00,2005,9,7,23,EDGEWATER,HOMICIDE,HOMICIDE,NO,60-69,M,WHI,1,0,1
HL648026,2005-10-02 02:36:00,2005,10,1,2,EDGEWATER,HOMICIDE,HOMICIDE,YES,20-29,M,BLK,1,0,1
HL122434,2005-01-13 12:55:00,2005,1,5,12,ENGLEWOOD,HOMICIDE,HOMICIDE,NO,20-29,F,BLK,1,0,1
HL227322,2005-03-10 22:19:00,2005,3,5,22,ENGLEWOOD,HOMICIDE,HOMICIDE,NO,30-39,M,BLK,1,0,1
HL255594,2005-03-25 23:48:00,2005,3,6,23,ENGLEWOOD,HOMICIDE,HOMICIDE,YES,0-19,M,BLK,1,0,1
HL257510,2005-03-27 00:04:00,2005,3,1,0,ENGLEWOOD,HOMICIDE,HOMICIDE,YES,20-29,M,BLK,1,0,1
HL320099,2005-04-26 22:40:00,2005,4,3,22,ENGLEWOOD,HOMICIDE,HOMICIDE,YES,30-39,M,BLK,1,0,1
HL385610,2005-05-29 03:02:00,2005,5,1,3,ENGLEWOOD,HOMICIDE,HOMICIDE,YES,20-29,M,BLK,1,0,1
HL393632,2005-06-02 04:25:00,2005,6,5,4,ENGLEWOOD,HOMICIDE,HOMICIDE,YES,20-29,M,BLK,1,0,1
HL419306,2005-06-14 01:45:00,2005,6,3,1,ENGLEWOOD,HOMICIDE,HOMICIDE,YES,50-59,M,BLK,1,0,1
HL428005,2005-06-17 22:00:00,2005,6,6,22,ENGLEWOOD,HOMICIDE,HOMICIDE,NO,50-59,M,BLK,1,0,1
HL567137,2005-08-23 17:20:00,2005,8,3,17,ENGLEWOOD,HOMICIDE,HOMICIDE,YES,0-19,M,BLK,1,0,1
HL570008,2005-08-25 01:22:00,2005,8,5,1,ENGLEWOOD,HOMICIDE,HOMICIDE,YES,20-29,M,BLK,1,0,1
HL618925,2005-09-17 22:00:00,2005,9,7,22,ENGLEWOOD,HOMICIDE,HOMICIDE,YES,50-59,M,WHI,1,0,1
HL673823,2005-10-14 23:50:00,2005,10,6,23,ENGLEWOOD,HOMICIDE,HOMICIDE,YES,70-79,M,BLK,1,0,1
HL674332,2005-10-15 11:02:00,2005,10,7,11,ENGLEWOOD,HOMICIDE,HOMICIDE,YES,50-59,M,WHI,1,0,1
HL779301,2005-12-09 02:10:00,2005,12,6,2,ENGLEWOOD,HOMICIDE,HOMICIDE,YES,30-39,M,BLK,1,0,1
HL785857,2005-12-12 19:35:00,2005,12,2,19,ENGLEWOOD,HOMICIDE,HOMICIDE,YES,20-29,M,BLK,1,0,1
HL448493,2005-06-28 00:06:00,2005,6,3,0,FOREST GLEN,HOMICIDE,HOMICIDE,YES,20-29,M,WWH,1,0,1
HL509628,2005-07-26 04:15:00,2005,7,3,4,FULLER PARK,HOMICIDE,HOMICIDE,NO,50-59,F,BLK,1,0,1
HL237125,2005-03-16 03:20:00,2005,3,4,3,GAGE PARK,HOMICIDE,HOMICIDE,NO,30-39,M,WWH,1,0,1
HL274838,2005-04-04 23:55:00,2005,4,2,23,GAGE PARK,HOMICIDE,HOMICIDE,YES,20-29,M,WWH,1,0,1
HL283611,2005-04-09 01:16:00,2005,4,7,1,GAGE PARK,HOMICIDE,HOMICIDE,YES,0-19,M,WWH,1,0,1
HL385330,2005-05-28 23:00:00,2005,5,7,23,GAGE PARK,HOMICIDE,HOMICIDE,YES,50-59,M,WWH,1,0,1
HL484055,2005-07-14 18:31:00,2005,7,5,18,GAGE PARK,HOMICIDE,HOMICIDE,YES,20-29,M,WWH,1,0,1
HL486965,2005-07-16 00:48:00,2005,7,7,0,GAGE PARK,HOMICIDE,HOMICIDE,YES,0-19,M,BLK,1,0,1
HL511948,2005-07-27 20:25:00,2005,7,4,20,GAGE PARK,HOMICIDE,HOMICIDE,YES,0-19,M,WWH,1,0,1
HL520157,2005-07-31 21:15:00,2005,7,1,21,GAGE PARK,HOMICIDE,HOMICIDE,YES,20-29,M,BLK,1,0,1
HL624701,2005-09-20 18:30:00,2005,9,3,18,GAGE PARK,HOMICIDE,HOMICIDE,YES,20-29,M,WWH,1,0,1
HL669428,2005-10-12 20:22:00,2005,10,4,20,GAGE PARK,HOMICIDE,HOMICIDE,YES,0-19,M,WWH,1,0,1
HL326559,2005-04-30 02:48:00,2005,4,7,2,GARFIELD RIDGE,HOMICIDE,HOMICIDE,YES,0-19,M,BLK,1,0,1
HL355032,2005-05-13 22:50:00,2005,5,6,22,GARFIELD RIDGE,HOMICIDE,HOMICIDE,YES,0-19,M,BLK,1,0,1
HL389943,2005-05-31 13:29:00,2005,5,3,13,GARFIELD RIDGE,HOMICIDE,HOMICIDE,YES,30-39,M,BLK,1,0,1
HL534030,2005-08-07 14:23:00,2005,8,1,14,GARFIELD RIDGE,HOMICIDE,HOMICIDE,YES,20-29,M,BLK,1,0,1
HL194705,2005-02-22 04:00:00,2005,2,3,4,GRAND BOULEVARD,HOMICIDE,HOMICIDE,YES,20-29,M,BLK,1,0,1
HL326591,2005-04-30 03:20:00,2005,4,7,3,GRAND BOULEVARD,HOMICIDE,HOMICIDE,YES,0-19,F,BLK,1,0,1
HL355682,2005-05-14 09:42:00,2005,5,7,9,GRAND BOULEVARD,HOMICIDE,HOMICIDE,YES,40-49,M,BLK,1,0,1
HL577964,2005-08-29 02:58:00,2005,8,2,2,GRAND BOULEVARD,HOMICIDE,HOMICIDE,YES,50-59,M,BLK,1,0,1
HL808787,2005-12-25 09:55:00,2005,12,1,9,GRAND BOULEVARD,HOMICIDE,HOMICIDE,NO,30-39,F,BLK,1,0,1
HL101040,2005-01-01 13:15:00,2005,1,7,13,GREATER GRAND CROSSING,HOMICIDE,HOMICIDE,NO,30-39,F,BLK,1,0,1
HL211745,2005-03-02 20:26:00,2005,3,4,20,GREATER GRAND CROSSING,HOMICIDE,HOMICIDE,YES,70-79,M,BLK,1,0,1
HL237605,2005-03-16 11:58:00,2005,3,4,11,GREATER GRAND CROSSING,HOMICIDE,HOMICIDE,YES,0-19,M,BLK,1,0,1
HL260858,2005-03-28 21:30:00,2005,3,2,21,GREATER GRAND CROSSING,HOMICIDE,HOMICIDE,YES,0-19,M,BLK,1,0,1
HL281446,2005-04-08 01:05:00,2005,4,6,1,GREATER GRAND CROSSING,HOMICIDE,HOMICIDE,NO,50-59,M,BLK,1,0,1
HL286056,2005-04-10 09:30:00,2005,4,1,9,GREATER GRAND CROSSING,HOMICIDE,HOMICIDE,YES,40-49,M,BLK,1,0,1
HL361444,2005-05-16 23:00:00,2005,5,2,23,GREATER GRAND CROSSING,HOMICIDE,HOMICIDE,NO,30-39,F,BLK,1,0,1
HL461073,2005-07-04 00:50:00,2005,7,2,0,GREATER GRAND CROSSING,HOMICIDE,HOMICIDE,YES,0-19,M,BLK,1,0,1
HL475827,2005-07-11 02:01:00,2005,7,2,2,GREATER GRAND CROSSING,HOMICIDE,HOMICIDE,YES,30-39,M,BLK,1,0,1
HL475827,2005-07-11 02:01:00,2005,7,2,2,GREATER GRAND CROSSING,HOMICIDE,HOMICIDE,YES,20-29,M,BLK,1,0,1
HL475827,2005-07-11 02:01:00,2005,7,2,2,GREATER GRAND CROSSING,HOMICIDE,HOMICIDE,YES,30-39,M,BLK,1,0,1
HL478108,2005-07-12 03:35:00,2005,7,3,3,GREATER GRAND CROSSING,HOMICIDE,HOMICIDE,NO,20-29,F,BLK,1,0,1
HL503825,2005-07-23 22:40:00,2005,7,7,22,GREATER GRAND CROSSING,HOMICIDE,HOMICIDE,YES,30-39,M,BLK,1,0,1
HL505976,2005-07-25 03:35:00,2005,7,2,3,GREATER GRAND CROSSING,HOMICIDE,HOMICIDE,YES,20-29,M,BLK,1,0,1
HL580098,2005-08-30 00:09:00,2005,8,3,0,GREATER GRAND CROSSING,HOMICIDE,HOMICIDE,YES,30-39,M,BLK,1,0,1
HL651996,2005-10-04 02:20:00,2005,10,3,2,GREATER GRAND CROSSING,HOMICIDE,HOMICIDE,YES,20-29,M,BLK,1,0,1
HL660737,2005-10-08 11:07:00,2005,10,7,11,GREATER GRAND CROSSING,HOMICIDE,HOMICIDE,NO,20-29,F,BLK,1,0,1
HL668918,2005-10-12 15:49:00,2005,10,4,15,GREATER GRAND CROSSING,HOMICIDE,HOMICIDE,YES,0-19,M,BLK,1,0,1
HL781909,2005-12-10 14:56:00,2005,12,7,14,GREATER GRAND CROSSING,HOMICIDE,HOMICIDE,YES,20-29,M,BLK,1,0,1
HL793991,2005-12-17 01:01:00,2005,12,7,1,GREATER GRAND CROSSING,HOMICIDE,HOMICIDE,YES,30-39,F,BLK,1,0,1
HL808284,2005-12-24 21:20:00,2005,12,7,21,GREATER GRAND CROSSING,HOMICIDE,HOMICIDE,NO,70-79,M,WHI,1,0,1
HL194151,2005-02-21 16:43:00,2005,2,2,16,HEGEWISCH,HOMICIDE,HOMICIDE,NO,0-19,M,BLK,1,0,1
HL459447,2005-07-03 03:09:00,2005,7,1,3,HERMOSA,HOMICIDE,HOMICIDE,YES,0-19,M,WWH,1,0,1
HL555782,2005-08-18 00:05:00,2005,8,5,0,HERMOSA,HOMICIDE,HOMICIDE,YES,40-49,M,WWH,1,0,1
HL748925,2005-11-21 22:22:00,2005,11,2,22,HERMOSA,HOMICIDE,HOMICIDE,YES,0-19,M,WWH,1,0,1
HL269483,2005-04-02 01:43:00,2005,4,7,1,HUMBOLDT PARK,HOMICIDE,HOMICIDE,YES,20-29,M,BLK,1,0,1
HL297826,2005-04-15 23:05:00,2005,4,6,23,HUMBOLDT PARK,HOMICIDE,HOMICIDE,YES,0-19,M,BLK,1,0,1
HL387106,2005-05-29 23:48:00,2005,5,1,23,HUMBOLDT PARK,HOMICIDE,HOMICIDE,YES,30-39,M,BLK,1,0,1
HL428024,2005-06-18 03:00:00,2005,6,7,3,HUMBOLDT PARK,HOMICIDE,HOMICIDE,YES,20-29,M,WWH,1,0,1
HL472513,2005-07-08 21:30:00,2005,7,6,21,HUMBOLDT PARK,HOMICIDE,HOMICIDE,NO,40-49,M,BLK,1,0,1
HL482329,2005-07-13 23:36:00,2005,7,4,23,HUMBOLDT PARK,HOMICIDE,HOMICIDE,YES,20-29,M,WWH,1,0,1
HL505197,2005-07-24 17:33:00,2005,7,1,17,HUMBOLDT PARK,HOMICIDE,HOMICIDE,YES,50-59,M,BLK,1,0,1
HL520474,2005-08-01 01:20:00,2005,8,2,1,HUMBOLDT PARK,HOMICIDE,HOMICIDE,YES,0-19,M,BLK,1,0,1
HL553703,2005-08-01 20:00:00,2005,8,2,20,HUMBOLDT PARK,HOMICIDE,HOMICIDE,NO,40-49,M,BLK,1,0,1
HL545513,2005-08-13 05:56:00,2005,8,7,5,HUMBOLDT PARK,HOMICIDE,HOMICIDE,YES,20-29,M,WWH,1,0,1
HL663792,2005-10-10 00:25:00,2005,10,2,0,HUMBOLDT PARK,HOMICIDE,HOMICIDE,NO,20-29,M,BLK,1,0,1
HL673533,2005-10-14 20:45:00,2005,10,6,20,HUMBOLDT PARK,HOMICIDE,HOMICIDE,NO,60-69,M,BLK,1,0,1
HL739814,2005-11-16 23:42:00,2005,11,4,23,HUMBOLDT PARK,HOMICIDE,HOMICIDE,YES,20-29,M,WWH,1,0,1
HL219488,2005-03-06 22:05:00,2005,3,1,22,HYDE PARK,HOMICIDE,HOMICIDE,YES,20-29,M,BLK,1,0,1
HL361793,2005-05-17 14:55:00,2005,5,3,14,HYDE PARK,HOMICIDE,HOMICIDE,YES,20-29,M,BLK,1,0,1
HL438340,2005-06-23 02:55:00,2005,6,5,2,HYDE PARK,HOMICIDE,HOMICIDE,YES,0-19,M,BLK,1,0,1
HL373670,2005-05-23 11:40:00,2005,5,2,11,KENWOOD,HOMICIDE,HOMICIDE,YES,20-29,M,BLK,1,0,1
HL161178,2005-02-04 00:23:00,2005,2,6,0,LAKE VIEW,HOMICIDE,HOMICIDE,NO,60-69,M,I,1,0,1
HL437674,2005-06-22 19:00:00,2005,6,4,19,LAKE VIEW,HOMICIDE,HOMICIDE,YES,30-39,M,BLK,1,0,1
HL556087,2005-08-18 07:56:00,2005,8,5,7,LINCOLN PARK,HOMICIDE,HOMICIDE,NO,0-19,M,BLK,1,0,1
HL136954,2005-01-21 15:30:00,2005,1,6,15,LINCOLN SQUARE,HOMICIDE,HOMICIDE,NO,0-19,M,WWH,1,0,1
HL204876,2005-02-27 11:00:00,2005,2,1,11,LINCOLN SQUARE,HOMICIDE,HOMICIDE,NO,40-49,M,WHI,1,0,1
HL553242,2005-08-16 18:45:00,2005,8,3,18,LINCOLN SQUARE,HOMICIDE,HOMICIDE,YES,20-29,F,WHI,1,0,1
HL137637,2005-01-21 23:02:00,2005,1,6,23,LOGAN SQUARE,HOMICIDE,HOMICIDE,YES,20-29,M,WWH,1,0,1
HL155611,2005-02-01 06:10:00,2005,2,3,6,LOGAN SQUARE,HOMICIDE,HOMICIDE,NO,30-39,F,WWH,1,0,1
HL193120,2005-02-21 02:10:00,2005,2,2,2,LOGAN SQUARE,HOMICIDE,HOMICIDE,YES,20-29,M,BLK,1,0,1
HL357922,2005-05-15 15:25:00,2005,5,1,15,LOGAN SQUARE,HOMICIDE,HOMICIDE,YES,40-49,M,WWH,1,0,1
HL371794,2005-05-22 12:45:00,2005,5,1,12,LOGAN SQUARE,HOMICIDE,HOMICIDE,YES,0-19,M,BLK,1,0,1
HL374197,2005-05-23 15:45:00,2005,5,2,15,LOGAN SQUARE,HOMICIDE,HOMICIDE,YES,20-29,M,WWH,1,0,1
HL474009,2005-07-10 05:05:00,2005,7,1,5,LOGAN SQUARE,HOMICIDE,HOMICIDE,YES,40-49,M,WHI,1,0,1
HL531364,2005-08-06 03:30:00,2005,8,7,3,LOGAN SQUARE,HOMICIDE,HOMICIDE,YES,0-19,F,WWH,1,0,1
HL690996,2005-10-23 15:37:00,2005,10,1,15,LOGAN SQUARE,HOMICIDE,HOMICIDE,YES,30-39,M,WWH,1,0,1
HL444126,2005-06-25 21:40:00,2005,6,7,21,LOOP,HOMICIDE,HOMICIDE,YES,20-29,M,BLK,1,0,1
HL216294,2005-03-05 04:07:00,2005,3,7,4,LOWER WEST SIDE,HOMICIDE,HOMICIDE,YES,20-29,M,WWH,1,0,1
HL272007,2005-04-03 14:50:00,2005,4,1,14,LOWER WEST SIDE,HOMICIDE,HOMICIDE,YES,20-29,M,WHI,1,0,1
HL343872,2005-05-08 22:21:00,2005,5,1,22,LOWER WEST SIDE,HOMICIDE,HOMICIDE,YES,20-29,M,WHI,1,0,1
HL518742,2005-07-31 04:09:00,2005,7,1,4,LOWER WEST SIDE,HOMICIDE,HOMICIDE,YES,20-29,M,WWH,1,0,1
HL374524,2005-05-23 18:00:00,2005,5,2,18,MORGAN PARK,HOMICIDE,HOMICIDE,NO,40-49,F,WHI,1,0,1
HL290743,2005-04-12 15:41:00,2005,4,3,15,MOUNT GREENWOOD,HOMICIDE,HOMICIDE,YES,70-79,F,WHI,1,0,1
HL112637,2005-01-08 03:01:00,2005,1,7,3,NEAR NORTH SIDE,HOMICIDE,HOMICIDE,YES,30-39,M,BLK,1,0,1
HL112637,2005-01-08 03:01:00,2005,1,7,3,NEAR NORTH SIDE,HOMICIDE,HOMICIDE,YES,20-29,M,BLK,1,0,1
HL112637,2005-01-08 03:01:00,2005,1,7,3,NEAR NORTH SIDE,HOMICIDE,HOMICIDE,YES,20-29,M,BLK,1,0,1
HL112811,2005-01-08 08:05:00,2005,1,7,8,NEAR NORTH SIDE,HOMICIDE,HOMICIDE,YES,20-29,M,BLK,1,0,1
HL115841,2005-01-10 04:30:00,2005,1,2,4,NEAR NORTH SIDE,HOMICIDE,HOMICIDE,YES,40-49,M,BLK,1,0,1
HL174691,2005-02-11 20:05:00,2005,2,6,20,NEAR NORTH SIDE,HOMICIDE,HOMICIDE,YES,20-29,M,BLK,1,0,1
HL251078,2005-03-23 15:15:00,2005,3,4,15,NEAR NORTH SIDE,HOMICIDE,HOMICIDE,YES,20-29,M,BLK,1,0,1
HL347470,2005-05-10 14:44:00,2005,5,3,14,NEAR NORTH SIDE,HOMICIDE,HOMICIDE,NO,20-29,M,BLK,1,0,1
HL402293,2005-06-06 10:00:00,2005,6,2,10,NEAR NORTH SIDE,HOMICIDE,HOMICIDE,NO,60-69,F,BLK,1,0,1
HL462804,2005-07-04 23:07:00,2005,7,2,23,NEAR NORTH SIDE,HOMICIDE,HOMICIDE,YES,0-19,M,BLK,1,0,1
HL471299,2005-07-08 20:25:00,2005,7,6,20,NEAR NORTH SIDE,HOMICIDE,HOMICIDE,YES,20-29,M,BLK,1,0,1
HL547905,2005-08-14 01:29:00,2005,8,1,1,NEAR NORTH SIDE,HOMICIDE,HOMICIDE,YES,20-29,M,BLK,1,0,1
HL583649,2005-08-31 17:50:00,2005,8,4,17,NEAR NORTH SIDE,HOMICIDE,HOMICIDE,NO,0-19,M,BLK,1,0,1
HL285922,2005-04-10 05:55:00,2005,4,1,5,NEAR WEST SIDE,HOMICIDE,HOMICIDE,YES,20-29,M,BLK,1,0,1
HL304171,2005-04-19 03:17:00,2005,4,3,3,NEAR WEST SIDE,HOMICIDE,HOMICIDE,YES,0-19,M,BLK,1,0,1
HL342143,2005-05-07 23:16:00,2005,5,7,23,NEAR WEST SIDE,HOMICIDE,HOMICIDE,YES,40-49,M,BLK,1,0,1
HL471965,2005-07-09 03:40:00,2005,7,7,3,NEAR WEST SIDE,HOMICIDE,HOMICIDE,NO,20-29,M,WHI,1,0,1
HL473988,2005-07-10 03:41:00,2005,7,1,3,NEAR WEST SIDE,HOMICIDE,HOMICIDE,NO,20-29,M,BLK,1,0,1
HL502925,2005-07-23 13:09:00,2005,7,7,13,NEAR WEST SIDE,HOMICIDE,HOMICIDE,NO,30-39,F,BLK,1,0,1
HL547913,2005-08-14 01:50:00,2005,8,1,1,NEAR WEST SIDE,HOMICIDE,HOMICIDE,YES,20-29,M,BLK,1,0,1
HL697403,2005-10-26 18:15:00,2005,10,4,18,NEAR WEST SIDE,HOMICIDE,HOMICIDE,YES,20-29,M,BLK,1,0,1
HL164061,2005-02-05 13:10:00,2005,2,7,13,NEW CITY,HOMICIDE,HOMICIDE,YES,50-59,M,BLK,1,0,1
HL202732,2005-02-26 02:26:00,2005,2,7,2,NEW CITY,HOMICIDE,HOMICIDE,YES,20-29,M,BLK,1,0,1
HL344013,2005-05-08 23:39:00,2005,5,1,23,NEW CITY,HOMICIDE,HOMICIDE,YES,20-29,F,BLK,1,0,1
HL371164,2005-05-22 02:11:00,2005,5,1,2,NEW CITY,HOMICIDE,HOMICIDE,YES,20-29,M,BLK,1,0,1
HL399677,2005-06-05 01:13:00,2005,6,1,1,NEW CITY,HOMICIDE,HOMICIDE,YES,30-39,M,WWH,1,0,1
HL431811,2005-06-20 03:39:00,2005,6,2,3,NEW CITY,HOMICIDE,HOMICIDE,NO,50-59,M,BLK,1,0,1
HL449482,2005-06-28 12:40:00,2005,6,3,12,NEW CITY,HOMICIDE,HOMICIDE,YES,20-29,M,BLK,1,0,1
HL457433,2005-07-02 02:00:00,2005,7,7,2,NEW CITY,HOMICIDE,HOMICIDE,YES,20-29,M,BLK,1,0,1
HL490868,2005-07-17 22:51:00,2005,7,1,22,NEW CITY,HOMICIDE,HOMICIDE,YES,0-19,M,BLK,1,0,1
HL504078,2005-07-24 01:52:00,2005,7,1,1,NEW CITY,HOMICIDE,HOMICIDE,YES,20-29,M,WWH,1,0,1
HL548015,2005-08-14 02:50:00,2005,8,1,2,NEW CITY,HOMICIDE,HOMICIDE,YES,0-19,M,WWH,1,0,1
HL604727,2005-09-11 05:34:00,2005,9,1,5,NEW CITY,HOMICIDE,HOMICIDE,YES,20-29,M,BLK,1,0,1
HL643393,2005-09-29 18:30:00,2005,9,5,18,NEW CITY,HOMICIDE,HOMICIDE,YES,40-49,M,BLK,1,0,1
HL649255,2005-10-02 19:51:00,2005,10,1,19,NEW CITY,HOMICIDE,HOMICIDE,YES,30-39,M,BLK,1,0,1
HL764908,2005-12-01 05:15:00,2005,12,5,5,NEW CITY,HOMICIDE,HOMICIDE,NO,20-29,M,WWH,1,0,1
HL620067,2005-09-18 14:34:00,2005,9,1,14,NORTH CENTER,HOMICIDE,HOMICIDE,YES,20-29,M,WWH,1,0,1
HL217966,2005-03-06 01:15:00,2005,3,1,1,NORTH LAWNDALE,HOMICIDE,HOMICIDE,YES,20-29,M,BLK,1,0,1
HL229138,2005-03-11 19:30:00,2005,3,6,19,NORTH LAWNDALE,HOMICIDE,HOMICIDE,NO,80+,M,BLK,1,0,1
HL233101,2005-03-14 07:30:00,2005,3,2,7,NORTH LAWNDALE,HOMICIDE,HOMICIDE,NO,0-19,M,BLK,1,0,1
HL309280,2005-04-21 15:09:00,2005,4,5,15,NORTH LAWNDALE,HOMICIDE,HOMICIDE,YES,20-29,M,BLK,1,0,1
HL366246,2005-05-19 17:43:00,2005,5,5,17,NORTH LAWNDALE,HOMICIDE,HOMICIDE,YES,40-49,M,BLK,1,0,1
HL381649,2005-05-27 04:25:00,2005,5,6,4,NORTH LAWNDALE,HOMICIDE,HOMICIDE,NO,30-39,M,BLK,1,0,1
HL401744,2005-06-06 01:45:00,2005,6,2,1,NORTH LAWNDALE,HOMICIDE,HOMICIDE,YES,20-29,M,BLK,1,0,1
HL417280,2005-06-13 02:00:00,2005,6,2,2,NORTH LAWNDALE,HOMICIDE,HOMICIDE,NO,40-49,M,BLK,1,0,1
HL423605,2005-06-15 23:50:00,2005,6,4,23,NORTH LAWNDALE,HOMICIDE,HOMICIDE,YES,20-29,M,BLK,1,0,1
HL455331,2005-07-01 01:29:00,2005,7,6,1,NORTH LAWNDALE,HOMICIDE,HOMICIDE,YES,20-29,M,BLK,1,0,1
HL467443,2005-07-07 00:01:00,2005,7,5,0,NORTH LAWNDALE,HOMICIDE,HOMICIDE,YES,20-29,M,BLK,1,0,1
HL507106,2005-07-25 15:54:00,2005,7,2,15,NORTH LAWNDALE,HOMICIDE,HOMICIDE,YES,0-19,M,BLK,1,0,1
HL523463,2005-08-02 12:46:00,2005,8,3,12,NORTH LAWNDALE,HOMICIDE,HOMICIDE,YES,20-29,M,BLK,1,0,1
HL543326,2005-08-11 19:34:00,2005,8,5,19,NORTH LAWNDALE,HOMICIDE,HOMICIDE,NO,50-59,F,BLK,1,0,1
HL570015,2005-08-25 01:25:00,2005,8,5,1,NORTH LAWNDALE,HOMICIDE,HOMICIDE,YES,20-29,M,BLK,1,0,1
HL603657,2005-09-10 16:00:00,2005,9,7,16,NORTH LAWNDALE,HOMICIDE,HOMICIDE,YES,30-39,M,BLK,1,0,1
HL675535,2005-10-15 21:08:00,2005,10,7,21,NORTH LAWNDALE,HOMICIDE,HOMICIDE,YES,0-19,M,BLK,1,0,1
HL705809,2005-10-31 03:40:00,2005,10,2,3,NORTH LAWNDALE,HOMICIDE,HOMICIDE,YES,70-79,M,BLK,1,0,1
HL713868,2005-11-03 20:15:00,2005,11,5,20,NORTH LAWNDALE,HOMICIDE,HOMICIDE,YES,40-49,M,BLK,1,0,1
HL755239,2005-11-25 17:58:00,2005,11,6,17,NORTH LAWNDALE,HOMICIDE,HOMICIDE,YES,20-29,M,BLK,1,0,1
HL758463,2005-11-27 16:30:00,2005,11,1,16,NORTH LAWNDALE,HOMICIDE,HOMICIDE,YES,20-29,M,BLK,1,0,1
HL789094,2005-12-14 15:10:00,2005,12,4,15,NORTH LAWNDALE,HOMICIDE,HOMICIDE,YES,40-49,F,BLK,1,0,1
HL790041,2005-12-15 02:41:00,2005,12,5,2,NORTH LAWNDALE,HOMICIDE,HOMICIDE,YES,20-29,M,BLK,1,0,1
HL818377,2005-12-31 01:09:00,2005,12,7,1,NORTH LAWNDALE,HOMICIDE,HOMICIDE,YES,20-29,M,BLK,1,0,1
HL632941,2005-09-23 22:00:00,2005,9,6,22,OAKLAND,HOMICIDE,HOMICIDE,NO,70-79,F,BLK,1,0,1
HL739570,2005-11-16 20:25:00,2005,11,4,20,OAKLAND,HOMICIDE,HOMICIDE,YES,20-29,F,BLK,1,0,1
HL146245,2005-01-26 20:06:00,2005,1,4,20,PULLMAN,HOMICIDE,HOMICIDE,YES,20-29,F,BLK,1,0,1
HL177967,2005-02-12 19:45:00,2005,2,7,19,PULLMAN,HOMICIDE,HOMICIDE,YES,20-29,M,BLK,1,0,1
HL555724,2005-08-17 23:09:00,2005,8,4,23,PULLMAN,HOMICIDE,HOMICIDE,YES,0-19,M,BLK,1,0,1
HL732183,2005-11-13 00:15:00,2005,11,1,0,PULLMAN,HOMICIDE,HOMICIDE,YES,20-29,M,BLK,1,0,1
HL552519,2005-08-16 11:00:00,2005,8,3,11,RIVERDALE,HOMICIDE,HOMICIDE,NO,0-19,F,WWH,1,0,1
HL814909,2005-12-29 08:09:00,2005,12,5,8,RIVERDALE,HOMICIDE,HOMICIDE,YES,20-29,M,BLK,1,0,1
HL506662,2005-07-21 10:00:00,2005,7,5,10,ROGERS PARK,HOMICIDE,HOMICIDE,NO,70-79,M,WHI,1,0,1
HL531230,2005-08-06 01:30:00,2005,8,7,1,ROGERS PARK,HOMICIDE,HOMICIDE,YES,0-19,M,BLK,1,0,1
HL617532,2005-09-17 00:00:00,2005,9,7,0,ROGERS PARK,HOMICIDE,HOMICIDE,YES,20-29,M,BLK,1,0,1
HL669920,2005-10-13 03:24:00,2005,10,5,3,ROGERS PARK,HOMICIDE,HOMICIDE,NO,40-49,M,BLK,1,0,1
HL676625,2005-10-16 13:35:00,2005,10,1,13,ROGERS PARK,HOMICIDE,HOMICIDE,NO,60-69,F,WHI,1,0,1
HL719791,2005-11-06 19:02:00,2005,11,1,19,ROGERS PARK,HOMICIDE,HOMICIDE,NO,50-59,F,BLK,1,0,1
HL214391,2005-03-04 09:15:00,2005,3,6,9,ROSELAND,HOMICIDE,HOMICIDE,YES,40-49,M,BLK,1,0,1
HL240489,2005-03-17 19:25:00,2005,3,5,19,ROSELAND,HOMICIDE,HOMICIDE,YES,40-49,M,BLK,1,0,1
HL276984,2005-04-05 23:20:00,2005,4,3,23,ROSELAND,HOMICIDE,HOMICIDE,YES,20-29,M,BLK,1,0,1
HL411810,2005-06-10 16:51:00,2005,6,6,16,ROSELAND,HOMICIDE,HOMICIDE,YES,20-29,M,BLK,1,0,1
HL435664,2005-06-21 20:44:00,2005,6,3,20,ROSELAND,HOMICIDE,HOMICIDE,NO,0-19,M,BLK,1,0,1
HL480216,2005-07-13 00:35:00,2005,7,4,0,ROSELAND,HOMICIDE,HOMICIDE,YES,30-39,M,BLK,1,0,1
HL558049,2005-08-19 04:48:00,2005,8,6,4,ROSELAND,HOMICIDE,HOMICIDE,YES,20-29,M,BLK,1,0,1
HL619154,2005-09-18 01:13:00,2005,9,1,1,ROSELAND,HOMICIDE,HOMICIDE,YES,20-29,M,BLK,1,0,1
HL662516,2005-10-09 08:15:00,2005,10,1,8,ROSELAND,HOMICIDE,HOMICIDE,NO,30-39,M,BLK,1,0,1
HL733213,2005-11-13 15:45:00,2005,11,1,15,ROSELAND,HOMICIDE,HOMICIDE,YES,30-39,M,BLK,1,0,1
HL772875,2005-12-05 11:50:00,2005,12,2,11,ROSELAND,HOMICIDE,HOMICIDE,YES,30-39,M,BLK,1,0,1
HL255611,2005-03-26 00:10:00,2005,3,7,0,SOUTH CHICAGO,HOMICIDE,HOMICIDE,YES,30-39,M,BLK,1,0,1
HL264420,2005-03-30 16:48:00,2005,3,4,16,SOUTH CHICAGO,HOMICIDE,HOMICIDE,YES,0-19,M,WWH,1,0,1
HL370796,2005-05-21 21:46:00,2005,5,7,21,SOUTH CHICAGO,HOMICIDE,HOMICIDE,YES,0-19,M,BLK,1,0,1
HL429996,2005-06-19 02:55:00,2005,6,1,2,SOUTH CHICAGO,HOMICIDE,HOMICIDE,YES,20-29,M,BLK,1,0,1
HL435842,2005-06-21 22:32:00,2005,6,3,22,SOUTH CHICAGO,HOMICIDE,HOMICIDE,YES,20-29,M,BLK,1,0,1
HL795729,2005-12-18 00:30:00,2005,12,1,0,SOUTH CHICAGO,HOMICIDE,HOMICIDE,YES,20-29,M,BLK,1,0,1
HL107444,2005-01-05 04:07:00,2005,1,4,4,SOUTH DEERING,HOMICIDE,HOMICIDE,YES,20-29,M,WWH,1,0,1
HL157429,2005-02-02 03:17:00,2005,2,4,3,SOUTH DEERING,HOMICIDE,HOMICIDE,NO,50-59,F,WHI,1,0,1
HL159356,2005-02-03 01:32:00,2005,2,5,1,SOUTH DEERING,HOMICIDE,HOMICIDE,YES,0-19,M,BLK,1,0,1
HL352987,2005-05-12 23:44:00,2005,5,5,23,SOUTH DEERING,HOMICIDE,HOMICIDE,YES,20-29,M,BLK,1,0,1
HL446232,2005-06-27 00:02:00,2005,6,2,0,SOUTH DEERING,HOMICIDE,HOMICIDE,YES,20-29,M,BLK,1,0,1
HL669416,2005-10-12 20:15:00,2005,10,4,20,SOUTH DEERING,HOMICIDE,HOMICIDE,YES,20-29,M,BLK,1,0,1
HL170487,2005-02-08 22:36:00,2005,2,3,22,SOUTH LAWNDALE,HOMICIDE,HOMICIDE,YES,0-19,M,WWH,1,0,1
HL224566,2005-03-09 15:07:00,2005,3,4,15,SOUTH LAWNDALE,HOMICIDE,HOMICIDE,NO,0-19,M,WWH,1,0,1
HL270937,2005-04-02 21:50:00,2005,4,7,21,SOUTH LAWNDALE,HOMICIDE,HOMICIDE,YES,0-19,M,WWH,1,0,1
HL316923,2005-04-25 13:40:00,2005,4,2,13,SOUTH LAWNDALE,HOMICIDE,HOMICIDE,YES,0-19,M,WWH,1,0,1
HL334016,2005-05-04 01:41:00,2005,5,4,1,SOUTH LAWNDALE,HOMICIDE,HOMICIDE,YES,20-29,M,BLK,1,0,1
HL414688,2005-06-11 22:44:00,2005,6,7,22,SOUTH LAWNDALE,HOMICIDE,HOMICIDE,YES,20-29,M,WWH,1,0,1
HL453178,2005-06-30 02:00:00,2005,6,5,2,SOUTH LAWNDALE,HOMICIDE,HOMICIDE,YES,30-39,M,WWH,1,0,1
HL459194,2005-07-02 23:28:00,2005,7,7,23,SOUTH LAWNDALE,HOMICIDE,HOMICIDE,YES,20-29,M,WWH,1,0,1
HL508235,2005-07-26 01:40:00,2005,7,3,1,SOUTH LAWNDALE,HOMICIDE,HOMICIDE,NO,50-59,M,WWH,1,0,1
HL543835,2005-08-12 02:06:00,2005,8,6,2,SOUTH LAWNDALE,HOMICIDE,HOMICIDE,YES,0-19,M,WWH,1,0,1
HL617116,2005-09-16 23:15:00,2005,9,6,23,SOUTH LAWNDALE,HOMICIDE,HOMICIDE,YES,20-29,M,WHI,1,0,1
HL619201,2005-09-18 01:58:00,2005,9,1,1,SOUTH LAWNDALE,HOMICIDE,HOMICIDE,YES,0-19,M,WWH,1,0,1
HL106602,2005-01-04 16:39:00,2005,1,3,16,SOUTH SHORE,HOMICIDE,HOMICIDE,YES,20-29,M,BLK,1,0,1
HL230043,2005-03-12 11:00:00,2005,3,7,11,SOUTH SHORE,HOMICIDE,HOMICIDE,YES,50-59,F,BLK,1,0,1
HL230043,2005-03-12 11:00:00,2005,3,7,11,SOUTH SHORE,HOMICIDE,HOMICIDE,YES,20-29,M,BLK,1,0,1
HL240399,2005-03-17 18:25:00,2005,3,5,18,SOUTH SHORE,HOMICIDE,HOMICIDE,YES,20-29,M,BLK,1,0,1
HL287141,2005-04-10 21:02:00,2005,4,1,21,SOUTH SHORE,HOMICIDE,HOMICIDE,NO,30-39,F,BLK,1,0,1
HL302007,2005-04-18 04:15:00,2005,4,2,4,SOUTH SHORE,HOMICIDE,HOMICIDE,YES,40-49,M,BLK,1,0,1
HL314002,2005-04-23 20:30:00,2005,4,7,20,SOUTH SHORE,HOMICIDE,HOMICIDE,YES,30-39,M,BLK,1,0,1
HL315309,2005-04-24 16:37:00,2005,4,1,16,SOUTH SHORE,HOMICIDE,HOMICIDE,YES,30-39,M,BLK,1,0,1
HL403540,2005-06-06 20:35:00,2005,6,2,20,SOUTH SHORE,HOMICIDE,HOMICIDE,YES,20-29,M,BLK,1,0,1
HL451810,2005-06-16 04:58:00,2005,6,5,4,SOUTH SHORE,HOMICIDE,HOMICIDE,NO,50-59,F,BLK,1,0,1
HL442879,2005-06-25 09:46:00,2005,6,7,9,SOUTH SHORE,HOMICIDE,HOMICIDE,NO,20-29,F,BLK,1,0,1
HL520836,2005-08-01 09:05:00,2005,8,2,9,SOUTH SHORE,HOMICIDE,HOMICIDE,NO,50-59,M,BLK,1,0,1
HL551315,2005-08-15 19:56:00,2005,8,2,19,SOUTH SHORE,HOMICIDE,HOMICIDE,YES,0-19,M,BLK,1,0,1
HL566208,2005-08-23 10:36:00,2005,8,3,10,SOUTH SHORE,HOMICIDE,HOMICIDE,YES,40-49,F,BLK,1,0,1
HL577950,2005-08-28 23:38:00,2005,8,1,23,SOUTH SHORE,HOMICIDE,HOMICIDE,YES,50-59,M,BLK,1,0,1
HL584904,2005-09-01 11:00:00,2005,9,5,11,SOUTH SHORE,HOMICIDE,HOMICIDE,YES,30-39,F,BLK,1,0,1
HL604516,2005-09-11 01:10:00,2005,9,1,1,SOUTH SHORE,HOMICIDE,HOMICIDE,YES,20-29,M,BLK,1,0,1
HL648096,2005-10-02 03:35:00,2005,10,1,3,SOUTH SHORE,HOMICIDE,HOMICIDE,YES,20-29,M,BLK,1,0,1
HL661892,2005-10-08 21:45:00,2005,10,7,21,SOUTH SHORE,HOMICIDE,HOMICIDE,YES,20-29,M,BLK,1,0,1
HL743216,2005-11-18 18:30:00,2005,11,6,18,SOUTH SHORE,HOMICIDE,HOMICIDE,NO,60-69,M,BLK,1,0,1
HL744277,2005-11-19 11:45:00,2005,11,7,11,SOUTH SHORE,HOMICIDE,HOMICIDE,YES,60-69,M,BLK,1,0,1
HL793677,2005-12-16 21:04:00,2005,12,6,21,SOUTH SHORE,HOMICIDE,HOMICIDE,YES,20-29,M,BLK,1,0,1
HL795690,2005-12-18 00:06:00,2005,12,1,0,SOUTH SHORE,HOMICIDE,HOMICIDE,YES,20-29,M,BLK,1,0,1
HL177834,2005-02-12 17:58:00,2005,2,7,17,WASHINGTON HEIGHTS,HOMICIDE,HOMICIDE,NO,60-69,F,BLK,1,0,1
HL480379,2005-07-12 19:39:00,2005,7,3,19,WASHINGTON HEIGHTS,HOMICIDE,HOMICIDE,NO,60-69,M,BLK,1,0,1
HL655926,2005-10-05 18:20:00,2005,10,4,18,WASHINGTON HEIGHTS,HOMICIDE,HOMICIDE,NO,0-19,M,BLK,1,0,1
HL655808,2005-10-05 19:40:00,2005,10,4,19,WASHINGTON HEIGHTS,HOMICIDE,HOMICIDE,NO,30-39,M,BLK,1,0,1
HL803324,2005-12-22 09:52:00,2005,12,5,9,WASHINGTON HEIGHTS,HOMICIDE,HOMICIDE,NO,20-29,M,BLK,1,0,1
HL163871,2005-02-05 10:50:00,2005,2,7,10,WASHINGTON PARK,HOMICIDE,HOMICIDE,YES,20-29,M,BLK,1,0,1
HL223577,2005-03-09 00:10:00,2005,3,4,0,WASHINGTON PARK,HOMICIDE,HOMICIDE,YES,30-39,M,BLK,1,0,1
HL327978,2005-04-30 20:45:00,2005,4,7,20,WASHINGTON PARK,HOMICIDE,HOMICIDE,YES,0-19,M,BLK,1,0,1
HL502189,2005-07-23 02:50:00,2005,7,7,2,WASHINGTON PARK,HOMICIDE,HOMICIDE,YES,30-39,F,BLK,1,0,1
HL513573,2005-07-27 17:12:00,2005,7,4,17,WASHINGTON PARK,HOMICIDE,HOMICIDE,NO,50-59,F,BLK,1,0,1
HL569928,2005-08-24 23:35:00,2005,8,4,23,WASHINGTON PARK,HOMICIDE,HOMICIDE,YES,30-39,M,BLK,1,0,1
HL573472,2005-08-26 18:26:00,2005,8,6,18,WASHINGTON PARK,HOMICIDE,HOMICIDE,YES,0-19,M,BLK,1,0,1
HL583419,2005-08-31 16:35:00,2005,8,4,16,WASHINGTON PARK,HOMICIDE,HOMICIDE,YES,20-29,M,BLK,1,0,1
HL722490,2005-11-08 01:58:00,2005,11,3,1,WASHINGTON PARK,HOMICIDE,HOMICIDE,YES,20-29,M,BLK,1,0,1
HL729724,2005-11-11 18:30:00,2005,11,6,18,WASHINGTON PARK,HOMICIDE,HOMICIDE,YES,20-29,M,BLK,1,0,1
HL232905,2005-03-13 23:50:00,2005,3,1,23,WEST ELSDON,HOMICIDE,HOMICIDE,NO,50-59,M,WWH,1,0,1
HL157408,2005-02-02 02:34:00,2005,2,4,2,WEST ENGLEWOOD,HOMICIDE,HOMICIDE,YES,20-29,M,BLK,1,0,1
HL005121,2005-03-22 04:05:00,2005,3,3,4,WEST ENGLEWOOD,HOMICIDE,HOMICIDE,YES,30-39,M,BLK,1,0,1
HT377221,2005-04-12 14:50:00,2005,4,3,14,WEST ENGLEWOOD,HOMICIDE,HOMICIDE,NO,50-59,M,BLK,1,0,1
HL307618,2005-04-20 17:36:00,2005,4,4,17,WEST ENGLEWOOD,HOMICIDE,HOMICIDE,YES,0-19,M,BLK,1,0,1
HL387017,2005-05-29 22:35:00,2005,5,1,22,WEST ENGLEWOOD,HOMICIDE,HOMICIDE,YES,30-39,M,BLK,1,0,1
HL399092,2005-06-04 18:44:00,2005,6,7,18,WEST ENGLEWOOD,HOMICIDE,HOMICIDE,YES,0-19,M,BLK,1,0,1
HL410878,2005-06-10 09:30:00,2005,6,6,9,WEST ENGLEWOOD,HOMICIDE,HOMICIDE,YES,30-39,F,BLK,1,0,1
HL412555,2005-06-10 23:24:00,2005,6,6,23,WEST ENGLEWOOD,HOMICIDE,HOMICIDE,YES,30-39,M,BLK,1,0,1
HL433831,2005-06-21 00:40:00,2005,6,3,0,WEST ENGLEWOOD,HOMICIDE,HOMICIDE,YES,30-39,M,BLK,1,0,1
HL473746,2005-07-10 00:30:00,2005,7,1,0,WEST ENGLEWOOD,HOMICIDE,HOMICIDE,YES,20-29,M,WWH,1,0,1
HL501975,2005-07-23 00:38:00,2005,7,7,0,WEST ENGLEWOOD,HOMICIDE,HOMICIDE,YES,40-49,F,BLK,1,0,1
HL533210,2005-08-07 01:58:00,2005,8,1,1,WEST ENGLEWOOD,HOMICIDE,HOMICIDE,YES,20-29,M,BLK,1,0,1
HL543584,2005-08-11 21:49:00,2005,8,5,21,WEST ENGLEWOOD,HOMICIDE,HOMICIDE,NO,0-19,M,BLK,1,0,1
HL607066,2005-09-12 11:17:00,2005,9,2,11,WEST ENGLEWOOD,HOMICIDE,HOMICIDE,YES,20-29,M,BLK,1,0,1
HL628024,2005-09-22 09:23:00,2005,9,5,9,WEST ENGLEWOOD,HOMICIDE,HOMICIDE,NO,40-49,M,BLK,1,0,1
HL661296,2005-10-08 14:45:00,2005,10,7,14,WEST ENGLEWOOD,HOMICIDE,HOMICIDE,YES,30-39,F,BLK,1,0,1
HL710670,2005-11-02 09:50:00,2005,11,4,9,WEST ENGLEWOOD,HOMICIDE,HOMICIDE,NO,50-59,M,WWH,1,0,1
HL745472,2005-11-20 01:14:00,2005,11,1,1,WEST ENGLEWOOD,HOMICIDE,HOMICIDE,YES,20-29,M,BLK,1,0,1
HL753412,2005-11-24 08:00:00,2005,11,5,8,WEST ENGLEWOOD,HOMICIDE,HOMICIDE,YES,20-29,M,BLK,1,0,1
HL769630,2005-12-03 13:30:00,2005,12,7,13,WEST ENGLEWOOD,HOMICIDE,HOMICIDE,YES,20-29,M,BLK,1,0,1
HL284832,2005-04-09 17:05:00,2005,4,7,17,WEST GARFIELD PARK,HOMICIDE,HOMICIDE,NO,50-59,M,BLK,1,0,1
HL304106,2005-04-19 01:43:00,2005,4,3,1,WEST GARFIELD PARK,HOMICIDE,HOMICIDE,YES,20-29,M,BLK,1,0,1
HL357042,2005-05-15 00:18:00,2005,5,1,0,WEST GARFIELD PARK,HOMICIDE,HOMICIDE,YES,30-39,M,BLK,1,0,1
HL365683,2005-05-19 12:04:00,2005,5,5,12,WEST GARFIELD PARK,HOMICIDE,HOMICIDE,YES,0-19,M,BLK,1,0,1
HL392864,2005-06-01 17:05:00,2005,6,4,17,WEST GARFIELD PARK,HOMICIDE,HOMICIDE,NO,0-19,M,BLK,1,0,1
HL408380,2005-06-09 02:04:00,2005,6,5,2,WEST GARFIELD PARK,HOMICIDE,HOMICIDE,YES,20-29,M,BLK,1,0,1
HL444121,2005-06-25 22:52:00,2005,6,7,22,WEST GARFIELD PARK,HOMICIDE,HOMICIDE,YES,30-39,M,WWH,1,0,1
HL486600,2005-07-15 21:13:00,2005,7,6,21,WEST GARFIELD PARK,HOMICIDE,HOMICIDE,YES,20-29,M,BLK,1,0,1
HL489033,2005-07-16 23:57:00,2005,7,7,23,WEST GARFIELD PARK,HOMICIDE,HOMICIDE,YES,40-49,M,BLK,1,0,1
HL617450,2005-09-17 04:15:00,2005,9,7,4,WEST GARFIELD PARK,HOMICIDE,HOMICIDE,YES,0-19,M,BLK,1,0,1
HL673915,2005-10-15 01:02:00,2005,10,7,1,WEST GARFIELD PARK,HOMICIDE,HOMICIDE,YES,20-29,M,BLK,1,0,1
HL716112,2005-11-04 21:35:00,2005,11,6,21,WEST GARFIELD PARK,HOMICIDE,HOMICIDE,YES,0-19,M,BLK,1,0,1
HL768889,2005-12-03 01:36:00,2005,12,7,1,WEST GARFIELD PARK,HOMICIDE,HOMICIDE,YES,20-29,M,BLK,1,0,1
HL489874,2005-07-17 12:30:00,2005,7,1,12,WEST LAWN,HOMICIDE,HOMICIDE,YES,20-29,M,WWH,1,0,1
HL519786,2005-07-31 17:42:00,2005,7,1,17,WEST LAWN,HOMICIDE,HOMICIDE,YES,40-49,F,BLK,1,0,1
HL612170,2005-09-14 17:46:00,2005,9,4,17,WEST LAWN,HOMICIDE,HOMICIDE,YES,0-19,M,WHI,1,0,1
HL135476,2005-01-20 19:42:00,2005,1,5,19,WEST PULLMAN,HOMICIDE,HOMICIDE,YES,50-59,M,BLK,1,0,1
HL135476,2005-01-20 19:42:00,2005,1,5,19,WEST PULLMAN,HOMICIDE,HOMICIDE,YES,30-39,M,BLK,1,0,1
HL235190,2005-03-15 08:00:00,2005,3,3,8,WEST PULLMAN,HOMICIDE,HOMICIDE,YES,0-19,M,BLK,1,0,1
HL328506,2005-05-01 04:38:00,2005,5,1,4,WEST PULLMAN,HOMICIDE,HOMICIDE,NO,50-59,F,BLK,1,0,1
HL329932,2005-05-02 01:35:00,2005,5,2,1,WEST PULLMAN,HOMICIDE,HOMICIDE,YES,50-59,M,BLK,1,0,1
HL353127,2005-05-13 02:27:00,2005,5,6,2,WEST PULLMAN,HOMICIDE,HOMICIDE,YES,30-39,M,BLK,1,0,1
HL371197,2005-05-22 02:42:00,2005,5,1,2,WEST PULLMAN,HOMICIDE,HOMICIDE,YES,20-29,M,BLK,1,0,1
HL390333,2005-05-31 16:33:00,2005,5,3,16,WEST PULLMAN,HOMICIDE,HOMICIDE,YES,20-29,M,BLK,1,0,1
HL407939,2005-06-08 20:30:00,2005,6,4,20,WEST PULLMAN,HOMICIDE,HOMICIDE,YES,0-19,M,BLK,1,0,1
HL444505,2005-06-26 02:55:00,2005,6,1,2,WEST PULLMAN,HOMICIDE,HOMICIDE,YES,20-29,M,BLK,1,0,1
HL487149,2005-07-16 02:50:00,2005,7,7,2,WEST PULLMAN,HOMICIDE,HOMICIDE,YES,20-29,M,BLK,1,0,1
HL497705,2005-07-21 00:23:00,2005,7,5,0,WEST PULLMAN,HOMICIDE,HOMICIDE,YES,20-29,M,BLK,1,0,1
HL508408,2005-07-26 06:39:00,2005,7,3,6,WEST PULLMAN,HOMICIDE,HOMICIDE,YES,30-39,M,BLK,1,0,1
HL516142,2005-07-29 20:30:00,2005,7,6,20,WEST PULLMAN,HOMICIDE,HOMICIDE,YES,0-19,M,BLK,1,0,1
HL586089,2005-09-01 21:11:00,2005,9,5,21,WEST PULLMAN,HOMICIDE,HOMICIDE,NO,20-29,M,BLK,1,0,1
HL671524,2005-10-13 20:20:00,2005,10,5,20,WEST PULLMAN,HOMICIDE,HOMICIDE,YES,30-39,M,BLK,1,0,1
HL679672,2005-10-17 23:59:00,2005,10,2,23,WEST PULLMAN,HOMICIDE,HOMICIDE,YES,30-39,M,BLK,1,0,1
HL785831,2005-12-12 18:32:00,2005,12,2,18,WEST PULLMAN,HOMICIDE,HOMICIDE,NO,0-19,M,BLK,1,0,1
HL388719,2005-05-30 21:05:00,2005,5,2,21,WEST RIDGE,HOMICIDE,HOMICIDE,NO,30-39,M,WHI,1,0,1
HL519202,2005-07-31 11:33:00,2005,7,1,11,WEST RIDGE,HOMICIDE,HOMICIDE,NO,60-69,F,WHI,1,0,1
HL546027,2005-08-13 02:23:00,2005,8,7,2,WEST TOWN,HOMICIDE,HOMICIDE,YES,20-29,M,WWH,1,0,1
HL622853,2005-09-19 20:22:00,2005,9,2,20,WEST TOWN,HOMICIDE,HOMICIDE,YES,0-19,M,WWH,1,0,1
HL691276,2005-10-23 18:00:00,2005,10,1,18,WEST TOWN,HOMICIDE,HOMICIDE,YES,20-29,M,WWH,1,0,1
HL763917,2005-11-30 15:35:00,2005,11,4,15,WEST TOWN,HOMICIDE,HOMICIDE,YES,30-39,M,WWH,1,0,1
HL166361,2005-02-06 18:00:00,2005,2,1,18,WOODLAWN,HOMICIDE,HOMICIDE,NO,50-59,F,BLK,1,0,1
HL215932,2005-03-04 22:30:00,2005,3,6,22,WOODLAWN,HOMICIDE,HOMICIDE,YES,0-19,M,BLK,1,0,1
HL295945,2005-04-15 01:40:00,2005,4,6,1,WOODLAWN,HOMICIDE,HOMICIDE,YES,20-29,M,BLK,1,0,1
HL396393,2005-06-03 12:46:00,2005,6,6,12,WOODLAWN,HOMICIDE,HOMICIDE,NO,0-19,F,BLK,1,0,1
HL529238,2005-08-05 03:45:00,2005,8,6,3,WOODLAWN,HOMICIDE,HOMICIDE,YES,30-39,M,BLK,1,0,1
HL683729,2005-10-19 21:59:00,2005,10,4,21,WOODLAWN,HOMICIDE,HOMICIDE,YES,20-29,M,BLK,1,0,1
HL722261,2005-11-08 01:15:00,2005,11,3,1,WOODLAWN,HOMICIDE,HOMICIDE,YES,80+,F,BLK,1,0,1
HM278309,2006-04-08 00:12:00,2006,4,7,0,ARMOUR SQUARE,HOMICIDE,HOMICIDE,YES,20-29,F,BLK,1,0,1
HM210470,2006-03-02 23:55:00,2006,3,5,23,AUBURN GRESHAM,HOMICIDE,HOMICIDE,YES,20-29,M,BLK,1,0,1
HM215810,2006-03-06 02:20:00,2006,3,2,2,AUBURN GRESHAM,HOMICIDE,HOMICIDE,YES,30-39,F,BLK,1,0,1
HM291758,2006-04-15 02:06:00,2006,4,7,2,AUBURN GRESHAM,HOMICIDE,HOMICIDE,YES,20-29,F,BLK,1,0,1
HM377527,2006-05-27 21:00:00,2006,5,7,21,AUBURN GRESHAM,HOMICIDE,HOMICIDE,NO,80+,M,BLK,1,0,1
HM383582,2006-05-30 21:19:00,2006,5,3,21,AUBURN GRESHAM,HOMICIDE,HOMICIDE,YES,0-19,M,BLK,1,0,1
HM419129,2006-06-17 01:25:00,2006,6,7,1,AUBURN GRESHAM,HOMICIDE,HOMICIDE,YES,30-39,M,BLK,1,0,1
HM435683,2006-06-25 05:46:00,2006,6,1,5,AUBURN GRESHAM,HOMICIDE,HOMICIDE,YES,20-29,M,BLK,1,0,1
HM447181,2006-06-30 22:50:00,2006,6,6,22,AUBURN GRESHAM,HOMICIDE,HOMICIDE,YES,0-19,M,BLK,1,0,1
HM474070,2006-07-13 23:36:00,2006,7,5,23,AUBURN GRESHAM,HOMICIDE,HOMICIDE,YES,30-39,M,BLK,1,0,1
HM503614,2006-07-27 21:23:00,2006,7,5,21,AUBURN GRESHAM,HOMICIDE,HOMICIDE,YES,20-29,M,BLK,1,0,1
HM521205,2006-08-05 10:30:00,2006,8,7,10,AUBURN GRESHAM,HOMICIDE,HOMICIDE,YES,30-39,M,BLK,1,0,1
HM530961,2006-08-10 03:15:00,2006,8,5,3,AUBURN GRESHAM,HOMICIDE,HOMICIDE,YES,30-39,M,BLK,1,0,1
HM588093,2006-09-07 23:27:00,2006,9,5,23,AUBURN GRESHAM,HOMICIDE,HOMICIDE,YES,20-29,M,BLK,1,0,1
HM636970,2006-10-03 05:39:00,2006,10,3,5,AUBURN GRESHAM,HOMICIDE,HOMICIDE,NO,30-39,M,BLK,1,0,1
HM646109,2006-10-07 13:58:00,2006,10,7,13,AUBURN GRESHAM,HOMICIDE,HOMICIDE,NO,50-59,M,BLK,1,0,1
HM646109,2006-10-07 13:58:00,2006,10,7,13,AUBURN GRESHAM,HOMICIDE,HOMICIDE,NO,50-59,F,BLK,1,0,1
HM646109,2006-10-07 13:58:00,2006,10,7,13,AUBURN GRESHAM,HOMICIDE,HOMICIDE,NO,80+,F,BLK,1,0,1
HM670885,2006-10-20 06:39:00,2006,10,6,6,AUBURN GRESHAM,HOMICIDE,HOMICIDE,NO,60-69,M,BLK,1,0,1
HM128066,2006-01-16 21:05:00,2006,1,2,21,AUSTIN,HOMICIDE,HOMICIDE,YES,0-19,M,BLK,1,0,1
HM181922,2006-02-15 02:30:00,2006,2,4,2,AUSTIN,HOMICIDE,HOMICIDE,NO,0-19,M,BLK,1,0,1
HM225094,2006-03-10 21:48:00,2006,3,6,21,AUSTIN,HOMICIDE,HOMICIDE,YES,30-39,M,BLK,1,0,1
HM248030,2006-03-23 11:37:00,2006,3,5,11,AUSTIN,HOMICIDE,HOMICIDE,YES,50-59,M,BLK,1,0,1
HM305086,2006-04-21 21:59:00,2006,4,6,21,AUSTIN,HOMICIDE,HOMICIDE,YES,20-29,M,BLK,1,0,1
HM314690,2006-04-26 20:57:00,2006,4,4,20,AUSTIN,HOMICIDE,HOMICIDE,YES,0-19,M,BLK,1,0,1
HM318796,2006-04-28 20:31:00,2006,4,6,20,AUSTIN,HOMICIDE,HOMICIDE,YES,30-39,M,WHI,1,0,1
HM328702,2006-05-03 21:15:00,2006,5,4,21,AUSTIN,HOMICIDE,HOMICIDE,YES,0-19,M,BLK,1,0,1
HM338193,2006-05-08 17:35:00,2006,5,2,17,AUSTIN,HOMICIDE,HOMICIDE,NO,20-29,M,BLK,1,0,1
HM363498,2006-05-21 01:20:00,2006,5,1,1,AUSTIN,HOMICIDE,HOMICIDE,YES,20-29,M,BLK,1,0,1
HM375738,2006-05-27 00:32:00,2006,5,7,0,AUSTIN,HOMICIDE,HOMICIDE,YES,20-29,M,BLK,1,0,1
HM406698,2006-06-11 01:23:00,2006,6,1,1,AUSTIN,HOMICIDE,HOMICIDE,YES,0-19,F,BLK,1,0,1
HM421271,2006-06-18 04:00:00,2006,6,1,4,AUSTIN,HOMICIDE,HOMICIDE,YES,20-29,M,BLK,1,0,1
HM425187,2006-06-20 03:20:00,2006,6,3,3,AUSTIN,HOMICIDE,HOMICIDE,YES,30-39,M,BLK,1,0,1
HM489058,2006-07-21 04:48:00,2006,7,6,4,AUSTIN,HOMICIDE,HOMICIDE,NO,20-29,F,BLK,1,0,1
HM516374,2006-08-03 16:16:00,2006,8,5,16,AUSTIN,HOMICIDE,HOMICIDE,NO,30-39,M,BLK,1,0,1
HM520797,2006-08-05 03:10:00,2006,8,7,3,AUSTIN,HOMICIDE,HOMICIDE,YES,20-29,M,BLK,1,0,1
HM535221,2006-08-12 04:23:00,2006,8,7,4,AUSTIN,HOMICIDE,HOMICIDE,YES,30-39,M,BLK,1,0,1
HM538466,2006-08-13 20:40:00,2006,8,1,20,AUSTIN,HOMICIDE,HOMICIDE,YES,0-19,M,BLK,1,0,1
HM556226,2006-08-22 19:43:00,2006,8,3,19,AUSTIN,HOMICIDE,HOMICIDE,YES,20-29,M,WWH,1,0,1
HM580342,2006-09-04 01:15:00,2006,9,2,1,AUSTIN,HOMICIDE,HOMICIDE,YES,20-29,M,BLK,1,0,1
HM606065,2006-09-17 01:31:00,2006,9,1,1,AUSTIN,HOMICIDE,HOMICIDE,YES,20-29,M,BLK,1,0,1
HM610400,2006-09-19 17:39:00,2006,9,3,17,AUSTIN,HOMICIDE,HOMICIDE,NO,40-49,F,BLK,1,0,1
HM632719,2006-09-30 19:50:00,2006,9,7,19,AUSTIN,HOMICIDE,HOMICIDE,YES,20-29,M,BLK,1,0,1
HM655073,2006-10-12 02:38:00,2006,10,5,2,AUSTIN,HOMICIDE,HOMICIDE,NO,30-39,F,BLK,1,0,1
HM660957,2006-10-15 04:43:00,2006,10,1,4,AUSTIN,HOMICIDE,HOMICIDE,NO,30-39,M,WHI,1,0,1
HM692563,2006-10-31 09:15:00,2006,10,3,9,AUSTIN,HOMICIDE,HOMICIDE,NO,40-49,M,BLK,1,0,1
HM699715,2006-11-03 18:28:00,2006,11,6,18,AUSTIN,HOMICIDE,HOMICIDE,YES,20-29,M,BLK,1,0,1
HM701848,2006-11-04 22:10:00,2006,11,7,22,AUSTIN,HOMICIDE,HOMICIDE,YES,30-39,M,BLK,1,0,1
HM714629,2006-11-11 13:17:00,2006,11,7,13,AUSTIN,HOMICIDE,HOMICIDE,YES,0-19,M,BLK,1,0,1
HM735816,2006-11-22 22:28:00,2006,11,4,22,AUSTIN,HOMICIDE,HOMICIDE,YES,20-29,M,BLK,1,0,1
HM758357,2006-12-05 21:00:00,2006,12,3,21,AUSTIN,HOMICIDE,HOMICIDE,YES,30-39,M,BLK,1,0,1
HM778183,2006-12-16 17:13:00,2006,12,7,17,AUSTIN,HOMICIDE,HOMICIDE,YES,0-19,M,BLK,1,0,1
HM385761,2006-05-31 21:26:00,2006,5,4,21,AVALON PARK,HOMICIDE,HOMICIDE,YES,30-39,M,BLK,1,0,1
HM530214,2006-08-09 18:30:00,2006,8,4,18,AVALON PARK,HOMICIDE,HOMICIDE,YES,20-29,M,BLK,1,0,1
HM754843,2006-12-03 20:36:00,2006,12,1,20,AVALON PARK,HOMICIDE,HOMICIDE,YES,20-29,M,BLK,1,0,1
HM792963,2006-12-24 23:00:00,2006,12,1,23,AVALON PARK,HOMICIDE,HOMICIDE,YES,20-29,M,BLK,1,0,1
HM392624,2006-06-04 08:03:00,2006,6,1,8,AVONDALE,HOMICIDE,HOMICIDE,YES,40-49,M,WHI,1,0,1
HM404411,2006-06-09 22:29:00,2006,6,6,22,AVONDALE,HOMICIDE,HOMICIDE,YES,0-19,M,WWH,1,0,1
HM422694,2006-06-18 22:15:00,2006,6,1,22,AVONDALE,HOMICIDE,HOMICIDE,YES,20-29,M,WWH,1,0,1
HM461626,2006-07-08 00:14:00,2006,7,7,0,AVONDALE,HOMICIDE,HOMICIDE,YES,0-19,M,BLK,1,0,1
HM509861,2006-07-30 00:02:00,2006,7,1,0,AVONDALE,HOMICIDE,HOMICIDE,NO,50-59,M,WHI,1,0,1
HM728245,2006-11-18 19:43:00,2006,11,7,19,AVONDALE,HOMICIDE,HOMICIDE,YES,20-29,M,WWH,1,0,1
HM740617,2006-11-26 01:53:00,2006,11,1,1,AVONDALE,HOMICIDE,HOMICIDE,YES,20-29,M,WWH,1,0,1
HM794055,2006-12-26 04:22:00,2006,12,3,4,AVONDALE,HOMICIDE,HOMICIDE,YES,20-29,M,WWH,1,0,1
HM204945,2006-02-28 01:36:00,2006,2,3,1,BELMONT CRAGIN,HOMICIDE,HOMICIDE,YES,20-29,M,WWH,1,0,1
HM461590,2006-07-07 23:53:00,2006,7,6,23,BELMONT CRAGIN,HOMICIDE,HOMICIDE,YES,0-19,M,WWH,1,0,1
HM506248,2006-07-29 04:34:00,2006,7,7,4,BELMONT CRAGIN,HOMICIDE,HOMICIDE,NO,20-29,M,WHI,1,0,1
HM615727,2006-09-22 04:44:00,2006,9,6,4,BELMONT CRAGIN,HOMICIDE,HOMICIDE,NO,20-29,F,WWH,1,0,1
HM658697,2006-10-13 23:10:00,2006,10,6,23,BELMONT CRAGIN,HOMICIDE,HOMICIDE,YES,20-29,M,WWH,1,0,1
HM217519,2006-03-06 23:54:00,2006,3,2,23,BRIDGEPORT,HOMICIDE,HOMICIDE,YES,40-49,M,WWH,1,0,1
HM546832,2006-08-18 00:49:00,2006,8,6,0,BRIDGEPORT,HOMICIDE,HOMICIDE,YES,0-19,M,WWH,1,0,1
HM606144,2006-09-17 02:34:00,2006,9,1,2,BRIDGEPORT,HOMICIDE,HOMICIDE,YES,20-29,M,WWH,1,0,1
HM199438,2006-02-24 21:36:00,2006,2,6,21,BRIGHTON PARK,HOMICIDE,HOMICIDE,YES,0-19,M,WWH,1,0,1
HM240394,2006-03-18 22:56:00,2006,3,7,22,BRIGHTON PARK,HOMICIDE,HOMICIDE,YES,20-29,M,WWH,1,0,1
HM307550,2006-04-23 03:30:00,2006,4,1,3,BRIGHTON PARK,HOMICIDE,HOMICIDE,NO,20-29,F,WWH,1,0,1
HM363518,2006-05-21 01:54:00,2006,5,1,1,BRIGHTON PARK,HOMICIDE,HOMICIDE,YES,30-39,M,WWH,1,0,1
HM469541,2006-07-11 20:03:00,2006,7,3,20,BRIGHTON PARK,HOMICIDE,HOMICIDE,YES,0-19,M,WWH,1,0,1
HM482320,2006-07-17 23:20:00,2006,7,2,23,BRIGHTON PARK,HOMICIDE,HOMICIDE,YES,20-29,M,WWH,1,0,1
HM722404,2006-11-15 17:42:00,2006,11,4,17,BRIGHTON PARK,HOMICIDE,HOMICIDE,YES,0-19,M,WWH,1,0,1
HM225324,2006-03-10 23:51:00,2006,3,6,23,CALUMET HEIGHTS,HOMICIDE,HOMICIDE,YES,20-29,M,BLK,1,0,1
HM728478,2006-11-18 22:13:00,2006,11,7,22,CALUMET HEIGHTS,HOMICIDE,HOMICIDE,YES,20-29,M,BLK,1,0,1
HM728478,2006-11-18 22:13:00,2006,11,7,22,CALUMET HEIGHTS,HOMICIDE,HOMICIDE,YES,30-39,M,BLK,1,0,1
HM739631,2006-11-25 14:10:00,2006,11,7,14,CALUMET HEIGHTS,HOMICIDE,HOMICIDE,NO,20-29,M,BLK,1,0,1
HM289720,2006-04-14 01:14:00,2006,4,6,1,CHATHAM,HOMICIDE,HOMICIDE,YES,0-19,M,BLK,1,0,1
HM390504,2006-06-03 03:33:00,2006,6,7,3,CHATHAM,HOMICIDE,HOMICIDE,YES,40-49,M,BLK,1,0,1
HM400931,2006-06-08 09:52:00,2006,6,5,9,CHATHAM,HOMICIDE,HOMICIDE,YES,0-19,M,BLK,1,0,1
HM443007,2006-06-28 20:20:00,2006,6,4,20,CHATHAM,HOMICIDE,HOMICIDE,YES,20-29,M,BLK,1,0,1
HM443007,2006-06-28 20:20:00,2006,6,4,20,CHATHAM,HOMICIDE,HOMICIDE,YES,20-29,M,BLK,1,0,1
HM505519,2006-07-28 20:00:00,2006,7,6,20,CHATHAM,HOMICIDE,HOMICIDE,YES,0-19,M,BLK,1,0,1
HM530895,2006-08-10 01:45:00,2006,8,5,1,CHATHAM,HOMICIDE,HOMICIDE,YES,30-39,M,BLK,1,0,1
HM578718,2006-09-03 02:55:00,2006,9,1,2,CHATHAM,HOMICIDE,HOMICIDE,YES,20-29,M,BLK,1,0,1
HM605506,2006-09-16 19:06:00,2006,9,7,19,CHATHAM,HOMICIDE,HOMICIDE,YES,0-19,M,BLK,1,0,1
HM608905,2006-09-18 18:44:00,2006,9,2,18,CHATHAM,HOMICIDE,HOMICIDE,YES,0-19,M,BLK,1,0,1
HM773041,2006-12-14 01:15:00,2006,12,5,1,CHATHAM,HOMICIDE,HOMICIDE,YES,0-19,M,BLK,1,0,1
HM791643,2006-12-23 22:40:00,2006,12,7,22,CHATHAM,HOMICIDE,HOMICIDE,YES,30-39,M,BLK,1,0,1
HM231046,2006-03-14 06:49:00,2006,3,3,6,CHICAGO LAWN,HOMICIDE,HOMICIDE,NO,30-39,M,WHI,1,0,1
HM278470,2006-04-08 02:04:00,2006,4,7,2,CHICAGO LAWN,HOMICIDE,HOMICIDE,YES,0-19,M,WHI,1,0,1
HM341097,2006-05-10 01:21:00,2006,5,4,1,CHICAGO LAWN,HOMICIDE,HOMICIDE,YES,20-29,M,BLK,1,0,1
HM353304,2006-05-16 01:04:00,2006,5,3,1,CHICAGO LAWN,HOMICIDE,HOMICIDE,YES,30-39,M,WWH,1,0,1
HM368219,2006-05-23 16:15:00,2006,5,3,16,CHICAGO LAWN,HOMICIDE,HOMICIDE,YES,30-39,M,BLK,1,0,1
HM413597,2006-06-14 14:07:00,2006,6,4,14,CHICAGO LAWN,HOMICIDE,HOMICIDE,YES,0-19,M,WWH,1,0,1
HM478600,2006-07-16 04:37:00,2006,7,1,4,CHICAGO LAWN,HOMICIDE,HOMICIDE,YES,0-19,M,WWH,1,0,1
HM557224,2006-08-23 11:00:00,2006,8,4,11,CHICAGO LAWN,HOMICIDE,HOMICIDE,YES,20-29,M,BLK,1,0,1
HM586279,2006-09-07 02:46:00,2006,9,5,2,CHICAGO LAWN,HOMICIDE,HOMICIDE,YES,30-39,M,BLK,1,0,1
HM622918,2006-09-25 23:35:00,2006,9,2,23,CHICAGO LAWN,HOMICIDE,HOMICIDE,YES,20-29,M,BLK,1,0,1
HM737012,2006-11-23 21:03:00,2006,11,5,21,CHICAGO LAWN,HOMICIDE,HOMICIDE,NO,0-19,F,BLK,1,0,1
HM749904,2006-11-30 18:49:00,2006,11,5,18,CHICAGO LAWN,HOMICIDE,HOMICIDE,YES,0-19,M,WWH,1,0,1
HM791984,2006-12-24 05:18:00,2006,12,1,5,CHICAGO LAWN,HOMICIDE,HOMICIDE,YES,20-29,M,WHI,1,0,1
HM799233,2006-12-29 03:17:00,2006,12,6,3,CHICAGO LAWN,HOMICIDE,HOMICIDE,YES,20-29,M,BLK,1,0,1
HM763502,2006-12-08 20:00:00,2006,12,6,20,CLEARING,HOMICIDE,HOMICIDE,NO,20-29,F,WHI,1,0,1
HM491172,2006-07-22 00:51:00,2006,7,7,0,DOUGLAS,HOMICIDE,HOMICIDE,NO,30-39,M,BLK,1,0,1
HM733200,2006-11-21 15:45:00,2006,11,3,15,DOUGLAS,HOMICIDE,HOMICIDE,YES,20-29,M,BLK,1,0,1
HM176257,2006-02-11 18:30:00,2006,2,7,18,EAST GARFIELD PARK,HOMICIDE,HOMICIDE,YES,20-29,M,BLK,1,0,1
HM195909,2006-02-23 01:37:00,2006,2,5,1,EAST GARFIELD PARK,HOMICIDE,HOMICIDE,YES,30-39,F,BLK,1,0,1
HM308049,2006-04-23 13:00:00,2006,4,1,13,EAST GARFIELD PARK,HOMICIDE,HOMICIDE,YES,20-29,M,BLK,1,0,1
HM359515,2006-05-18 23:52:00,2006,5,5,23,EAST GARFIELD PARK,HOMICIDE,HOMICIDE,YES,0-19,F,WWH,1,0,1
HM363600,2006-05-21 02:40:00,2006,5,1,2,EAST GARFIELD PARK,HOMICIDE,HOMICIDE,YES,30-39,M,BLK,1,0,1
HM381165,2006-05-29 21:18:00,2006,5,2,21,EAST GARFIELD PARK,HOMICIDE,HOMICIDE,YES,20-29,M,BLK,1,0,1
HM435696,2006-06-25 04:20:00,2006,6,1,4,EAST GARFIELD PARK,HOMICIDE,HOMICIDE,NO,40-49,M,BLK,1,0,1
HM441456,2006-06-28 02:45:00,2006,6,4,2,EAST GARFIELD PARK,HOMICIDE,HOMICIDE,YES,60-69,M,BLK,1,0,1
HM467149,2006-07-10 18:25:00,2006,7,2,18,EAST GARFIELD PARK,HOMICIDE,HOMICIDE,YES,20-29,F,BLK,1,0,1
HM599100,2006-09-13 16:18:00,2006,9,4,16,EAST GARFIELD PARK,HOMICIDE,HOMICIDE,NO,0-19,F,BLK,1,0,1
HM619620,2006-09-24 03:04:00,2006,9,1,3,EAST GARFIELD PARK,HOMICIDE,HOMICIDE,NO,30-39,F,WHI,1,0,1
HM711625,2006-11-09 22:08:00,2006,11,5,22,EAST GARFIELD PARK,HOMICIDE,HOMICIDE,YES,20-29,M,BLK,1,0,1
HM711700,2006-11-10 00:28:00,2006,11,6,0,EAST GARFIELD PARK,HOMICIDE,HOMICIDE,YES,30-39,M,BLK,1,0,1
HM187446,2006-02-18 01:55:00,2006,2,7,1,EAST SIDE,HOMICIDE,HOMICIDE,YES,20-29,M,WWH,1,0,1
HM250985,2006-03-24 19:27:00,2006,3,6,19,EAST SIDE,HOMICIDE,HOMICIDE,YES,20-29,M,WHI,1,0,1
HM638738,2006-10-03 21:46:00,2006,10,3,21,EAST SIDE,HOMICIDE,HOMICIDE,YES,20-29,M,WWH,1,0,1
HM638738,2006-10-03 21:46:00,2006,10,3,21,EAST SIDE,HOMICIDE,HOMICIDE,YES,30-39,M,WWH,1,0,1
HM679440,2006-10-24 15:30:00,2006,10,3,15,EAST SIDE,HOMICIDE,HOMICIDE,YES,20-29,M,BLK,1,0,1
HM722655,2006-11-15 20:15:00,2006,11,4,20,EAST SIDE,HOMICIDE,HOMICIDE,YES,20-29,M,WWH,1,0,1
HM301641,2006-04-20 10:05:00,2006,4,5,10,EDGEWATER,HOMICIDE,HOMICIDE,NO,40-49,M,WWH,1,0,1
HM567380,2006-08-26 23:00:00,2006,8,7,23,EDGEWATER,HOMICIDE,HOMICIDE,NO,50-59,F,WHI,1,0,1
HM112373,2006-01-08 01:00:00,2006,1,1,1,ENGLEWOOD,HOMICIDE,HOMICIDE,YES,20-29,M,BLK,1,0,1
HM152686,2006-01-30 03:51:00,2006,1,2,3,ENGLEWOOD,HOMICIDE,HOMICIDE,YES,20-29,F,BLK,1,0,1
HM208287,2006-03-01 20:34:00,2006,3,4,20,ENGLEWOOD,HOMICIDE,HOMICIDE,YES,40-49,M,BLK,1,0,1
HM319082,2006-04-28 23:51:00,2006,4,6,23,ENGLEWOOD,HOMICIDE,HOMICIDE,YES,0-19,M,BLK,1,0,1
HM321310,2006-04-30 03:00:00,2006,4,1,3,ENGLEWOOD,HOMICIDE,HOMICIDE,YES,50-59,M,BLK,1,0,1
HM335219,2006-05-07 01:51:00,2006,5,1,1,ENGLEWOOD,HOMICIDE,HOMICIDE,YES,40-49,M,BLK,1,0,1
HM366735,2006-05-22 18:34:00,2006,5,2,18,ENGLEWOOD,HOMICIDE,HOMICIDE,NO,30-39,F,BLK,1,0,1
HM367019,2006-05-22 21:27:00,2006,5,2,21,ENGLEWOOD,HOMICIDE,HOMICIDE,YES,30-39,M,BLK,1,0,1
HM373080,2006-05-25 19:22:00,2006,5,5,19,ENGLEWOOD,HOMICIDE,HOMICIDE,YES,0-19,M,BLK,1,0,1
HM417982,2006-06-16 14:45:00,2006,6,6,14,ENGLEWOOD,HOMICIDE,HOMICIDE,YES,20-29,M,BLK,1,0,1
HM426867,2006-06-20 21:30:00,2006,6,3,21,ENGLEWOOD,HOMICIDE,HOMICIDE,YES,30-39,M,BLK,1,0,1
HM448556,2006-07-01 16:15:00,2006,7,7,16,ENGLEWOOD,HOMICIDE,HOMICIDE,YES,0-19,M,BLK,1,0,1
HM608669,2006-09-18 14:55:00,2006,9,2,14,ENGLEWOOD,HOMICIDE,HOMICIDE,YES,0-19,M,BLK,1,0,1
HM642363,2006-10-02 09:00:00,2006,10,2,9,ENGLEWOOD,HOMICIDE,HOMICIDE,NO,0-19,M,BLK,1,0,1
HM787341,2006-12-22 01:20:00,2006,12,6,1,ENGLEWOOD,HOMICIDE,HOMICIDE,NO,40-49,M,BLK,1,0,1
HM232477,2006-03-15 01:45:00,2006,3,4,1,FULLER PARK,HOMICIDE,HOMICIDE,NO,70-79,M,BLK,1,0,1
HM606828,2006-09-17 21:13:00,2006,9,1,21,FULLER PARK,HOMICIDE,HOMICIDE,NO,50-59,M,WHI,1,0,1
HM288207,2006-04-13 10:43:00,2006,4,5,10,GAGE PARK,HOMICIDE,HOMICIDE,YES,20-29,M,BLK,1,0,1
HM460334,2006-07-07 14:14:00,2006,7,6,14,GAGE PARK,HOMICIDE,HOMICIDE,YES,20-29,M,WWH,1,0,1
HM493090,2006-07-23 01:20:00,2006,7,1,1,GAGE PARK,HOMICIDE,HOMICIDE,YES,0-19,M,BLK,1,0,1
HM546165,2006-08-18 03:34:00,2006,8,6,3,GAGE PARK,HOMICIDE,HOMICIDE,YES,0-19,M,WWH,1,0,1
HM611281,2006-09-19 21:21:00,2006,9,3,21,GAGE PARK,HOMICIDE,HOMICIDE,YES,20-29,M,WWH,1,0,1
HM738235,2006-11-24 17:06:00,2006,11,6,17,GAGE PARK,HOMICIDE,HOMICIDE,YES,0-19,M,BLK,1,0,1
HM802561,2006-12-31 01:14:00,2006,12,1,1,GAGE PARK,HOMICIDE,HOMICIDE,YES,20-29,M,WWH,1,0,1
HM119907,2006-01-12 11:44:00,2006,1,5,11,GARFIELD RIDGE,HOMICIDE,HOMICIDE,NO,20-29,F,WWH,1,0,1
HM110359,2006-01-06 21:05:00,2006,1,6,21,GRAND BOULEVARD,HOMICIDE,HOMICIDE,YES,0-19,M,BLK,1,0,1
HM133443,2006-01-19 16:33:00,2006,1,5,16,GRAND BOULEVARD,HOMICIDE,HOMICIDE,YES,30-39,M,BLK,1,0,1
HM232296,2006-03-14 18:50:00,2006,3,3,18,GRAND BOULEVARD,HOMICIDE,HOMICIDE,YES,0-19,M,BLK,1,0,1
HM497686,2006-07-25 08:50:00,2006,7,3,8,GRAND BOULEVARD,HOMICIDE,HOMICIDE,NO,0-19,M,BLK,1,0,1
HM124205,2006-01-14 14:36:00,2006,1,7,14,GREATER GRAND CROSSING,HOMICIDE,HOMICIDE,YES,30-39,M,BLK,1,0,1
HM139170,2006-01-22 19:51:00,2006,1,1,19,GREATER GRAND CROSSING,HOMICIDE,HOMICIDE,YES,20-29,M,BLK,1,0,1
HM164900,2006-02-05 14:28:00,2006,2,1,14,GREATER GRAND CROSSING,HOMICIDE,HOMICIDE,NO,40-49,F,BLK,1,0,1
HM185542,2006-02-17 01:08:00,2006,2,6,1,GREATER GRAND CROSSING,HOMICIDE,HOMICIDE,YES,30-39,M,BLK,1,0,1
HM260685,2006-03-30 00:49:00,2006,3,5,0,GREATER GRAND CROSSING,HOMICIDE,HOMICIDE,NO,40-49,M,BLK,1,0,1
HM260852,2006-03-30 04:50:00,2006,3,5,4,GREATER GRAND CROSSING,HOMICIDE,HOMICIDE,YES,40-49,M,BLK,1,0,1
HM346405,2006-05-12 14:15:00,2006,5,6,14,GREATER GRAND CROSSING,HOMICIDE,HOMICIDE,YES,20-29,M,BLK,1,0,1
HM363266,2006-05-20 22:24:00,2006,5,7,22,GREATER GRAND CROSSING,HOMICIDE,HOMICIDE,YES,20-29,M,BLK,1,0,1
HM435531,2006-06-25 02:13:00,2006,6,1,2,GREATER GRAND CROSSING,HOMICIDE,HOMICIDE,YES,0-19,M,BLK,1,0,1
HM451000,2006-07-02 21:45:00,2006,7,1,21,GREATER GRAND CROSSING,HOMICIDE,HOMICIDE,YES,30-39,F,BLK,1,0,1
HM451396,2006-07-03 03:57:00,2006,7,2,3,GREATER GRAND CROSSING,HOMICIDE,HOMICIDE,YES,20-29,M,BLK,1,0,1
HM470074,2006-07-12 03:04:00,2006,7,4,3,GREATER GRAND CROSSING,HOMICIDE,HOMICIDE,YES,20-29,M,BLK,1,0,1
HM486812,2006-07-19 23:42:00,2006,7,4,23,GREATER GRAND CROSSING,HOMICIDE,HOMICIDE,YES,0-19,M,BLK,1,0,1
HM541073,2006-08-15 07:30:00,2006,8,3,7,GREATER GRAND CROSSING,HOMICIDE,HOMICIDE,YES,30-39,M,BLK,1,0,1
HM579763,2006-09-03 19:47:00,2006,9,1,19,GREATER GRAND CROSSING,HOMICIDE,HOMICIDE,YES,50-59,M,BLK,1,0,1
HM608840,2006-09-18 16:05:00,2006,9,2,16,GREATER GRAND CROSSING,HOMICIDE,HOMICIDE,YES,40-49,M,BLK,1,0,1
HM613471,2006-09-20 23:08:00,2006,9,4,23,GREATER GRAND CROSSING,HOMICIDE,HOMICIDE,YES,20-29,M,BLK,1,0,1
HM638438,2006-10-03 19:06:00,2006,10,3,19,GREATER GRAND CROSSING,HOMICIDE,HOMICIDE,YES,20-29,M,BLK,1,0,1
HM645095,2006-10-06 01:07:00,2006,10,6,1,GREATER GRAND CROSSING,HOMICIDE,HOMICIDE,YES,50-59,M,BLK,1,0,1
HM760430,2006-12-07 02:30:00,2006,12,5,2,GREATER GRAND CROSSING,HOMICIDE,HOMICIDE,YES,0-19,M,BLK,1,0,1
HM765002,2006-12-09 18:04:00,2006,12,7,18,GREATER GRAND CROSSING,HOMICIDE,HOMICIDE,YES,20-29,M,BLK,1,0,1
HM793188,2006-12-25 04:36:00,2006,12,2,4,GREATER GRAND CROSSING,HOMICIDE,HOMICIDE,YES,20-29,M,BLK,1,0,1
HM363546,2006-05-21 01:30:00,2006,5,1,1,HERMOSA,HOMICIDE,HOMICIDE,YES,0-19,M,WWH,1,0,1
HM650012,2006-10-09 15:24:00,2006,10,2,15,HERMOSA,HOMICIDE,HOMICIDE,YES,0-19,M,WWH,1,0,1
HM798765,2006-12-28 20:03:00,2006,12,5,20,HERMOSA,HOMICIDE,HOMICIDE,YES,20-29,M,WWH,1,0,1
HM113613,2006-01-08 19:25:00,2006,1,1,19,HUMBOLDT PARK,HOMICIDE,HOMICIDE,NO,40-49,F,BLK,1,0,1
HM149024,2006-01-28 00:39:00,2006,1,7,0,HUMBOLDT PARK,HOMICIDE,HOMICIDE,YES,20-29,M,BLK,1,0,1
HM154020,2006-01-30 18:30:00,2006,1,2,18,HUMBOLDT PARK,HOMICIDE,HOMICIDE,YES,0-19,M,WWH,1,0,1
HM154020,2006-01-30 18:30:00,2006,1,2,18,HUMBOLDT PARK,HOMICIDE,HOMICIDE,YES,40-49,M,WWH,1,0,1
HM154020,2006-01-30 18:30:00,2006,1,2,18,HUMBOLDT PARK,HOMICIDE,HOMICIDE,YES,20-29,M,WWH,1,0,1
HM199908,2006-02-25 04:19:00,2006,2,7,4,HUMBOLDT PARK,HOMICIDE,HOMICIDE,YES,20-29,M,WWH,1,0,1
HM232924,2006-03-15 06:15:00,2006,3,4,6,HUMBOLDT PARK,HOMICIDE,HOMICIDE,NO,20-29,M,WWH,1,0,1
HM315307,2006-04-27 08:37:00,2006,4,5,8,HUMBOLDT PARK,HOMICIDE,HOMICIDE,YES,0-19,M,BLK,1,0,1
HM318880,2006-04-28 21:32:00,2006,4,6,21,HUMBOLDT PARK,HOMICIDE,HOMICIDE,YES,30-39,M,BLK,1,0,1
HM329161,2006-05-04 01:18:00,2006,5,5,1,HUMBOLDT PARK,HOMICIDE,HOMICIDE,YES,20-29,M,BLK,1,0,1
HM333331,2006-05-06 01:17:00,2006,5,7,1,HUMBOLDT PARK,HOMICIDE,HOMICIDE,NO,40-49,M,BLK,1,0,1
HM387924,2006-06-01 21:40:00,2006,6,5,21,HUMBOLDT PARK,HOMICIDE,HOMICIDE,YES,30-39,M,BLK,1,0,1
HM402598,2006-06-07 22:00:00,2006,6,4,22,HUMBOLDT PARK,HOMICIDE,HOMICIDE,NO,30-39,M,BLK,1,0,1
HM400689,2006-06-08 00:35:00,2006,6,5,0,HUMBOLDT PARK,HOMICIDE,HOMICIDE,NO,20-29,M,BLK,1,0,1
HM432667,2006-06-23 15:24:00,2006,6,6,15,HUMBOLDT PARK,HOMICIDE,HOMICIDE,YES,20-29,M,BLK,1,0,1
HM468496,2006-07-11 12:04:00,2006,7,3,12,HUMBOLDT PARK,HOMICIDE,HOMICIDE,YES,20-29,M,BLK,1,0,1
HM478289,2006-07-16 00:31:00,2006,7,1,0,HUMBOLDT PARK,HOMICIDE,HOMICIDE,YES,40-49,M,BLK,1,0,1
HM496525,2006-07-24 18:17:00,2006,7,2,18,HUMBOLDT PARK,HOMICIDE,HOMICIDE,NO,30-39,F,BLK,1,0,1
HM576211,2006-09-01 21:05:00,2006,9,6,21,HUMBOLDT PARK,HOMICIDE,HOMICIDE,YES,0-19,M,BLK,1,0,1
HM604559,2006-09-16 05:39:00,2006,9,7,5,HUMBOLDT PARK,HOMICIDE,HOMICIDE,YES,30-39,M,BLK,1,0,1
HM699910,2006-11-03 20:18:00,2006,11,6,20,HUMBOLDT PARK,HOMICIDE,HOMICIDE,YES,30-39,M,WWH,1,0,1
HM701835,2006-11-04 22:00:00,2006,11,7,22,HUMBOLDT PARK,HOMICIDE,HOMICIDE,YES,40-49,M,WHI,1,0,1
HM718914,2006-11-13 21:16:00,2006,11,2,21,HUMBOLDT PARK,HOMICIDE,HOMICIDE,YES,20-29,F,BLK,1,0,1
HM763994,2006-12-09 03:34:00,2006,12,7,3,HUMBOLDT PARK,HOMICIDE,HOMICIDE,YES,0-19,M,BLK,1,0,1
HM235902,2006-03-16 16:55:00,2006,3,5,16,HYDE PARK,HOMICIDE,HOMICIDE,YES,30-39,M,BLK,1,0,1
HM414793,2006-06-15 00:01:00,2006,6,5,0,HYDE PARK,HOMICIDE,HOMICIDE,YES,20-29,M,BLK,1,0,1
HM142391,2006-01-24 14:45:00,2006,1,3,14,IRVING PARK,HOMICIDE,HOMICIDE,YES,40-49,M,WHI,1,0,1
HM748388,2006-11-29 23:14:00,2006,11,4,23,IRVING PARK,HOMICIDE,HOMICIDE,YES,30-39,M,WWH,1,0,1
HM692552,2006-10-31 14:15:00,2006,10,3,14,JEFFERSON PARK,HOMICIDE,HOMICIDE,NO,40-49,M,WHI,1,0,1
HM677389,2006-10-23 14:50:00,2006,10,2,14,KENWOOD,HOMICIDE,HOMICIDE,NO,30-39,F,BLK,1,0,1
HM451281,2006-07-03 01:44:00,2006,7,2,1,LAKE VIEW,HOMICIDE,HOMICIDE,NO,0-19,M,BLK,1,0,1
HM169115,2006-02-07 23:40:00,2006,2,3,23,LOGAN SQUARE,HOMICIDE,HOMICIDE,YES,20-29,M,BLK,1,0,1
HM197616,2006-02-23 22:35:00,2006,2,5,22,LOGAN SQUARE,HOMICIDE,HOMICIDE,YES,0-19,M,WWH,1,0,1
HM260740,2006-03-30 00:45:00,2006,3,5,0,LOGAN SQUARE,HOMICIDE,HOMICIDE,YES,50-59,M,WHI,1,0,1
HM285131,2006-04-11 19:22:00,2006,4,3,19,LOGAN SQUARE,HOMICIDE,HOMICIDE,YES,30-39,M,API,1,0,1
HM421044,2006-06-18 01:33:00,2006,6,1,1,LOGAN SQUARE,HOMICIDE,HOMICIDE,YES,20-29,M,WWH,1,0,1
HM461880,2006-07-08 03:33:00,2006,7,7,3,LOGAN SQUARE,HOMICIDE,HOMICIDE,YES,40-49,F,WWH,1,0,1
HM560819,2006-08-25 02:45:00,2006,8,6,2,LOGAN SQUARE,HOMICIDE,HOMICIDE,YES,20-29,M,WHI,1,0,1
HM560832,2006-08-25 03:05:00,2006,8,6,3,LOGAN SQUARE,HOMICIDE,HOMICIDE,YES,20-29,M,WWH,1,0,1
HM680112,2006-10-24 20:10:00,2006,10,3,20,LOOP,HOMICIDE,HOMICIDE,NO,60-69,M,WHI,1,0,1
HM149241,2006-01-28 10:15:00,2006,1,7,10,LOWER WEST SIDE,HOMICIDE,HOMICIDE,YES,20-29,M,WWH,1,0,1
HM225498,2006-03-11 02:29:00,2006,3,7,2,LOWER WEST SIDE,HOMICIDE,HOMICIDE,YES,20-29,M,WWH,1,0,1
HM421114,2006-06-18 02:04:00,2006,6,1,2,LOWER WEST SIDE,HOMICIDE,HOMICIDE,YES,0-19,M,WWH,1,0,1
HM622489,2006-09-25 17:58:00,2006,9,2,17,LOWER WEST SIDE,HOMICIDE,HOMICIDE,YES,30-39,M,WWH,1,0,1
HM646755,2006-10-07 20:37:00,2006,10,7,20,LOWER WEST SIDE,HOMICIDE,HOMICIDE,YES,30-39,F,WWH,1,0,1
HM148888,2006-01-27 22:47:00,2006,1,6,22,MCKINLEY PARK,HOMICIDE,HOMICIDE,NO,20-29,M,BLK,1,0,1
HM738714,2006-11-24 23:05:00,2006,11,6,23,MCKINLEY PARK,HOMICIDE,HOMICIDE,YES,30-39,M,WHI,1,0,1
HM328745,2006-05-03 20:50:00,2006,5,4,20,MONTCLAIRE,HOMICIDE,HOMICIDE,YES,40-49,M,WWH,1,0,1
HM416307,2006-06-15 18:50:00,2006,6,5,18,MORGAN PARK,HOMICIDE,HOMICIDE,NO,20-29,F,WHI,1,0,1
HM614751,2006-09-21 16:35:00,2006,9,5,16,MORGAN PARK,HOMICIDE,HOMICIDE,YES,20-29,M,WBH,1,0,1
HM345333,2006-05-12 03:57:00,2006,5,6,3,NEAR NORTH SIDE,HOMICIDE,HOMICIDE,NO,40-49,M,BLK,1,0,1
HM566275,2006-08-27 23:37:00,2006,8,1,23,NEAR NORTH SIDE,HOMICIDE,HOMICIDE,NO,0-19,M,BLK,1,0,1
HM660445,2006-10-14 21:35:00,2006,10,7,21,NEAR NORTH SIDE,HOMICIDE,HOMICIDE,YES,20-29,M,BLK,1,0,1
HM777043,2006-12-16 01:31:00,2006,12,7,1,NEAR NORTH SIDE,HOMICIDE,HOMICIDE,YES,20-29,M,BLK,1,0,1
HM150929,2006-01-29 01:42:00,2006,1,1,1,NEAR SOUTH SIDE,HOMICIDE,HOMICIDE,YES,20-29,M,BLK,1,0,1
HM236432,2006-03-16 21:21:00,2006,3,5,21,NEAR SOUTH SIDE,HOMICIDE,HOMICIDE,YES,20-29,M,BLK,1,0,1
HM645213,2006-10-07 09:49:00,2006,10,7,9,NEAR SOUTH SIDE,HOMICIDE,HOMICIDE,YES,20-29,M,BLK,1,0,1
HM801741,2006-12-30 15:21:00,2006,12,7,15,NEAR SOUTH SIDE,HOMICIDE,HOMICIDE,YES,30-39,M,BLK,1,0,1
HM215513,2006-03-05 21:08:00,2006,3,1,21,NEAR WEST SIDE,HOMICIDE,HOMICIDE,YES,20-29,M,BLK,1,0,1
HM336390,2006-05-07 19:05:00,2006,5,1,19,NEAR WEST SIDE,HOMICIDE,HOMICIDE,YES,20-29,M,BLK,1,0,1
HM378023,2006-05-28 05:50:00,2006,5,1,5,NEAR WEST SIDE,HOMICIDE,HOMICIDE,YES,20-29,F,BLK,1,0,1
HM378023,2006-05-28 05:50:00,2006,5,1,5,NEAR WEST SIDE,HOMICIDE,HOMICIDE,YES,20-29,M,BLK,1,0,1
HM445941,2006-06-30 11:26:00,2006,6,6,11,NEAR WEST SIDE,HOMICIDE,HOMICIDE,YES,20-29,M,BLK,1,0,1
HM493341,2006-07-23 05:40:00,2006,7,1,5,NEAR WEST SIDE,HOMICIDE,HOMICIDE,YES,30-39,M,BLK,1,0,1
HM560665,2006-08-24 23:57:00,2006,8,5,23,NEAR WEST SIDE,HOMICIDE,HOMICIDE,YES,30-39,M,BLK,1,0,1
HM631473,2006-09-30 04:23:00,2006,9,7,4,NEAR WEST SIDE,HOMICIDE,HOMICIDE,NO,0-19,M,WWH,1,0,1
HM671986,2006-10-20 17:20:00,2006,10,6,17,NEAR WEST SIDE,HOMICIDE,HOMICIDE,YES,20-29,M,BLK,1,0,1
HM763064,2006-12-08 15:17:00,2006,12,6,15,NEAR WEST SIDE,HOMICIDE,HOMICIDE,YES,70-79,M,WHI,1,0,1
HM763064,2006-12-08 15:17:00,2006,12,6,15,NEAR WEST SIDE,HOMICIDE,HOMICIDE,YES,50-59,M,WHI,1,0,1
HM763064,2006-12-08 15:17:00,2006,12,6,15,NEAR WEST SIDE,HOMICIDE,HOMICIDE,YES,60-69,M,WHI,1,0,1
HM775628,2006-12-15 12:12:00,2006,12,6,12,NEAR WEST SIDE,HOMICIDE,HOMICIDE,YES,30-39,M,BLK,1,0,1
HM144885,2006-01-25 20:58:00,2006,1,4,20,NEW CITY,HOMICIDE,HOMICIDE,YES,40-49,M,WWH,1,0,1
HM280214,2006-04-09 01:52:00,2006,4,1,1,NEW CITY,HOMICIDE,HOMICIDE,YES,0-19,M,WWH,1,0,1
HM334963,2006-05-06 21:20:00,2006,5,7,21,NEW CITY,HOMICIDE,HOMICIDE,YES,20-29,M,BLK,1,0,1
HM335053,2006-05-06 22:52:00,2006,5,7,22,NEW CITY,HOMICIDE,HOMICIDE,YES,30-39,M,WWH,1,0,1
HM351280,2006-05-15 02:45:00,2006,5,2,2,NEW CITY,HOMICIDE,HOMICIDE,YES,30-39,M,BLK,1,0,1
HM372012,2006-05-25 11:29:00,2006,5,5,11,NEW CITY,HOMICIDE,HOMICIDE,YES,0-19,M,WWH,1,0,1
HM394744,2006-06-05 11:44:00,2006,6,2,11,NEW CITY,HOMICIDE,HOMICIDE,YES,0-19,F,BLK,1,0,1
HM449389,2006-07-02 01:08:00,2006,7,1,1,NEW CITY,HOMICIDE,HOMICIDE,YES,30-39,M,BLK,1,0,1
HM455301,2006-07-05 02:48:00,2006,7,4,2,NEW CITY,HOMICIDE,HOMICIDE,YES,30-39,M,BLK,1,0,1
HM474713,2006-07-14 10:15:00,2006,7,6,10,NEW CITY,HOMICIDE,HOMICIDE,YES,30-39,M,BLK,1,0,1
HM492478,2006-07-22 18:13:00,2006,7,7,18,NEW CITY,HOMICIDE,HOMICIDE,YES,30-39,M,BLK,1,0,1
HM492478,2006-07-22 18:13:00,2006,7,7,18,NEW CITY,HOMICIDE,HOMICIDE,NO,30-39,F,BLK,1,0,1
HM501773,2006-07-27 02:25:00,2006,7,5,2,NEW CITY,HOMICIDE,HOMICIDE,NO,20-29,M,WWH,1,0,1
HM520939,2006-08-05 06:18:00,2006,8,7,6,NEW CITY,HOMICIDE,HOMICIDE,YES,20-29,M,WWH,1,0,1
HM606958,2006-09-17 14:54:00,2006,9,1,14,NEW CITY,HOMICIDE,HOMICIDE,YES,40-49,M,BLK,1,0,1
HM634864,2006-10-02 00:50:00,2006,10,2,0,NEW CITY,HOMICIDE,HOMICIDE,NO,30-39,M,BLK,1,0,1
HM769565,2006-12-12 11:15:00,2006,12,3,11,NEW CITY,HOMICIDE,HOMICIDE,YES,20-29,M,BLK,1,0,1
HM545029,2006-08-17 05:17:00,2006,8,5,5,NORTH CENTER,HOMICIDE,HOMICIDE,YES,20-29,M,BLK,1,0,1
HM135193,2006-01-20 14:05:00,2006,1,6,14,NORTH LAWNDALE,HOMICIDE,HOMICIDE,YES,30-39,M,BLK,1,0,1
HM169818,2006-02-08 11:58:00,2006,2,4,11,NORTH LAWNDALE,HOMICIDE,HOMICIDE,NO,40-49,M,BLK,1,0,1
HM169818,2006-02-08 11:58:00,2006,2,4,11,NORTH LAWNDALE,HOMICIDE,HOMICIDE,NO,80+,F,BLK,1,0,1
HM251376,2006-03-25 00:01:00,2006,3,7,0,NORTH LAWNDALE,HOMICIDE,HOMICIDE,YES,20-29,M,BLK,1,0,1
HM262937,2006-03-31 03:15:00,2006,3,6,3,NORTH LAWNDALE,HOMICIDE,HOMICIDE,NO,30-39,M,BLK,1,0,1
HM311151,2006-04-25 04:30:00,2006,4,3,4,NORTH LAWNDALE,HOMICIDE,HOMICIDE,YES,20-29,M,BLK,1,0,1
HM311832,2006-04-25 13:09:00,2006,4,3,13,NORTH LAWNDALE,HOMICIDE,HOMICIDE,YES,40-49,M,BLK,1,0,1
HM360302,2006-05-19 12:55:00,2006,5,6,12,NORTH LAWNDALE,HOMICIDE,HOMICIDE,YES,20-29,M,BLK,1,0,1
HM370791,2006-05-24 18:14:00,2006,5,4,18,NORTH LAWNDALE,HOMICIDE,HOMICIDE,YES,30-39,M,BLK,1,0,1
HM370791,2006-05-24 18:14:00,2006,5,4,18,NORTH LAWNDALE,HOMICIDE,HOMICIDE,YES,20-29,M,BLK,1,0,1
HM414502,2006-06-14 21:30:00,2006,6,4,21,NORTH LAWNDALE,HOMICIDE,HOMICIDE,YES,40-49,M,BLK,1,0,1
HM453490,2006-07-04 03:35:00,2006,7,3,3,NORTH LAWNDALE,HOMICIDE,HOMICIDE,YES,20-29,M,BLK,1,0,1
HM457184,2006-07-05 21:21:00,2006,7,4,21,NORTH LAWNDALE,HOMICIDE,HOMICIDE,YES,30-39,M,BLK,1,0,1
HM501824,2006-07-27 03:00:00,2006,7,5,3,NORTH LAWNDALE,HOMICIDE,HOMICIDE,NO,0-19,M,BLK,1,0,1
HM504724,2006-07-28 13:30:00,2006,7,6,13,NORTH LAWNDALE,HOMICIDE,HOMICIDE,YES,30-39,M,BLK,1,0,1
HM536426,2006-08-12 18:59:00,2006,8,7,18,NORTH LAWNDALE,HOMICIDE,HOMICIDE,YES,30-39,M,WWH,1,0,1
HM575626,2006-09-01 15:09:00,2006,9,6,15,NORTH LAWNDALE,HOMICIDE,HOMICIDE,YES,20-29,M,BLK,1,0,1
HM575626,2006-09-01 15:09:00,2006,9,6,15,NORTH LAWNDALE,HOMICIDE,HOMICIDE,YES,30-39,M,BLK,1,0,1
HM588404,2006-09-08 07:05:00,2006,9,6,7,NORTH LAWNDALE,HOMICIDE,HOMICIDE,YES,30-39,M,BLK,1,0,1
HM630280,2006-09-29 16:03:00,2006,9,6,16,NORTH LAWNDALE,HOMICIDE,HOMICIDE,YES,40-49,M,BLK,1,0,1
HM646261,2006-10-07 15:20:00,2006,10,7,15,NORTH LAWNDALE,HOMICIDE,HOMICIDE,NO,30-39,M,BLK,1,0,1
HM684709,2006-10-27 09:20:00,2006,10,6,9,NORTH LAWNDALE,HOMICIDE,HOMICIDE,YES,0-19,M,BLK,1,0,1
HM686386,2006-10-28 00:21:00,2006,10,7,0,NORTH LAWNDALE,HOMICIDE,HOMICIDE,YES,0-19,M,BLK,1,0,1
HM720367,2006-11-14 16:46:00,2006,11,3,16,NORTH LAWNDALE,HOMICIDE,HOMICIDE,YES,20-29,M,BLK,1,0,1
HM726817,2006-11-17 23:08:00,2006,11,6,23,NORTH LAWNDALE,HOMICIDE,HOMICIDE,YES,20-29,M,BLK,1,0,1
HM728459,2006-11-18 21:41:00,2006,11,7,21,NORTH LAWNDALE,HOMICIDE,HOMICIDE,YES,20-29,M,BLK,1,0,1
HM353570,2006-05-16 08:15:00,2006,5,3,8,O'HARE,HOMICIDE,HOMICIDE,NO,40-49,M,WHI,1,0,1
HM503572,2006-03-22 20:40:00,2006,3,4,20,PORTAGE PARK,HOMICIDE,HOMICIDE,NO,60-69,M,WHI,1,0,1
HM310821,2006-04-24 21:49:00,2006,4,2,21,PORTAGE PARK,HOMICIDE,HOMICIDE,YES,20-29,M,WWH,1,0,1
HM552534,2006-08-21 00:06:00,2006,8,2,0,PULLMAN,HOMICIDE,HOMICIDE,YES,0-19,M,BLK,1,0,1
HM390108,2006-06-02 22:44:00,2006,6,6,22,RIVERDALE,HOMICIDE,HOMICIDE,NO,40-49,M,BLK,1,0,1
HM478344,2006-07-16 01:47:00,2006,7,1,1,RIVERDALE,HOMICIDE,HOMICIDE,NO,20-29,M,BLK,1,0,1
HM590365,2006-09-09 00:54:00,2006,9,7,0,RIVERDALE,HOMICIDE,HOMICIDE,YES,0-19,M,BLK,1,0,1
HM643010,2006-10-06 00:17:00,2006,10,6,0,RIVERDALE,HOMICIDE,HOMICIDE,YES,0-19,M,BLK,1,0,1
HM703474,2006-11-05 22:02:00,2006,11,1,22,RIVERDALE,HOMICIDE,HOMICIDE,YES,0-19,M,BLK,1,0,1
HM717034,2006-11-12 21:25:00,2006,11,1,21,RIVERDALE,HOMICIDE,HOMICIDE,YES,30-39,M,BLK,1,0,1
HM797253,2006-12-27 22:45:00,2006,12,4,22,RIVERDALE,HOMICIDE,HOMICIDE,YES,20-29,M,BLK,1,0,1
HM799800,2006-12-29 13:18:00,2006,12,6,13,RIVERDALE,HOMICIDE,HOMICIDE,YES,40-49,M,BLK,1,0,1
HM161656,2006-02-03 19:30:00,2006,2,6,19,ROGERS PARK,HOMICIDE,HOMICIDE,YES,20-29,M,BLK,1,0,1
HM258390,2006-03-28 20:05:00,2006,3,3,20,ROGERS PARK,HOMICIDE,HOMICIDE,YES,0-19,M,BLK,1,0,1
HM617673,2006-09-23 01:15:00,2006,9,7,1,ROGERS PARK,HOMICIDE,HOMICIDE,YES,20-29,M,BLK,1,0,1
HM111786,2006-01-07 17:10:00,2006,1,7,17,ROSELAND,HOMICIDE,HOMICIDE,YES,20-29,M,BLK,1,0,1
HM180041,2006-02-14 03:20:00,2006,2,3,3,ROSELAND,HOMICIDE,HOMICIDE,YES,40-49,M,BLK,1,0,1
HM210539,2006-03-03 01:36:00,2006,3,6,1,ROSELAND,HOMICIDE,HOMICIDE,YES,30-39,M,BLK,1,0,1
HM296045,2006-04-17 13:50:00,2006,4,2,13,ROSELAND,HOMICIDE,HOMICIDE,NO,50-59,M,WHI,1,0,1
HM388269,2006-06-02 02:30:00,2006,6,6,2,ROSELAND,HOMICIDE,HOMICIDE,YES,20-29,M,BLK,1,0,1
HM459044,2006-07-06 19:02:00,2006,7,5,19,ROSELAND,HOMICIDE,HOMICIDE,YES,20-29,M,BLK,1,0,1
HM503578,2006-07-27 21:12:00,2006,7,5,21,ROSELAND,HOMICIDE,HOMICIDE,YES,20-29,M,BLK,1,0,1
HM509037,2006-07-30 14:52:00,2006,7,1,14,ROSELAND,HOMICIDE,HOMICIDE,NO,50-59,M,WWH,1,0,1
HM509037,2006-07-30 14:52:00,2006,7,1,14,ROSELAND,HOMICIDE,HOMICIDE,NO,30-39,M,WWH,1,0,1
HM511651,2006-07-31 21:14:00,2006,7,2,21,ROSELAND,HOMICIDE,HOMICIDE,YES,0-19,M,BLK,1,0,1
HM547833,2006-08-18 16:23:00,2006,8,6,16,ROSELAND,HOMICIDE,HOMICIDE,NO,30-39,F,BLK,1,0,1
HM552299,2006-08-20 21:16:00,2006,8,1,21,ROSELAND,HOMICIDE,HOMICIDE,YES,20-29,M,BLK,1,0,1
HM590176,2006-09-08 22:53:00,2006,9,6,22,ROSELAND,HOMICIDE,HOMICIDE,YES,0-19,M,BLK,1,0,1
HM599962,2006-09-14 01:05:00,2006,9,5,1,ROSELAND,HOMICIDE,HOMICIDE,YES,20-29,M,BLK,1,0,1
HM602030,2006-09-15 03:00:00,2006,9,6,3,ROSELAND,HOMICIDE,HOMICIDE,YES,50-59,F,BLK,1,0,1
HM603523,2006-09-15 19:40:00,2006,9,6,19,ROSELAND,HOMICIDE,HOMICIDE,YES,20-29,M,BLK,1,0,1
HM645479,2006-10-07 07:49:00,2006,10,7,7,ROSELAND,HOMICIDE,HOMICIDE,YES,40-49,M,BLK,1,0,1
HM658838,2006-10-14 01:00:00,2006,10,7,1,ROSELAND,HOMICIDE,HOMICIDE,YES,20-29,M,BLK,1,0,1
HM693305,2006-10-31 15:08:00,2006,10,3,15,ROSELAND,HOMICIDE,HOMICIDE,YES,20-29,M,BLK,1,0,1
HM748671,2006-11-30 07:43:00,2006,11,5,7,ROSELAND,HOMICIDE,HOMICIDE,YES,0-19,M,BLK,1,0,1
HM328917,2006-05-03 22:41:00,2006,5,4,22,SOUTH CHICAGO,HOMICIDE,HOMICIDE,YES,0-19,M,BLK,1,0,1
HM371254,2006-05-24 22:16:00,2006,5,4,22,SOUTH CHICAGO,HOMICIDE,HOMICIDE,YES,20-29,F,BLK,1,0,1
HM371254,2006-05-24 22:16:00,2006,5,4,22,SOUTH CHICAGO,HOMICIDE,HOMICIDE,YES,40-49,M,BLK,1,0,1
HM373412,2006-05-25 22:26:00,2006,5,5,22,SOUTH CHICAGO,HOMICIDE,HOMICIDE,YES,20-29,F,BLK,1,0,1
HM436673,2006-06-25 17:13:00,2006,6,1,17,SOUTH CHICAGO,HOMICIDE,HOMICIDE,YES,0-19,F,BLK,1,0,1
HM453083,2006-07-03 22:39:00,2006,7,2,22,SOUTH CHICAGO,HOMICIDE,HOMICIDE,YES,20-29,F,BLK,1,0,1
HM499162,2006-07-25 21:50:00,2006,7,3,21,SOUTH CHICAGO,HOMICIDE,HOMICIDE,YES,30-39,M,BLK,1,0,1
HM501888,2006-07-27 05:45:00,2006,7,5,5,SOUTH CHICAGO,HOMICIDE,HOMICIDE,YES,20-29,M,BLK,1,0,1
HM510173,2006-07-31 09:34:00,2006,7,2,9,SOUTH CHICAGO,HOMICIDE,HOMICIDE,YES,20-29,M,BLK,1,0,1
HM534652,2006-08-11 20:54:00,2006,8,6,20,SOUTH CHICAGO,HOMICIDE,HOMICIDE,YES,0-19,M,WWH,1,0,1
HM570851,2006-08-30 09:04:00,2006,8,4,9,SOUTH CHICAGO,HOMICIDE,HOMICIDE,YES,30-39,M,BLK,1,0,1
HM604131,2006-09-16 01:30:00,2006,9,7,1,SOUTH CHICAGO,HOMICIDE,HOMICIDE,YES,20-29,M,BLK,1,0,1
HM696363,2006-11-01 22:58:00,2006,11,4,22,SOUTH CHICAGO,HOMICIDE,HOMICIDE,YES,20-29,M,BLK,1,0,1
HM283696,2006-04-11 00:36:00,2006,4,3,0,SOUTH DEERING,HOMICIDE,HOMICIDE,YES,0-19,M,WWH,1,0,1
HM641124,2006-10-05 04:45:00,2006,10,5,4,SOUTH DEERING,HOMICIDE,HOMICIDE,YES,60-69,M,BLK,1,0,1
HM214100,2006-03-04 23:06:00,2006,3,7,23,SOUTH LAWNDALE,HOMICIDE,HOMICIDE,YES,0-19,M,WWH,1,0,1
HM310742,2006-04-24 20:50:00,2006,4,2,20,SOUTH LAWNDALE,HOMICIDE,HOMICIDE,YES,20-29,M,WWH,1,0,1
HM335362,2006-05-07 04:28:00,2006,5,1,4,SOUTH LAWNDALE,HOMICIDE,HOMICIDE,YES,20-29,M,WWH,1,0,1
HM393124,2006-06-04 14:35:00,2006,6,1,14,SOUTH LAWNDALE,HOMICIDE,HOMICIDE,NO,30-39,F,WWH,1,0,1
HM398428,2006-06-07 01:38:00,2006,6,4,1,SOUTH LAWNDALE,HOMICIDE,HOMICIDE,NO,0-19,M,BLK,1,0,1
HM595985,2006-09-12 01:30:00,2006,9,3,1,SOUTH LAWNDALE,HOMICIDE,HOMICIDE,YES,0-19,M,WWH,1,0,1
HM611650,2006-09-20 03:05:00,2006,9,4,3,SOUTH LAWNDALE,HOMICIDE,HOMICIDE,YES,20-29,M,WWH,1,0,1
HM617429,2006-09-22 22:25:00,2006,9,6,22,SOUTH LAWNDALE,HOMICIDE,HOMICIDE,NO,20-29,M,WWH,1,0,1
HM619261,2006-09-23 22:20:00,2006,9,7,22,SOUTH LAWNDALE,HOMICIDE,HOMICIDE,YES,20-29,M,WWH,1,0,1
HM711265,2006-11-09 18:53:00,2006,11,5,18,SOUTH LAWNDALE,HOMICIDE,HOMICIDE,YES,0-19,M,WWH,1,0,1
HM779917,2006-12-17 18:38:00,2006,12,1,18,SOUTH LAWNDALE,HOMICIDE,HOMICIDE,YES,0-19,M,WWH,1,0,1
HM115740,2006-01-10 00:26:00,2006,1,3,0,SOUTH SHORE,HOMICIDE,HOMICIDE,YES,40-49,M,BLK,1,0,1
HM190337,2006-02-20 03:41:00,2006,2,2,3,SOUTH SHORE,HOMICIDE,HOMICIDE,YES,0-19,M,BLK,1,0,1
HM269824,2006-04-03 19:37:00,2006,4,2,19,SOUTH SHORE,HOMICIDE,HOMICIDE,NO,50-59,F,BLK,1,0,1
HM305509,2006-04-22 03:31:00,2006,4,7,3,SOUTH SHORE,HOMICIDE,HOMICIDE,YES,20-29,M,BLK,1,0,1
HM305688,2006-04-22 07:55:00,2006,4,7,7,SOUTH SHORE,HOMICIDE,HOMICIDE,YES,30-39,M,BLK,1,0,1
HM316537,2006-04-27 18:43:00,2006,4,5,18,SOUTH SHORE,HOMICIDE,HOMICIDE,NO,70-79,F,BLK,1,0,1
HM364457,2006-05-21 15:59:00,2006,5,1,15,SOUTH SHORE,HOMICIDE,HOMICIDE,YES,20-29,M,BLK,1,0,1
HM418806,2006-06-16 21:50:00,2006,6,6,21,SOUTH SHORE,HOMICIDE,HOMICIDE,YES,20-29,M,BLK,1,0,1
HM424209,2006-06-19 17:08:00,2006,6,2,17,SOUTH SHORE,HOMICIDE,HOMICIDE,YES,60-69,M,BLK,1,0,1
HM467767,2006-07-11 00:30:00,2006,7,3,0,SOUTH SHORE,HOMICIDE,HOMICIDE,YES,40-49,M,BLK,1,0,1
HM493180,2006-07-23 02:32:00,2006,7,1,2,SOUTH SHORE,HOMICIDE,HOMICIDE,YES,30-39,M,BLK,1,0,1
HM507971,2006-07-30 02:04:00,2006,7,1,2,SOUTH SHORE,HOMICIDE,HOMICIDE,YES,20-29,M,BLK,1,0,1
HM005248,2006-09-19 03:00:00,2006,9,3,3,SOUTH SHORE,HOMICIDE,HOMICIDE,NO,20-29,F,BLK,1,0,1
HM005248,2006-09-19 03:00:00,2006,9,3,3,SOUTH SHORE,HOMICIDE,HOMICIDE,NO,0-19,M,BLK,1,0,1
HM620641,2006-09-24 18:00:00,2006,9,1,18,SOUTH SHORE,HOMICIDE,HOMICIDE,YES,0-19,M,BLK,1,0,1
HM629208,2006-09-29 01:33:00,2006,9,6,1,SOUTH SHORE,HOMICIDE,HOMICIDE,YES,40-49,M,BLK,1,0,1
HM737315,2006-11-24 01:10:00,2006,11,6,1,SOUTH SHORE,HOMICIDE,HOMICIDE,YES,20-29,F,BLK,1,0,1
HM790189,2006-12-23 01:05:00,2006,12,7,1,SOUTH SHORE,HOMICIDE,HOMICIDE,YES,20-29,M,BLK,1,0,1
HM418785,2006-06-16 16:40:00,2006,6,6,16,UPTOWN,HOMICIDE,HOMICIDE,NO,0-19,M,BLK,1,0,1
HM480363,2006-07-17 03:49:00,2006,7,2,3,UPTOWN,HOMICIDE,HOMICIDE,YES,20-29,M,BLK,1,0,1
HM753676,2006-12-02 23:43:00,2006,12,7,23,UPTOWN,HOMICIDE,HOMICIDE,YES,0-19,M,BLK,1,0,1
HM268232,2006-04-02 23:17:00,2006,4,1,23,WASHINGTON HEIGHTS,HOMICIDE,HOMICIDE,YES,30-39,M,BLK,1,0,1
HM305572,2006-04-22 04:52:00,2006,4,7,4,WASHINGTON HEIGHTS,HOMICIDE,HOMICIDE,YES,30-39,M,BLK,1,0,1
HM307386,2006-04-23 01:50:00,2006,4,1,1,WASHINGTON HEIGHTS,HOMICIDE,HOMICIDE,YES,0-19,M,BLK,1,0,1
HM321204,2006-04-30 02:21:00,2006,4,1,2,WASHINGTON HEIGHTS,HOMICIDE,HOMICIDE,YES,30-39,M,BLK,1,0,1
HM380366,2006-05-29 14:10:00,2006,5,2,14,WASHINGTON HEIGHTS,HOMICIDE,HOMICIDE,YES,0-19,M,BLK,1,0,1
HM459623,2006-07-07 01:00:00,2006,7,6,1,WASHINGTON HEIGHTS,HOMICIDE,HOMICIDE,YES,20-29,M,BLK,1,0,1
HM459587,2006-07-07 01:20:00,2006,7,6,1,WASHINGTON HEIGHTS,HOMICIDE,HOMICIDE,YES,20-29,M,BLK,1,0,1
HM463502,2006-07-08 23:28:00,2006,7,7,23,WASHINGTON HEIGHTS,HOMICIDE,HOMICIDE,YES,0-19,M,BLK,1,0,1
HM557243,2006-08-23 10:46:00,2006,8,4,10,WASHINGTON HEIGHTS,HOMICIDE,HOMICIDE,NO,0-19,M,BLK,1,0,1
HM699355,2006-11-03 15:18:00,2006,11,6,15,WASHINGTON HEIGHTS,HOMICIDE,HOMICIDE,YES,0-19,M,BLK,1,0,1
HM718982,2006-11-13 22:05:00,2006,11,2,22,WASHINGTON HEIGHTS,HOMICIDE,HOMICIDE,YES,40-49,M,BLK,1,0,1
HM721714,2006-11-15 11:30:00,2006,11,4,11,WASHINGTON HEIGHTS,HOMICIDE,HOMICIDE,NO,50-59,M,BLK,1,0,1
HM783995,2006-12-19 21:11:00,2006,12,3,21,WASHINGTON HEIGHTS,HOMICIDE,HOMICIDE,YES,0-19,M,BLK,1,0,1
HM148910,2006-01-27 23:08:00,2006,1,6,23,WASHINGTON PARK,HOMICIDE,HOMICIDE,YES,20-29,M,BLK,1,0,1
HM408558,2006-06-12 03:36:00,2006,6,2,3,WASHINGTON PARK,HOMICIDE,HOMICIDE,YES,0-19,F,BLK,1,0,1
HM580385,2006-09-04 01:50:00,2006,9,2,1,WASHINGTON PARK,HOMICIDE,HOMICIDE,YES,60-69,M,BLK,1,0,1
HM638642,2006-10-03 20:56:00,2006,10,3,20,WASHINGTON PARK,HOMICIDE,HOMICIDE,YES,20-29,M,BLK,1,0,1
HM648476,2006-10-08 19:02:00,2006,10,1,19,WASHINGTON PARK,HOMICIDE,HOMICIDE,YES,20-29,M,BLK,1,0,1
HM662463,2006-10-16 00:07:00,2006,10,2,0,WASHINGTON PARK,HOMICIDE,HOMICIDE,YES,20-29,M,BLK,1,0,1
HM689907,2006-10-29 22:22:00,2006,10,1,22,WASHINGTON PARK,HOMICIDE,HOMICIDE,YES,20-29,M,BLK,1,0,1
HM797100,2006-12-27 21:30:00,2006,12,4,21,WASHINGTON PARK,HOMICIDE,HOMICIDE,YES,0-19,M,BLK,1,0,1
HM318752,2006-04-28 20:25:00,2006,4,6,20,WEST ELSDON,HOMICIDE,HOMICIDE,YES,0-19,M,WWH,1,0,1
HM409539,2006-06-12 15:40:00,2006,6,2,15,WEST ELSDON,HOMICIDE,HOMICIDE,NO,0-19,F,WWH,1,0,1
HM409539,2006-06-12 15:40:00,2006,6,2,15,WEST ELSDON,HOMICIDE,HOMICIDE,NO,0-19,F,WWH,1,0,1
HM100890,2006-01-01 12:32:00,2006,1,1,12,WEST ENGLEWOOD,HOMICIDE,HOMICIDE,YES,20-29,M,BLK,1,0,1
HM127582,2006-01-16 19:41:00,2006,1,2,19,WEST ENGLEWOOD,HOMICIDE,HOMICIDE,NO,30-39,M,BLK,1,0,1
HM210700,2006-03-03 08:00:00,2006,3,6,8,WEST ENGLEWOOD,HOMICIDE,HOMICIDE,YES,0-19,F,BLK,1,0,1
HM227044,2006-03-11 20:58:00,2006,3,7,20,WEST ENGLEWOOD,HOMICIDE,HOMICIDE,YES,0-19,F,BLK,1,0,1
HM345459,2006-05-12 04:20:00,2006,5,6,4,WEST ENGLEWOOD,HOMICIDE,HOMICIDE,YES,20-29,M,BLK,1,0,1
HM419168,2006-06-17 02:00:00,2006,6,7,2,WEST ENGLEWOOD,HOMICIDE,HOMICIDE,YES,20-29,M,WWH,1,0,1
HM444817,2006-06-29 18:57:00,2006,6,5,18,WEST ENGLEWOOD,HOMICIDE,HOMICIDE,YES,30-39,M,BLK,1,0,1
HM445290,2006-06-30 00:06:00,2006,6,6,0,WEST ENGLEWOOD,HOMICIDE,HOMICIDE,YES,30-39,M,BLK,1,0,1
HM455355,2006-07-05 05:18:00,2006,7,4,5,WEST ENGLEWOOD,HOMICIDE,HOMICIDE,YES,20-29,M,BLK,1,0,1
HM474626,2006-07-14 10:28:00,2006,7,6,10,WEST ENGLEWOOD,HOMICIDE,HOMICIDE,NO,20-29,F,BLK,1,0,1
HM478304,2006-07-16 01:02:00,2006,7,1,1,WEST ENGLEWOOD,HOMICIDE,HOMICIDE,YES,30-39,M,BLK,1,0,1
HM499640,2006-07-26 07:21:00,2006,7,4,7,WEST ENGLEWOOD,HOMICIDE,HOMICIDE,YES,30-39,M,BLK,1,0,1
HM506234,2006-07-29 05:07:00,2006,7,7,5,WEST ENGLEWOOD,HOMICIDE,HOMICIDE,YES,30-39,F,BLK,1,0,1
HM574677,2006-08-31 22:30:00,2006,8,5,22,WEST ENGLEWOOD,HOMICIDE,HOMICIDE,NO,50-59,M,BLK,1,0,1
HM588061,2006-09-07 23:04:00,2006,9,5,23,WEST ENGLEWOOD,HOMICIDE,HOMICIDE,YES,20-29,M,BLK,1,0,1
HM614873,2006-09-21 17:50:00,2006,9,5,17,WEST ENGLEWOOD,HOMICIDE,HOMICIDE,YES,0-19,M,BLK,1,0,1
HM629066,2006-09-28 23:31:00,2006,9,5,23,WEST ENGLEWOOD,HOMICIDE,HOMICIDE,YES,20-29,M,BLK,1,0,1
HM701959,2006-11-04 23:32:00,2006,11,7,23,WEST ENGLEWOOD,HOMICIDE,HOMICIDE,YES,20-29,M,BLK,1,0,1
HM733453,2006-11-21 17:24:00,2006,11,3,17,WEST ENGLEWOOD,HOMICIDE,HOMICIDE,YES,20-29,M,BLK,1,0,1
HM803830,2006-12-31 22:50:00,2006,12,1,22,WEST ENGLEWOOD,HOMICIDE,HOMICIDE,NO,30-39,M,BLK,1,0,1
HM100897,2006-01-01 12:40:00,2006,1,1,12,WEST GARFIELD PARK,HOMICIDE,HOMICIDE,YES,20-29,M,BLK,1,0,1
HM342819,2006-05-10 21:17:00,2006,5,4,21,WEST GARFIELD PARK,HOMICIDE,HOMICIDE,YES,0-19,M,BLK,1,0,1
HM350296,2006-05-14 13:30:00,2006,5,1,13,WEST GARFIELD PARK,HOMICIDE,HOMICIDE,YES,40-49,M,BLK,1,0,1
HM366991,2006-05-22 21:16:00,2006,5,2,21,WEST GARFIELD PARK,HOMICIDE,HOMICIDE,YES,30-39,M,BLK,1,0,1
HM400178,2006-06-07 20:35:00,2006,6,4,20,WEST GARFIELD PARK,HOMICIDE,HOMICIDE,NO,50-59,M,BLK,1,0,1
HM459438,2006-07-06 22:25:00,2006,7,5,22,WEST GARFIELD PARK,HOMICIDE,HOMICIDE,YES,20-29,M,BLK,1,0,1
HM501315,2006-07-26 21:03:00,2006,7,4,21,WEST GARFIELD PARK,HOMICIDE,HOMICIDE,YES,20-29,M,BLK,1,0,1
HM648547,2006-10-08 19:35:00,2006,10,1,19,WEST GARFIELD PARK,HOMICIDE,HOMICIDE,NO,50-59,M,BLK,1,0,1
HM688439,2006-10-29 02:44:00,2006,10,1,2,WEST GARFIELD PARK,HOMICIDE,HOMICIDE,NO,0-19,F,WWH,1,0,1
HM730751,2006-11-20 10:55:00,2006,11,2,10,WEST GARFIELD PARK,HOMICIDE,HOMICIDE,YES,20-29,M,BLK,1,0,1
HM761777,2006-12-07 18:30:00,2006,12,5,18,WEST GARFIELD PARK,HOMICIDE,HOMICIDE,YES,20-29,M,BLK,1,0,1
HM791801,2006-12-24 01:15:00,2006,12,1,1,WEST GARFIELD PARK,HOMICIDE,HOMICIDE,YES,20-29,M,BLK,1,0,1
HM182777,2006-02-15 15:11:00,2006,2,4,15,WEST LAWN,HOMICIDE,HOMICIDE,YES,0-19,M,WWH,1,0,1
HM264904,2006-04-01 00:59:00,2006,4,7,0,WEST LAWN,HOMICIDE,HOMICIDE,YES,0-19,M,BLK,1,0,1
HM304212,2006-04-21 15:41:00,2006,4,6,15,WEST LAWN,HOMICIDE,HOMICIDE,YES,0-19,M,WWH,1,0,1
HM225635,2006-03-11 05:17:00,2006,3,7,5,WEST PULLMAN,HOMICIDE,HOMICIDE,YES,20-29,M,BLK,1,0,1
HM256511,2006-03-27 21:01:00,2006,3,2,21,WEST PULLMAN,HOMICIDE,HOMICIDE,YES,20-29,M,BLK,1,0,1
HM256511,2006-03-27 21:01:00,2006,3,2,21,WEST PULLMAN,HOMICIDE,HOMICIDE,YES,20-29,M,BLK,1,0,1
HM270284,2006-04-03 22:23:00,2006,4,2,22,WEST PULLMAN,HOMICIDE,HOMICIDE,YES,20-29,M,BLK,1,0,1
HM272053,2006-04-04 19:34:00,2006,4,3,19,WEST PULLMAN,HOMICIDE,HOMICIDE,YES,0-19,M,BLK,1,0,1
HM316969,2006-04-28 01:06:00,2006,4,6,1,WEST PULLMAN,HOMICIDE,HOMICIDE,NO,0-19,M,BLK,1,0,1
HM329057,2006-05-03 23:40:00,2006,5,4,23,WEST PULLMAN,HOMICIDE,HOMICIDE,YES,20-29,M,BLK,1,0,1
HM395206,2006-06-05 16:11:00,2006,6,2,16,WEST PULLMAN,HOMICIDE,HOMICIDE,YES,50-59,M,BLK,1,0,1
HM464254,2006-07-09 12:25:00,2006,7,1,12,WEST PULLMAN,HOMICIDE,HOMICIDE,YES,20-29,M,BLK,1,0,1
HM489098,2006-07-21 03:07:00,2006,7,6,3,WEST PULLMAN,HOMICIDE,HOMICIDE,YES,20-29,M,BLK,1,0,1
HM489117,2006-07-21 03:43:00,2006,7,6,3,WEST PULLMAN,HOMICIDE,HOMICIDE,YES,40-49,M,BLK,1,0,1
HM546790,2006-08-18 00:25:00,2006,8,6,0,WEST PULLMAN,HOMICIDE,HOMICIDE,YES,0-19,M,BLK,1,0,1
HM709386,2006-11-08 20:33:00,2006,11,4,20,WEST PULLMAN,HOMICIDE,HOMICIDE,YES,20-29,M,BLK,1,0,1
HM714045,2006-11-11 03:59:00,2006,11,7,3,WEST PULLMAN,HOMICIDE,HOMICIDE,YES,50-59,M,BLK,1,0,1
HM753776,2006-12-03 01:10:00,2006,12,1,1,WEST PULLMAN,HOMICIDE,HOMICIDE,YES,20-29,M,BLK,1,0,1
HM220268,2006-03-08 13:46:00,2006,3,4,13,WEST RIDGE,HOMICIDE,HOMICIDE,YES,50-59,F,WHI,1,0,1
HM587994,2006-09-07 22:09:00,2006,9,5,22,WEST RIDGE,HOMICIDE,HOMICIDE,NO,20-29,F,WHI,1,0,1
HM210519,2006-03-03 01:03:00,2006,3,6,1,WEST TOWN,HOMICIDE,HOMICIDE,YES,0-19,M,WBH,1,0,1
HM225452,2006-03-11 01:10:00,2006,3,7,1,WEST TOWN,HOMICIDE,HOMICIDE,NO,30-39,M,WWH,1,0,1
HM291797,2006-04-15 02:39:00,2006,4,7,2,WEST TOWN,HOMICIDE,HOMICIDE,YES,20-29,M,WWH,1,0,1
HM344414,2006-05-11 15:45:00,2006,5,5,15,WEST TOWN,HOMICIDE,HOMICIDE,YES,20-29,F,BLK,1,0,1
HM441215,2006-06-27 23:48:00,2006,6,3,23,WEST TOWN,HOMICIDE,HOMICIDE,YES,20-29,M,WWH,1,0,1
HM600500,2006-09-14 11:35:00,2006,9,5,11,WEST TOWN,HOMICIDE,HOMICIDE,YES,20-29,M,WWH,1,0,1
HM717260,2006-11-13 01:04:00,2006,11,2,1,WEST TOWN,HOMICIDE,HOMICIDE,YES,20-29,M,BLK,1,0,1
HM120319,2006-01-12 14:04:00,2006,1,5,14,WOODLAWN,HOMICIDE,HOMICIDE,YES,30-39,M,BLK,1,0,1
HM467256,2006-07-10 20:31:00,2006,7,2,20,WOODLAWN,HOMICIDE,HOMICIDE,NO,60-69,M,WHI,1,0,1
HM514799,2006-08-02 14:51:00,2006,8,4,14,WOODLAWN,HOMICIDE,HOMICIDE,NO,60-69,M,BLK,1,0,1
HM558702,2006-08-24 01:27:00,2006,8,5,1,WOODLAWN,HOMICIDE,HOMICIDE,YES,0-19,M,BLK,1,0,1
HM614119,2006-09-21 11:18:00,2006,9,5,11,WOODLAWN,HOMICIDE,HOMICIDE,YES,30-39,M,BLK,1,0,1
HM637196,2006-10-03 09:02:00,2006,10,3,9,WOODLAWN,HOMICIDE,HOMICIDE,YES,30-39,M,BLK,1,0,1
HM741825,2006-11-26 18:55:00,2006,11,1,18,WOODLAWN,HOMICIDE,HOMICIDE,YES,20-29,M,WWH,1,0,1
HN185323,2007-02-19 20:46:00,2007,2,2,20,ALBANY PARK,HOMICIDE,HOMICIDE,NO,0-19,M,BLK,1,0,1
HN246649,2007-03-25 15:21:00,2007,3,1,15,ALBANY PARK,HOMICIDE,HOMICIDE,YES,30-39,M,WWH,1,0,1
HN515896,2007-08-08 06:51:00,2007,8,4,6,ALBANY PARK,HOMICIDE,HOMICIDE,NO,30-39,F,BLK,1,0,1
HN397608,2007-06-11 04:36:00,2007,6,2,4,ARCHER HEIGHTS,HOMICIDE,HOMICIDE,YES,0-19,M,WWH,1,0,1
HN609526,2007-09-24 23:17:00,2007,9,2,23,ARCHER HEIGHTS,HOMICIDE,HOMICIDE,YES,20-29,M,BLK,1,0,1
HN343484,2007-05-15 16:26:00,2007,5,3,16,ARMOUR SQUARE,HOMICIDE,HOMICIDE,NO,40-49,F,BLK,1,0,1
HN400290,2007-06-12 12:05:00,2007,6,3,12,ASHBURN,HOMICIDE,HOMICIDE,YES,40-49,F,BLK,1,0,1
HN118977,2007-01-11 20:00:00,2007,1,5,20,AUBURN GRESHAM,HOMICIDE,HOMICIDE,YES,20-29,M,BLK,1,0,1
HN207580,2007-03-04 14:19:00,2007,3,1,14,AUBURN GRESHAM,HOMICIDE,HOMICIDE,YES,40-49,M,BLK,1,0,1
HN249257,2007-03-26 20:55:00,2007,3,2,20,AUBURN GRESHAM,HOMICIDE,HOMICIDE,YES,30-39,M,BLK,1,0,1
HN249636,2007-03-27 02:18:00,2007,3,3,2,AUBURN GRESHAM,HOMICIDE,HOMICIDE,YES,0-19,F,BLK,1,0,1
HN282285,2007-04-14 01:49:00,2007,4,7,1,AUBURN GRESHAM,HOMICIDE,HOMICIDE,NO,30-39,M,BLK,1,0,1
HN340062,2007-05-08 16:45:00,2007,5,3,16,AUBURN GRESHAM,HOMICIDE,HOMICIDE,NO,50-59,M,BLK,1,0,1
HN445382,2007-07-04 10:35:00,2007,7,4,10,AUBURN GRESHAM,HOMICIDE,HOMICIDE,NO,50-59,M,WHI,1,0,1
HN523842,2007-08-12 03:10:00,2007,8,1,3,AUBURN GRESHAM,HOMICIDE,HOMICIDE,YES,30-39,M,BLK,1,0,1
HN619779,2007-09-30 03:30:00,2007,9,1,3,AUBURN GRESHAM,HOMICIDE,HOMICIDE,YES,40-49,M,BLK,1,0,1
HN648301,2007-10-14 22:16:00,2007,10,1,22,AUBURN GRESHAM,HOMICIDE,HOMICIDE,YES,30-39,M,BLK,1,0,1
HN659195,2007-10-20 10:37:00,2007,10,7,10,AUBURN GRESHAM,HOMICIDE,HOMICIDE,YES,30-39,M,BLK,1,0,1
HN691528,2007-11-05 23:55:00,2007,11,2,23,AUBURN GRESHAM,HOMICIDE,HOMICIDE,YES,20-29,M,BLK,1,0,1
HN719394,2007-11-20 23:11:00,2007,11,3,23,AUBURN GRESHAM,HOMICIDE,HOMICIDE,YES,30-39,M,BLK,1,0,1
HN760039,2007-12-15 03:00:00,2007,12,7,3,AUBURN GRESHAM,HOMICIDE,HOMICIDE,NO,0-19,M,BLK,1,0,1
HN772061,2007-12-22 00:43:00,2007,12,7,0,AUBURN GRESHAM,HOMICIDE,HOMICIDE,NO,20-29,M,BLK,1,0,1
HN100122,2007-01-01 01:27:00,2007,1,2,1,AUSTIN,HOMICIDE,HOMICIDE,YES,30-39,M,BLK,1,0,1
HN136097,2007-01-21 14:21:00,2007,1,1,14,AUSTIN,HOMICIDE,HOMICIDE,YES,20-29,M,BLK,1,0,1
HN143054,2007-01-25 14:45:00,2007,1,5,14,AUSTIN,HOMICIDE,HOMICIDE,NO,0-19,F,BLK,1,0,1
HN144732,2007-01-26 15:05:00,2007,1,6,15,AUSTIN,HOMICIDE,HOMICIDE,NO,50-59,M,BLK,1,0,1
HN204998,2007-03-03 00:26:00,2007,3,7,0,AUSTIN,HOMICIDE,HOMICIDE,YES,30-39,M,BLK,1,0,1
HN220512,2007-03-11 19:54:00,2007,3,1,19,AUSTIN,HOMICIDE,HOMICIDE,YES,0-19,M,BLK,1,0,1
HN221826,2007-03-12 14:18:00,2007,3,2,14,AUSTIN,HOMICIDE,HOMICIDE,YES,20-29,M,BLK,1,0,1
HN229648,2007-03-16 09:51:00,2007,3,6,9,AUSTIN,HOMICIDE,HOMICIDE,YES,40-49,F,BLK,1,0,1
HN230913,2007-03-17 01:22:00,2007,3,7,1,AUSTIN,HOMICIDE,HOMICIDE,NO,40-49,M,BLK,1,0,1
HN247481,2007-03-26 00:04:00,2007,3,2,0,AUSTIN,HOMICIDE,HOMICIDE,NO,40-49,M,BLK,1,0,1
HN299687,2007-04-23 02:10:00,2007,4,2,2,AUSTIN,HOMICIDE,HOMICIDE,YES,30-39,M,BLK,1,0,1
HN305516,2007-04-25 23:31:00,2007,4,4,23,AUSTIN,HOMICIDE,HOMICIDE,YES,20-29,M,BLK,1,0,1
HN323540,2007-05-05 02:39:00,2007,5,7,2,AUSTIN,HOMICIDE,HOMICIDE,YES,20-29,M,WWH,1,0,1
HN323540,2007-05-05 02:39:00,2007,5,7,2,AUSTIN,HOMICIDE,HOMICIDE,YES,20-29,M,WWH,1,0,1
HN340930,2007-05-14 02:56:00,2007,5,2,2,AUSTIN,HOMICIDE,HOMICIDE,YES,20-29,M,BLK,1,0,1
HN408491,2007-06-16 03:00:00,2007,6,7,3,AUSTIN,HOMICIDE,HOMICIDE,NO,0-19,M,BLK,1,0,1
HN446591,2007-07-05 00:05:00,2007,7,5,0,AUSTIN,HOMICIDE,HOMICIDE,YES,30-39,M,BLK,1,0,1
HN446667,2007-07-05 01:20:00,2007,7,5,1,AUSTIN,HOMICIDE,HOMICIDE,YES,20-29,M,BLK,1,0,1
HN463102,2007-07-13 01:23:00,2007,7,6,1,AUSTIN,HOMICIDE,HOMICIDE,NO,40-49,M,BLK,1,0,1
HN464082,2007-07-13 15:10:00,2007,7,6,15,AUSTIN,HOMICIDE,HOMICIDE,YES,0-19,M,BLK,1,0,1
HN497238,2007-07-29 23:13:00,2007,7,1,23,AUSTIN,HOMICIDE,HOMICIDE,YES,20-29,M,BLK,1,0,1
HN503705,2007-08-02 01:25:00,2007,8,5,1,AUSTIN,HOMICIDE,HOMICIDE,YES,20-29,M,BLK,1,0,1
HN508982,2007-08-05 00:02:00,2007,8,1,0,AUSTIN,HOMICIDE,HOMICIDE,YES,20-29,M,BLK,1,0,1
HN537441,2007-08-19 00:56:00,2007,8,1,0,AUSTIN,HOMICIDE,HOMICIDE,YES,20-29,M,BLK,1,0,1
HN576373,2007-09-08 01:30:00,2007,9,7,1,AUSTIN,HOMICIDE,HOMICIDE,YES,0-19,M,BLK,1,0,1
HN604128,2007-09-22 07:30:00,2007,9,7,7,AUSTIN,HOMICIDE,HOMICIDE,YES,20-29,M,BLK,1,0,1
HN605728,2007-09-23 01:23:00,2007,9,1,1,AUSTIN,HOMICIDE,HOMICIDE,YES,20-29,M,BLK,1,0,1
HN611376,2007-09-25 20:33:00,2007,9,3,20,AUSTIN,HOMICIDE,HOMICIDE,YES,30-39,M,BLK,1,0,1
HN639019,2007-10-10 00:29:00,2007,10,4,0,AUSTIN,HOMICIDE,HOMICIDE,YES,20-29,M,BLK,1,0,1
HN648342,2007-10-14 22:44:00,2007,10,1,22,AUSTIN,HOMICIDE,HOMICIDE,YES,20-29,M,BLK,1,0,1
HN668252,2007-10-25 02:21:00,2007,10,5,2,AUSTIN,HOMICIDE,HOMICIDE,YES,0-19,M,BLK,1,0,1
HN677820,2007-10-30 01:00:00,2007,10,3,1,AUSTIN,HOMICIDE,HOMICIDE,YES,20-29,M,BLK,1,0,1
HN753833,2007-12-11 14:30:00,2007,12,3,14,AUSTIN,HOMICIDE,HOMICIDE,NO,40-49,M,BLK,1,0,1
HN783725,2007-12-29 17:45:00,2007,12,7,17,AUSTIN,HOMICIDE,HOMICIDE,NO,40-49,M,BLK,1,0,1
HN787143,2007-12-31 22:50:00,2007,12,2,22,AUSTIN,HOMICIDE,HOMICIDE,NO,0-19,M,BLK,1,0,1
HN136125,2007-01-21 14:45:00,2007,1,1,14,AVALON PARK,HOMICIDE,HOMICIDE,YES,20-29,M,BLK,1,0,1
HN551409,2007-08-26 12:10:00,2007,8,1,12,AVALON PARK,HOMICIDE,HOMICIDE,YES,0-19,M,BLK,1,0,1
HN482797,2007-07-22 21:00:00,2007,7,1,21,AVONDALE,HOMICIDE,HOMICIDE,NO,30-39,F,WWH,1,0,1
HN243742,2007-03-23 22:34:00,2007,3,6,22,BELMONT CRAGIN,HOMICIDE,HOMICIDE,YES,0-19,M,WWH,1,0,1
HN427939,2007-06-25 17:16:00,2007,6,2,17,BELMONT CRAGIN,HOMICIDE,HOMICIDE,YES,0-19,M,WWH,1,0,1
HN596499,2007-09-18 15:47:00,2007,9,3,15,BELMONT CRAGIN,HOMICIDE,HOMICIDE,NO,80+,M,WWH,1,0,1
HN683432,2007-11-01 17:12:00,2007,11,5,17,BELMONT CRAGIN,HOMICIDE,HOMICIDE,YES,0-19,M,WWH,1,0,1
HN104786,2007-01-04 17:30:00,2007,1,5,17,BRIDGEPORT,HOMICIDE,HOMICIDE,NO,60-69,M,WHI,1,0,1
HN276030,2007-04-10 19:32:00,2007,4,3,19,BRIDGEPORT,HOMICIDE,HOMICIDE,YES,0-19,M,WWH,1,0,1
HN604233,2007-09-22 08:58:00,2007,9,7,8,BRIDGEPORT,HOMICIDE,HOMICIDE,NO,30-39,F,WHI,1,0,1
HN685867,2007-11-02 20:17:00,2007,11,6,20,BRIDGEPORT,HOMICIDE,HOMICIDE,NO,0-19,M,WWH,1,0,1
HN261634,2007-04-02 14:28:00,2007,4,2,14,BRIGHTON PARK,HOMICIDE,HOMICIDE,YES,0-19,M,WWH,1,0,1
HN364752,2007-05-25 18:30:00,2007,5,6,18,BRIGHTON PARK,HOMICIDE,HOMICIDE,NO,30-39,F,WWH,1,0,1
HN391470,2007-06-07 23:01:00,2007,6,5,23,BRIGHTON PARK,HOMICIDE,HOMICIDE,YES,0-19,M,WWH,1,0,1
HN583361,2007-09-11 17:58:00,2007,9,3,17,BRIGHTON PARK,HOMICIDE,HOMICIDE,YES,20-29,M,WWH,1,0,1
HN760169,2007-12-15 05:45:00,2007,12,7,5,BRIGHTON PARK,HOMICIDE,HOMICIDE,YES,30-39,M,WWH,1,0,1
HN110895,2007-01-07 02:43:00,2007,1,1,2,BURNSIDE,HOMICIDE,HOMICIDE,YES,20-29,M,BLK,1,0,1
HN517904,2007-08-09 14:26:00,2007,8,5,14,BURNSIDE,HOMICIDE,HOMICIDE,YES,40-49,M,BLK,1,0,1
HN570096,2007-09-04 23:49:00,2007,9,3,23,CALUMET HEIGHTS,HOMICIDE,HOMICIDE,YES,20-29,M,BLK,1,0,1
HN701397,2007-11-11 13:03:00,2007,11,1,13,CALUMET HEIGHTS,HOMICIDE,HOMICIDE,YES,30-39,M,BLK,1,0,1
HN701397,2007-11-11 13:03:00,2007,11,1,13,CALUMET HEIGHTS,HOMICIDE,HOMICIDE,YES,30-39,M,BLK,1,0,1
HN303026,2007-04-24 17:48:00,2007,4,3,17,CHATHAM,HOMICIDE,HOMICIDE,YES,20-29,M,BLK,1,0,1
HN305660,2007-04-26 03:30:00,2007,4,5,3,CHATHAM,HOMICIDE,HOMICIDE,NO,0-19,M,BLK,1,0,1
HN305660,2007-04-26 03:30:00,2007,4,5,3,CHATHAM,HOMICIDE,HOMICIDE,NO,0-19,M,BLK,1,0,1
HN334306,2007-05-10 15:48:00,2007,5,5,15,CHATHAM,HOMICIDE,HOMICIDE,YES,20-29,M,BLK,1,0,1
HN357566,2007-05-22 09:34:00,2007,5,3,9,CHATHAM,HOMICIDE,HOMICIDE,YES,20-29,M,BLK,1,0,1
HN385876,2007-06-05 14:38:00,2007,6,3,14,CHATHAM,HOMICIDE,HOMICIDE,YES,40-49,M,BLK,1,0,1
HN396659,2007-06-10 15:34:00,2007,6,1,15,CHATHAM,HOMICIDE,HOMICIDE,YES,40-49,M,BLK,1,0,1
HN430857,2007-06-27 03:44:00,2007,6,4,3,CHATHAM,HOMICIDE,HOMICIDE,YES,20-29,M,WHI,1,0,1
HN444084,2007-07-03 17:25:00,2007,7,3,17,CHATHAM,HOMICIDE,HOMICIDE,NO,20-29,M,BLK,1,0,1
HN469388,2007-07-15 16:00:00,2007,7,1,16,CHATHAM,HOMICIDE,HOMICIDE,NO,0-19,F,BLK,1,0,1
HN517835,2007-08-09 04:27:00,2007,8,5,4,CHATHAM,HOMICIDE,HOMICIDE,YES,20-29,F,BLK,1,0,1
HN542304,2007-08-21 15:17:00,2007,8,3,15,CHATHAM,HOMICIDE,HOMICIDE,YES,20-29,M,BLK,1,0,1
HN631717,2007-10-06 03:01:00,2007,10,7,3,CHATHAM,HOMICIDE,HOMICIDE,YES,0-19,M,BLK,1,0,1
HN680611,2007-10-31 12:13:00,2007,10,4,12,CHATHAM,HOMICIDE,HOMICIDE,NO,30-39,M,BLK,1,0,1
HN243399,2007-03-23 19:06:00,2007,3,6,19,CHICAGO LAWN,HOMICIDE,HOMICIDE,YES,20-29,M,BLK,1,0,1
HN243399,2007-03-23 19:06:00,2007,3,6,19,CHICAGO LAWN,HOMICIDE,HOMICIDE,YES,20-29,M,BLK,1,0,1
HN353348,2007-05-20 00:30:00,2007,5,1,0,CHICAGO LAWN,HOMICIDE,HOMICIDE,NO,20-29,M,BLK,1,0,1
HN357138,2007-05-21 00:37:00,2007,5,2,0,CHICAGO LAWN,HOMICIDE,HOMICIDE,YES,20-29,M,BLK,1,0,1
HN446476,2007-07-04 23:10:00,2007,7,4,23,CHICAGO LAWN,HOMICIDE,HOMICIDE,NO,50-59,F,BLK,1,0,1
HN495568,2007-07-29 02:27:00,2007,7,1,2,CHICAGO LAWN,HOMICIDE,HOMICIDE,YES,0-19,M,WWH,1,0,1
HN506994,2007-08-03 15:34:00,2007,8,6,15,CHICAGO LAWN,HOMICIDE,HOMICIDE,NO,0-19,F,BLK,1,0,1
HN509511,2007-08-05 00:33:00,2007,8,1,0,CHICAGO LAWN,HOMICIDE,HOMICIDE,NO,0-19,F,BLK,1,0,1
HN518375,2007-08-09 12:45:00,2007,8,5,12,CHICAGO LAWN,HOMICIDE,HOMICIDE,YES,20-29,M,BLK,1,0,1
HN585874,2007-09-12 23:47:00,2007,9,4,23,CHICAGO LAWN,HOMICIDE,HOMICIDE,YES,20-29,M,BLK,1,0,1
HN589881,2007-09-14 23:30:00,2007,9,6,23,CHICAGO LAWN,HOMICIDE,HOMICIDE,YES,20-29,M,BLK,1,0,1
HN589881,2007-09-14 23:30:00,2007,9,6,23,CHICAGO LAWN,HOMICIDE,HOMICIDE,YES,20-29,M,BLK,1,0,1
HN617700,2007-09-27 00:00:00,2007,9,5,0,CHICAGO LAWN,HOMICIDE,HOMICIDE,YES,50-59,M,BLK,1,0,1
HN631799,2007-10-06 04:19:00,2007,10,7,4,CHICAGO LAWN,HOMICIDE,HOMICIDE,YES,20-29,M,BLK,1,0,1
HN661916,2007-10-21 19:00:00,2007,10,1,19,CHICAGO LAWN,HOMICIDE,HOMICIDE,YES,0-19,M,WWH,1,0,1
HN723010,2007-11-23 12:53:00,2007,11,6,12,CHICAGO LAWN,HOMICIDE,HOMICIDE,YES,20-29,M,BLK,1,0,1
HN780582,2007-12-27 18:33:00,2007,12,5,18,CHICAGO LAWN,HOMICIDE,HOMICIDE,YES,20-29,M,BLK,1,0,1
HN273962,2007-04-09 18:18:00,2007,4,2,18,CLEARING,HOMICIDE,HOMICIDE,NO,30-39,M,BLK,1,0,1
HN693419,2007-11-07 05:45:00,2007,11,4,5,CLEARING,HOMICIDE,HOMICIDE,YES,30-39,M,WWH,1,0,1
HN138466,2007-01-22 22:30:00,2007,1,2,22,DOUGLAS,HOMICIDE,HOMICIDE,NO,0-19,M,BLK,1,0,1
HN293023,2007-04-19 18:22:00,2007,4,5,18,DOUGLAS,HOMICIDE,HOMICIDE,YES,0-19,M,BLK,1,0,1
HN575221,2007-09-05 15:30:00,2007,9,4,15,DOUGLAS,HOMICIDE,HOMICIDE,NO,50-59,F,BLK,1,0,1
HN672451,2007-10-27 02:02:00,2007,10,7,2,DOUGLAS,HOMICIDE,HOMICIDE,YES,20-29,M,BLK,1,0,1
HN218303,2007-03-10 14:07:00,2007,3,7,14,EAST GARFIELD PARK,HOMICIDE,HOMICIDE,YES,30-39,M,BLK,1,0,1
HN331923,2007-05-08 23:30:00,2007,5,3,23,EAST GARFIELD PARK,HOMICIDE,HOMICIDE,NO,20-29,F,BLK,1,0,1
HN377082,2007-05-31 21:50:00,2007,5,5,21,EAST GARFIELD PARK,HOMICIDE,HOMICIDE,NO,0-19,M,BLK,1,0,1
HN444660,2007-07-03 23:06:00,2007,7,3,23,EAST GARFIELD PARK,HOMICIDE,HOMICIDE,YES,50-59,M,BLK,1,0,1
HN547154,2007-08-24 09:32:00,2007,8,6,9,EAST GARFIELD PARK,HOMICIDE,HOMICIDE,YES,30-39,M,BLK,1,0,1
HN576682,2007-09-08 06:09:00,2007,9,7,6,EAST GARFIELD PARK,HOMICIDE,HOMICIDE,YES,20-29,M,BLK,1,0,1
HN582098,2007-09-11 02:46:00,2007,9,3,2,EAST GARFIELD PARK,HOMICIDE,HOMICIDE,YES,20-29,F,BLK,1,0,1
HN402390,2007-06-13 11:06:00,2007,6,4,11,EAST SIDE,HOMICIDE,HOMICIDE,YES,0-19,M,WWH,1,0,1
HN267212,2007-04-05 16:31:00,2007,4,5,16,EDGEWATER,HOMICIDE,HOMICIDE,NO,50-59,F,API,1,0,1
HN123440,2007-01-14 09:55:00,2007,1,1,9,ENGLEWOOD,HOMICIDE,HOMICIDE,NO,40-49,M,BLK,1,0,1
HN187415,2007-02-20 23:29:00,2007,2,3,23,ENGLEWOOD,HOMICIDE,HOMICIDE,YES,30-39,M,BLK,1,0,1
HN205011,2007-03-03 00:33:00,2007,3,7,0,ENGLEWOOD,HOMICIDE,HOMICIDE,YES,80+,F,BLK,1,0,1
HN238518,2007-03-21 11:06:00,2007,3,4,11,ENGLEWOOD,HOMICIDE,HOMICIDE,YES,30-39,M,WWH,1,0,1
HN238518,2007-03-21 11:06:00,2007,3,4,11,ENGLEWOOD,HOMICIDE,HOMICIDE,YES,40-49,M,WWH,1,0,1
HN256690,2007-03-30 18:01:00,2007,3,6,18,ENGLEWOOD,HOMICIDE,HOMICIDE,YES,30-39,M,BLK,1,0,1
HN385036,2007-06-04 18:43:00,2007,6,2,18,ENGLEWOOD,HOMICIDE,HOMICIDE,YES,0-19,M,BLK,1,0,1
HN393993,2007-06-09 06:45:00,2007,6,7,6,ENGLEWOOD,HOMICIDE,HOMICIDE,YES,20-29,M,BLK,1,0,1
HN397428,2007-06-11 01:04:00,2007,6,2,1,ENGLEWOOD,HOMICIDE,HOMICIDE,YES,20-29,M,BLK,1,0,1
HN424873,2007-06-24 03:10:00,2007,6,1,3,ENGLEWOOD,HOMICIDE,HOMICIDE,YES,20-29,M,BLK,1,0,1
HN430723,2007-06-27 00:30:00,2007,6,4,0,ENGLEWOOD,HOMICIDE,HOMICIDE,YES,30-39,M,BLK,1,0,1
HN436416,2007-06-29 20:05:00,2007,6,6,20,ENGLEWOOD,HOMICIDE,HOMICIDE,YES,20-29,M,BLK,1,0,1
HN453697,2007-07-08 15:01:00,2007,7,1,15,ENGLEWOOD,HOMICIDE,HOMICIDE,YES,20-29,M,BLK,1,0,1
HN493191,2007-07-27 22:03:00,2007,7,6,22,ENGLEWOOD,HOMICIDE,HOMICIDE,YES,20-29,M,BLK,1,0,1
HN501940,2007-08-01 09:25:00,2007,8,4,9,ENGLEWOOD,HOMICIDE,HOMICIDE,NO,20-29,M,BLK,1,0,1
HN517735,2007-08-09 01:17:00,2007,8,5,1,ENGLEWOOD,HOMICIDE,HOMICIDE,YES,20-29,M,BLK,1,0,1
HN552577,2007-08-27 02:50:00,2007,8,2,2,ENGLEWOOD,HOMICIDE,HOMICIDE,YES,20-29,F,BLK,1,0,1
HN646731,2007-10-14 00:41:00,2007,10,1,0,ENGLEWOOD,HOMICIDE,HOMICIDE,YES,20-29,M,BLK,1,0,1
HN653791,2007-10-17 16:39:00,2007,10,4,16,ENGLEWOOD,HOMICIDE,HOMICIDE,YES,0-19,M,BLK,1,0,1
HN662315,2007-10-21 23:15:00,2007,10,1,23,ENGLEWOOD,HOMICIDE,HOMICIDE,YES,60-69,M,BLK,1,0,1
HN679766,2007-10-30 22:43:00,2007,10,3,22,ENGLEWOOD,HOMICIDE,HOMICIDE,YES,20-29,M,BLK,1,0,1
HN758071,2007-12-14 04:34:00,2007,12,6,4,ENGLEWOOD,HOMICIDE,HOMICIDE,YES,20-29,M,BLK,1,0,1
HN620087,2007-09-30 10:06:00,2007,9,1,10,FULLER PARK,HOMICIDE,HOMICIDE,YES,50-59,M,BLK,1,0,1
HN257378,2007-03-31 01:51:00,2007,3,7,1,GAGE PARK,HOMICIDE,HOMICIDE,YES,20-29,M,WWH,1,0,1
HN285393,2007-04-15 19:36:00,2007,4,1,19,GAGE PARK,HOMICIDE,HOMICIDE,YES,30-39,M,BLK,1,0,1
HN488586,2007-07-25 16:34:00,2007,7,4,16,GAGE PARK,HOMICIDE,HOMICIDE,YES,50-59,F,BLK,1,0,1
HN550416,2007-08-25 21:18:00,2007,8,7,21,GAGE PARK,HOMICIDE,HOMICIDE,YES,20-29,M,WWH,1,0,1
HN565282,2007-09-02 12:35:00,2007,9,1,12,GAGE PARK,HOMICIDE,HOMICIDE,YES,20-29,M,WWH,1,0,1
HN785799,2007-12-31 00:45:00,2007,12,2,0,GAGE PARK,HOMICIDE,HOMICIDE,NO,0-19,F,BLK,1,0,1
HN118196,2007-01-11 08:00:00,2007,1,5,8,GRAND BOULEVARD,HOMICIDE,HOMICIDE,NO,40-49,F,BLK,1,0,1
HN192974,2007-02-23 22:18:00,2007,2,6,22,GRAND BOULEVARD,HOMICIDE,HOMICIDE,NO,0-19,M,BLK,1,0,1
HN385467,2007-06-04 22:40:00,2007,6,2,22,GRAND BOULEVARD,HOMICIDE,HOMICIDE,YES,30-39,M,BLK,1,0,1
HN385467,2007-06-04 22:40:00,2007,6,2,22,GRAND BOULEVARD,HOMICIDE,HOMICIDE,YES,20-29,M,BLK,1,0,1
HN420508,2007-06-21 19:45:00,2007,6,5,19,GRAND BOULEVARD,HOMICIDE,HOMICIDE,NO,40-49,M,BLK,1,0,1
HN564306,2007-09-01 21:59:00,2007,9,7,21,GRAND BOULEVARD,HOMICIDE,HOMICIDE,YES,20-29,M,BLK,1,0,1
HN595510,2007-09-18 16:23:00,2007,9,3,16,GRAND BOULEVARD,HOMICIDE,HOMICIDE,NO,40-49,M,BLK,1,0,1
HN147663,2007-01-28 06:30:00,2007,1,1,6,GREATER GRAND CROSSING,HOMICIDE,HOMICIDE,YES,30-39,M,BLK,1,0,1
HN217863,2007-03-10 14:04:00,2007,3,7,14,GREATER GRAND CROSSING,HOMICIDE,HOMICIDE,NO,50-59,M,BLK,1,0,1
HN245771,2007-03-25 01:20:00,2007,3,1,1,GREATER GRAND CROSSING,HOMICIDE,HOMICIDE,YES,20-29,M,BLK,1,0,1
HN259940,2007-04-01 14:39:00,2007,4,1,14,GREATER GRAND CROSSING,HOMICIDE,HOMICIDE,YES,20-29,M,BLK,1,0,1
HN262737,2007-04-03 01:46:00,2007,4,3,1,GREATER GRAND CROSSING,HOMICIDE,HOMICIDE,YES,20-29,F,BLK,1,0,1
HN264064,2007-04-03 18:54:00,2007,4,3,18,GREATER GRAND CROSSING,HOMICIDE,HOMICIDE,NO,70-79,M,BLK,1,0,1
HN287647,2007-04-16 22:28:00,2007,4,2,22,GREATER GRAND CROSSING,HOMICIDE,HOMICIDE,NO,20-29,F,BLK,1,0,1
HN343511,2007-05-15 09:35:00,2007,5,3,9,GREATER GRAND CROSSING,HOMICIDE,HOMICIDE,YES,20-29,M,BLK,1,0,1
HN395618,2007-06-10 00:32:00,2007,6,1,0,GREATER GRAND CROSSING,HOMICIDE,HOMICIDE,YES,20-29,M,BLK,1,0,1
HN408337,2007-06-16 01:40:00,2007,6,7,1,GREATER GRAND CROSSING,HOMICIDE,HOMICIDE,YES,30-39,M,BLK,1,0,1
HN408486,2007-06-16 04:07:00,2007,6,7,4,GREATER GRAND CROSSING,HOMICIDE,HOMICIDE,YES,20-29,M,BLK,1,0,1
HN436893,2007-06-30 00:45:00,2007,6,7,0,GREATER GRAND CROSSING,HOMICIDE,HOMICIDE,YES,20-29,M,BLK,1,0,1
HN444304,2007-07-03 21:45:00,2007,7,3,21,GREATER GRAND CROSSING,HOMICIDE,HOMICIDE,YES,30-39,M,BLK,1,0,1
HN487970,2007-07-25 11:43:00,2007,7,4,11,GREATER GRAND CROSSING,HOMICIDE,HOMICIDE,YES,20-29,M,BLK,1,0,1
HN542120,2007-08-21 15:30:00,2007,8,3,15,GREATER GRAND CROSSING,HOMICIDE,HOMICIDE,YES,0-19,M,BLK,1,0,1
HN565623,2007-09-02 16:43:00,2007,9,1,16,GREATER GRAND CROSSING,HOMICIDE,HOMICIDE,YES,30-39,M,BLK,1,0,1
HN565623,2007-09-02 16:43:00,2007,9,1,16,GREATER GRAND CROSSING,HOMICIDE,HOMICIDE,YES,20-29,M,BLK,1,0,1
HN609202,2007-09-24 20:00:00,2007,9,2,20,GREATER GRAND CROSSING,HOMICIDE,HOMICIDE,YES,20-29,M,BLK,1,0,1
HN687816,2007-11-03 22:30:00,2007,11,7,22,GREATER GRAND CROSSING,HOMICIDE,HOMICIDE,YES,20-29,M,BLK,1,0,1
HN701957,2007-11-11 19:52:00,2007,11,1,19,GREATER GRAND CROSSING,HOMICIDE,HOMICIDE,YES,20-29,M,BLK,1,0,1
HN717287,2007-11-19 22:39:00,2007,11,2,22,GREATER GRAND CROSSING,HOMICIDE,HOMICIDE,YES,20-29,M,BLK,1,0,1
HN742122,2007-12-04 17:14:00,2007,12,3,17,GREATER GRAND CROSSING,HOMICIDE,HOMICIDE,YES,30-39,M,BLK,1,0,1
HN748825,2007-12-08 15:06:00,2007,12,7,15,GREATER GRAND CROSSING,HOMICIDE,HOMICIDE,YES,20-29,M,BLK,1,0,1
HN754087,2007-12-11 18:15:00,2007,12,3,18,GREATER GRAND CROSSING,HOMICIDE,HOMICIDE,YES,30-39,M,BLK,1,0,1
HN292687,2007-04-19 15:48:00,2007,4,5,15,HEGEWISCH,HOMICIDE,HOMICIDE,YES,0-19,M,BLK,1,0,1
HN507379,2007-08-03 21:04:00,2007,8,6,21,HEGEWISCH,HOMICIDE,HOMICIDE,YES,20-29,M,BLK,1,0,1
HN550641,2007-08-26 00:22:00,2007,8,1,0,HERMOSA,HOMICIDE,HOMICIDE,YES,20-29,M,WWH,1,0,1
HN561220,2007-08-31 11:30:00,2007,8,6,11,HERMOSA,HOMICIDE,HOMICIDE,YES,20-29,M,WWH,1,0,1
HN688010,2007-11-04 01:01:00,2007,11,1,1,HERMOSA,HOMICIDE,HOMICIDE,YES,0-19,M,WWH,1,0,1
HN105600,2007-01-04 08:17:00,2007,1,5,8,HUMBOLDT PARK,HOMICIDE,HOMICIDE,YES,30-39,M,WHI,1,0,1
HN131425,2007-01-18 21:07:00,2007,1,5,21,HUMBOLDT PARK,HOMICIDE,HOMICIDE,YES,0-19,F,WWH,1,0,1
HN152307,2007-01-30 21:26:00,2007,1,3,21,HUMBOLDT PARK,HOMICIDE,HOMICIDE,NO,60-69,M,BLK,1,0,1
HN152307,2007-01-30 21:26:00,2007,1,3,21,HUMBOLDT PARK,HOMICIDE,HOMICIDE,NO,50-59,F,BLK,1,0,1
HN221729,2007-03-12 13:18:00,2007,3,2,13,HUMBOLDT PARK,HOMICIDE,HOMICIDE,YES,30-39,M,BLK,1,0,1
HN235953,2007-03-19 21:49:00,2007,3,2,21,HUMBOLDT PARK,HOMICIDE,HOMICIDE,YES,30-39,M,BLK,1,0,1
HN295794,2007-04-21 01:53:00,2007,4,7,1,HUMBOLDT PARK,HOMICIDE,HOMICIDE,YES,20-29,M,WWH,1,0,1
HN328837,2007-05-07 22:30:00,2007,5,2,22,HUMBOLDT PARK,HOMICIDE,HOMICIDE,YES,20-29,M,BLK,1,0,1
HN365432,2007-05-25 23:15:00,2007,5,6,23,HUMBOLDT PARK,HOMICIDE,HOMICIDE,YES,20-29,M,BLK,1,0,1
HN367310,2007-05-26 23:50:00,2007,5,7,23,HUMBOLDT PARK,HOMICIDE,HOMICIDE,YES,30-39,M,BLK,1,0,1
HN379698,2007-06-02 05:01:00,2007,6,7,5,HUMBOLDT PARK,HOMICIDE,HOMICIDE,YES,0-19,M,BLK,1,0,1
HN412166,2007-06-18 01:20:00,2007,6,2,1,HUMBOLDT PARK,HOMICIDE,HOMICIDE,YES,20-29,M,BLK,1,0,1
HN412490,2007-06-18 06:40:00,2007,6,2,6,HUMBOLDT PARK,HOMICIDE,HOMICIDE,NO,30-39,F,BLK,1,0,1
HN452947,2007-07-08 03:30:00,2007,7,1,3,HUMBOLDT PARK,HOMICIDE,HOMICIDE,YES,20-29,M,BLK,1,0,1
HN465053,2007-07-14 00:25:00,2007,7,7,0,HUMBOLDT PARK,HOMICIDE,HOMICIDE,YES,20-29,M,WWH,1,0,1
HN482655,2007-07-22 19:35:00,2007,7,1,19,HUMBOLDT PARK,HOMICIDE,HOMICIDE,NO,0-19,F,BLK,1,0,1
HN489485,2007-07-26 03:55:00,2007,7,5,3,HUMBOLDT PARK,HOMICIDE,HOMICIDE,NO,20-29,M,BLK,1,0,1
HN492996,2007-07-27 20:54:00,2007,7,6,20,HUMBOLDT PARK,HOMICIDE,HOMICIDE,YES,0-19,M,WWH,1,0,1
HN719228,2007-11-20 21:08:00,2007,11,3,21,HUMBOLDT PARK,HOMICIDE,HOMICIDE,YES,20-29,M,BLK,1,0,1
HN294177,2007-04-20 10:30:00,2007,4,6,10,IRVING PARK,HOMICIDE,HOMICIDE,NO,40-49,M,WBH,1,0,1
HN366030,2007-05-26 09:59:00,2007,5,7,9,IRVING PARK,HOMICIDE,HOMICIDE,NO,80+,F,WHI,1,0,1
HN253264,2007-03-28 22:41:00,2007,3,4,22,JEFFERSON PARK,HOMICIDE,HOMICIDE,NO,40-49,M,WHI,1,0,1
HN412031,2007-06-17 23:30:00,2007,6,1,23,KENWOOD,HOMICIDE,HOMICIDE,YES,20-29,M,BLK,1,0,1
HN706070,2007-11-14 00:51:00,2007,11,4,0,KENWOOD,HOMICIDE,HOMICIDE,NO,50-59,F,BLK,1,0,1
HN217726,2007-03-10 06:56:00,2007,3,7,6,LAKE VIEW,HOMICIDE,HOMICIDE,NO,20-29,M,WHI,1,0,1
HN217726,2007-03-10 06:56:00,2007,3,7,6,LAKE VIEW,HOMICIDE,HOMICIDE,NO,20-29,M,WHI,1,0,1
HN217726,2007-03-10 06:56:00,2007,3,7,6,LAKE VIEW,HOMICIDE,HOMICIDE,NO,20-29,F,WHI,1,0,1
HN217726,2007-03-10 06:56:00,2007,3,7,6,LAKE VIEW,HOMICIDE,HOMICIDE,NO,20-29,M,WHI,1,0,1
HN410529,2007-06-17 03:33:00,2007,6,1,3,LAKE VIEW,HOMICIDE,HOMICIDE,YES,20-29,M,WHI,1,0,1
HN537724,2007-08-19 06:00:00,2007,8,1,6,LAKE VIEW,HOMICIDE,HOMICIDE,NO,20-29,F,WHI,1,0,1
HN637117,2007-10-09 05:03:00,2007,10,3,5,LINCOLN PARK,HOMICIDE,HOMICIDE,YES,20-29,M,BLK,1,0,1
HN454473,2007-07-09 01:50:00,2007,7,2,1,LINCOLN SQUARE,HOMICIDE,HOMICIDE,YES,20-29,M,WWH,1,0,1
HN293841,2007-04-20 07:24:00,2007,4,6,7,LOGAN SQUARE,HOMICIDE,HOMICIDE,YES,0-19,M,WWH,1,0,1
HN295784,2007-04-21 01:52:00,2007,4,7,1,LOGAN SQUARE,HOMICIDE,HOMICIDE,YES,20-29,M,WWH,1,0,1
HN325419,2007-05-06 03:49:00,2007,5,1,3,LOGAN SQUARE,HOMICIDE,HOMICIDE,NO,50-59,M,BLK,1,0,1
HN428095,2007-06-25 18:17:00,2007,6,2,18,LOGAN SQUARE,HOMICIDE,HOMICIDE,YES,0-19,F,BLK,1,0,1
HN455898,2007-07-09 16:00:00,2007,7,2,16,LOGAN SQUARE,HOMICIDE,HOMICIDE,NO,40-49,F,WWH,1,0,1
HN257607,2007-03-31 07:20:00,2007,3,7,7,LOWER WEST SIDE,HOMICIDE,HOMICIDE,YES,20-29,M,WWH,1,0,1
HN438806,2007-07-01 01:06:00,2007,7,1,1,LOWER WEST SIDE,HOMICIDE,HOMICIDE,YES,40-49,M,WWH,1,0,1
HN503621,2007-08-02 00:05:00,2007,8,5,0,LOWER WEST SIDE,HOMICIDE,HOMICIDE,YES,20-29,M,BLK,1,0,1
HN711948,2007-11-17 05:26:00,2007,11,7,5,LOWER WEST SIDE,HOMICIDE,HOMICIDE,YES,20-29,M,WWH,1,0,1
HN363740,2007-05-25 07:32:00,2007,5,6,7,MCKINLEY PARK,HOMICIDE,HOMICIDE,NO,40-49,M,WWH,1,0,1
HN544953,2007-08-22 22:43:00,2007,8,4,22,MCKINLEY PARK,HOMICIDE,HOMICIDE,YES,0-19,M,WWH,1,0,1
HN754407,2007-12-11 21:00:00,2007,12,3,21,MORGAN PARK,HOMICIDE,HOMICIDE,YES,30-39,M,BLK,1,0,1
HN154305,2007-02-01 04:53:00,2007,2,5,4,NEAR NORTH SIDE,HOMICIDE,HOMICIDE,NO,30-39,M,BLK,1,0,1
HN533697,2007-08-17 01:02:00,2007,8,6,1,NEAR NORTH SIDE,HOMICIDE,HOMICIDE,YES,30-39,M,BLK,1,0,1
HN102609,2007-01-02 14:58:00,2007,1,3,14,NEAR SOUTH SIDE,HOMICIDE,HOMICIDE,YES,30-39,M,WHI,1,0,1
HN344365,2007-05-15 16:55:00,2007,5,3,16,NEAR SOUTH SIDE,HOMICIDE,HOMICIDE,YES,30-39,M,BLK,1,0,1
HN635194,2007-10-08 05:48:00,2007,10,2,5,NEAR SOUTH SIDE,HOMICIDE,HOMICIDE,YES,30-39,M,BLK,1,0,1
HN172480,2007-02-12 01:46:00,2007,2,2,1,NEAR WEST SIDE,HOMICIDE,HOMICIDE,YES,30-39,M,WWH,1,0,1
HN320798,2007-05-03 19:00:00,2007,5,5,19,NEAR WEST SIDE,HOMICIDE,HOMICIDE,YES,50-59,M,BLK,1,0,1
HN331065,2007-05-09 00:01:00,2007,5,4,0,NEAR WEST SIDE,HOMICIDE,HOMICIDE,YES,20-29,M,BLK,1,0,1
HN537588,2007-08-19 03:08:00,2007,8,1,3,NEAR WEST SIDE,HOMICIDE,HOMICIDE,YES,20-29,M,BLK,1,0,1
HN623995,2007-09-20 18:52:00,2007,9,5,18,NEAR WEST SIDE,HOMICIDE,HOMICIDE,NO,20-29,F,BLK,1,0,1
HN713951,2007-11-18 05:33:00,2007,11,1,5,NEAR WEST SIDE,HOMICIDE,HOMICIDE,YES,20-29,M,BLK,1,0,1
HN760044,2007-12-15 01:59:00,2007,12,7,1,NEAR WEST SIDE,HOMICIDE,HOMICIDE,NO,30-39,M,BLK,1,0,1
HN773816,2007-12-23 01:06:00,2007,12,1,1,NEAR WEST SIDE,HOMICIDE,HOMICIDE,NO,70-79,M,BLK,1,0,1
HN139711,2007-01-23 17:20:00,2007,1,3,17,NEW CITY,HOMICIDE,HOMICIDE,YES,20-29,F,BLK,1,0,1
HN198008,2007-02-27 08:49:00,2007,2,3,8,NEW CITY,HOMICIDE,HOMICIDE,YES,60-69,M,WHI,1,0,1
HN200974,2007-02-28 20:20:00,2007,2,4,20,NEW CITY,HOMICIDE,HOMICIDE,YES,20-29,M,BLK,1,0,1
HN217414,2007-03-10 00:15:00,2007,3,7,0,NEW CITY,HOMICIDE,HOMICIDE,YES,20-29,M,WWH,1,0,1
HN317292,2007-05-01 23:52:00,2007,5,3,23,NEW CITY,HOMICIDE,HOMICIDE,NO,50-59,F,WHI,1,0,1
HN328658,2007-05-07 21:00:00,2007,5,2,21,NEW CITY,HOMICIDE,HOMICIDE,YES,0-19,M,BLK,1,0,1
HN379414,2007-06-01 22:28:00,2007,6,6,22,NEW CITY,HOMICIDE,HOMICIDE,YES,20-29,M,BLK,1,0,1
HN379414,2007-06-01 22:28:00,2007,6,6,22,NEW CITY,HOMICIDE,HOMICIDE,YES,20-29,M,BLK,1,0,1
HN384418,2007-06-04 12:38:00,2007,6,2,12,NEW CITY,HOMICIDE,HOMICIDE,YES,0-19,M,WWH,1,0,1
HN605582,2007-09-22 22:45:00,2007,9,7,22,NEW CITY,HOMICIDE,HOMICIDE,YES,0-19,M,WWH,1,0,1
HN633299,2007-10-06 22:53:00,2007,10,7,22,NEW CITY,HOMICIDE,HOMICIDE,YES,40-49,M,WHI,1,0,1
HN633367,2007-10-06 23:50:00,2007,10,7,23,NEW CITY,HOMICIDE,HOMICIDE,YES,30-39,M,BLK,1,0,1
HN633367,2007-10-06 23:50:00,2007,10,7,23,NEW CITY,HOMICIDE,HOMICIDE,YES,20-29,M,BLK,1,0,1
HN661056,2007-10-21 09:46:00,2007,10,1,9,NEW CITY,HOMICIDE,HOMICIDE,YES,20-29,M,WWH,1,0,1
HN681368,2007-10-31 18:05:00,2007,10,4,18,NEW CITY,HOMICIDE,HOMICIDE,YES,30-39,F,WWH,1,0,1
HN699009,2007-11-10 02:15:00,2007,11,7,2,NEW CITY,HOMICIDE,HOMICIDE,YES,20-29,M,BLK,1,0,1
HN762395,2007-12-16 16:05:00,2007,12,1,16,NEW CITY,HOMICIDE,HOMICIDE,YES,0-19,F,WWH,1,0,1
HN236256,2007-03-20 03:26:00,2007,3,3,3,NORTH LAWNDALE,HOMICIDE,HOMICIDE,NO,20-29,M,BLK,1,0,1
HN259264,2007-04-01 02:47:00,2007,4,1,2,NORTH LAWNDALE,HOMICIDE,HOMICIDE,YES,20-29,M,BLK,1,0,1
HN283744,2007-04-14 21:29:00,2007,4,7,21,NORTH LAWNDALE,HOMICIDE,HOMICIDE,YES,30-39,M,BLK,1,0,1
HN493572,2007-07-28 02:48:00,2007,7,7,2,NORTH LAWNDALE,HOMICIDE,HOMICIDE,YES,20-29,M,BLK,1,0,1
HN501096,2007-07-31 19:45:00,2007,7,3,19,NORTH LAWNDALE,HOMICIDE,HOMICIDE,YES,20-29,M,BLK,1,0,1
HN519758,2007-08-10 02:35:00,2007,8,6,2,NORTH LAWNDALE,HOMICIDE,HOMICIDE,YES,20-29,M,BLK,1,0,1
HN562650,2007-09-01 00:23:00,2007,9,7,0,NORTH LAWNDALE,HOMICIDE,HOMICIDE,YES,0-19,M,BLK,1,0,1
HN606533,2007-09-23 13:51:00,2007,9,1,13,NORTH LAWNDALE,HOMICIDE,HOMICIDE,NO,80+,M,BLK,1,0,1
HN413142,2007-06-18 12:53:00,2007,6,2,12,NORWOOD PARK,HOMICIDE,HOMICIDE,NO,60-69,F,WHI,1,0,1
HN542883,2007-08-21 15:00:00,2007,8,3,15,NORWOOD PARK,HOMICIDE,HOMICIDE,YES,70-79,F,WHI,1,0,1
HN472282,2007-07-17 17:10:00,2007,7,3,17,PORTAGE PARK,HOMICIDE,HOMICIDE,YES,20-29,M,WHI,1,0,1
HN782546,2007-12-28 22:21:00,2007,12,6,22,PORTAGE PARK,HOMICIDE,HOMICIDE,YES,20-29,M,WWH,1,0,1
HN539215,2007-08-20 01:58:00,2007,8,2,1,PULLMAN,HOMICIDE,HOMICIDE,YES,40-49,M,BLK,1,0,1
HN251586,2007-03-28 03:55:00,2007,3,4,3,RIVERDALE,HOMICIDE,HOMICIDE,YES,30-39,F,BLK,1,0,1
HN527400,2007-08-13 21:18:00,2007,8,2,21,RIVERDALE,HOMICIDE,HOMICIDE,YES,0-19,M,BLK,1,0,1
HN589993,2007-09-15 02:30:00,2007,9,7,2,RIVERDALE,HOMICIDE,HOMICIDE,YES,30-39,M,BLK,1,0,1
HN380976,2007-06-02 17:56:00,2007,6,7,17,ROGERS PARK,HOMICIDE,HOMICIDE,YES,20-29,M,WWH,1,0,1
HN600050,2007-09-20 18:54:00,2007,9,5,18,ROGERS PARK,HOMICIDE,HOMICIDE,NO,0-19,M,BLK,1,0,1
HN732574,2007-11-29 03:48:00,2007,11,5,3,ROGERS PARK,HOMICIDE,HOMICIDE,YES,30-39,M,WWH,1,0,1
HN230717,2007-03-16 23:05:00,2007,3,6,23,ROSELAND,HOMICIDE,HOMICIDE,YES,20-29,M,BLK,1,0,1
HN246043,2007-03-25 07:00:00,2007,3,1,7,ROSELAND,HOMICIDE,HOMICIDE,NO,40-49,F,BLK,1,0,1
HN251445,2007-03-27 23:50:00,2007,3,3,23,ROSELAND,HOMICIDE,HOMICIDE,YES,20-29,M,BLK,1,0,1
HN275516,2007-04-10 15:35:00,2007,4,3,15,ROSELAND,HOMICIDE,HOMICIDE,NO,30-39,M,BLK,1,0,1
HN370259,2007-05-28 16:45:00,2007,5,2,16,ROSELAND,HOMICIDE,HOMICIDE,YES,20-29,M,BLK,1,0,1
HP412566,2007-06-23 23:40:00,2007,6,7,23,ROSELAND,HOMICIDE,HOMICIDE,YES,30-39,M,BLK,1,0,1
HN426529,2007-06-24 22:20:00,2007,6,1,22,ROSELAND,HOMICIDE,HOMICIDE,NO,40-49,M,BLK,1,0,1
HN509512,2007-08-05 00:24:00,2007,8,1,0,ROSELAND,HOMICIDE,HOMICIDE,YES,0-19,M,BLK,1,0,1
HN548631,2007-08-24 23:05:00,2007,8,6,23,ROSELAND,HOMICIDE,HOMICIDE,YES,0-19,F,BLK,1,0,1
HN566067,2007-09-02 21:35:00,2007,9,1,21,ROSELAND,HOMICIDE,HOMICIDE,NO,80+,M,BLK,1,0,1
HN566067,2007-09-02 21:35:00,2007,9,1,21,ROSELAND,HOMICIDE,HOMICIDE,NO,60-69,M,BLK,1,0,1
HN605044,2007-09-22 15:30:00,2007,9,7,15,ROSELAND,HOMICIDE,HOMICIDE,NO,30-39,M,BLK,1,0,1
HN623116,2007-10-01 20:05:00,2007,10,2,20,ROSELAND,HOMICIDE,HOMICIDE,NO,50-59,M,BLK,1,0,1
HN658811,2007-10-20 02:21:00,2007,10,7,2,ROSELAND,HOMICIDE,HOMICIDE,YES,50-59,M,BLK,1,0,1
HN750154,2007-12-09 14:00:00,2007,12,1,14,ROSELAND,HOMICIDE,HOMICIDE,YES,20-29,M,BLK,1,0,1
HN784067,2007-12-29 22:30:00,2007,12,7,22,ROSELAND,HOMICIDE,HOMICIDE,NO,50-59,F,BLK,1,0,1
HN785734,2007-12-31 00:30:00,2007,12,2,0,ROSELAND,HOMICIDE,HOMICIDE,YES,30-39,M,BLK,1,0,1
HN133795,2007-01-20 02:20:00,2007,1,7,2,SOUTH CHICAGO,HOMICIDE,HOMICIDE,NO,50-59,M,WWH,1,0,1
HN190511,2007-02-22 16:50:00,2007,2,5,16,SOUTH CHICAGO,HOMICIDE,HOMICIDE,YES,0-19,M,BLK,1,0,1
HN359318,2007-05-23 02:01:00,2007,5,4,2,SOUTH CHICAGO,HOMICIDE,HOMICIDE,YES,0-19,M,BLK,1,0,1
HN379877,2007-06-02 04:48:00,2007,6,7,4,SOUTH CHICAGO,HOMICIDE,HOMICIDE,YES,40-49,M,WWH,1,0,1
HN428126,2007-06-25 18:45:00,2007,6,2,18,SOUTH CHICAGO,HOMICIDE,HOMICIDE,YES,20-29,M,WWH,1,0,1
HN435231,2007-06-29 10:40:00,2007,6,6,10,SOUTH CHICAGO,HOMICIDE,HOMICIDE,YES,30-39,M,BLK,1,0,1
HN445557,2007-07-04 12:56:00,2007,7,4,12,SOUTH CHICAGO,HOMICIDE,HOMICIDE,YES,0-19,M,BLK,1,0,1
HN467899,2007-07-15 14:08:00,2007,7,1,14,SOUTH CHICAGO,HOMICIDE,HOMICIDE,YES,0-19,M,BLK,1,0,1
HN502642,2007-08-01 16:05:00,2007,8,4,16,SOUTH CHICAGO,HOMICIDE,HOMICIDE,YES,20-29,M,BLK,1,0,1
HN631687,2007-10-06 01:21:00,2007,10,7,1,SOUTH CHICAGO,HOMICIDE,HOMICIDE,YES,20-29,M,BLK,1,0,1
HN712324,2007-11-17 11:30:00,2007,11,7,11,SOUTH CHICAGO,HOMICIDE,HOMICIDE,YES,20-29,M,BLK,1,0,1
HN584990,2007-09-12 15:05:00,2007,9,4,15,SOUTH DEERING,HOMICIDE,HOMICIDE,YES,30-39,M,BLK,1,0,1
HN631720,2007-10-06 02:50:00,2007,10,7,2,SOUTH DEERING,HOMICIDE,HOMICIDE,YES,0-19,M,WWH,1,0,1
HN005107,2007-10-07 17:40:00,2007,10,1,17,SOUTH DEERING,HOMICIDE,HOMICIDE,YES,20-29,M,BLK,1,0,1
HN716524,2007-11-19 16:35:00,2007,11,2,16,SOUTH DEERING,HOMICIDE,HOMICIDE,YES,20-29,M,BLK,1,0,1
HN101673,2007-01-01 22:54:00,2007,1,2,22,SOUTH LAWNDALE,HOMICIDE,HOMICIDE,NO,20-29,M,WWH,1,0,1
HN127983,2007-01-16 22:22:00,2007,1,3,22,SOUTH LAWNDALE,HOMICIDE,HOMICIDE,NO,20-29,F,WWH,1,0,1
HN169461,2007-02-10 00:24:00,2007,2,7,0,SOUTH LAWNDALE,HOMICIDE,HOMICIDE,YES,40-49,M,WWH,1,0,1
HN235814,2007-03-19 20:33:00,2007,3,2,20,SOUTH LAWNDALE,HOMICIDE,HOMICIDE,YES,0-19,M,WWH,1,0,1
HN265885,2007-04-04 19:41:00,2007,4,4,19,SOUTH LAWNDALE,HOMICIDE,HOMICIDE,YES,0-19,M,WWH,1,0,1
HN267835,2007-04-05 22:24:00,2007,4,5,22,SOUTH LAWNDALE,HOMICIDE,HOMICIDE,YES,0-19,M,WWH,1,0,1
HN353433,2007-05-20 02:40:00,2007,5,1,2,SOUTH LAWNDALE,HOMICIDE,HOMICIDE,YES,0-19,M,BLK,1,0,1
HN399309,2007-06-11 20:40:00,2007,6,2,20,SOUTH LAWNDALE,HOMICIDE,HOMICIDE,YES,0-19,M,WWH,1,0,1
HN446828,2007-07-05 03:55:00,2007,7,5,3,SOUTH LAWNDALE,HOMICIDE,HOMICIDE,YES,20-29,M,WWH,1,0,1
HN479547,2007-07-21 04:37:00,2007,7,7,4,SOUTH LAWNDALE,HOMICIDE,HOMICIDE,YES,20-29,M,WWH,1,0,1
HN536144,2007-08-18 09:39:00,2007,8,7,9,SOUTH LAWNDALE,HOMICIDE,HOMICIDE,YES,20-29,M,WWH,1,0,1
HN605677,2007-09-24 02:54:00,2007,9,2,2,SOUTH LAWNDALE,HOMICIDE,HOMICIDE,NO,30-39,M,WWH,1,0,1
HN623476,2007-10-02 00:40:00,2007,10,3,0,SOUTH LAWNDALE,HOMICIDE,HOMICIDE,NO,20-29,F,WWH,1,0,1
HN660660,2007-10-21 02:02:00,2007,10,1,2,SOUTH LAWNDALE,HOMICIDE,HOMICIDE,YES,20-29,M,WWH,1,0,1
HN671718,2007-10-26 19:19:00,2007,10,6,19,SOUTH LAWNDALE,HOMICIDE,HOMICIDE,YES,30-39,M,BLK,1,0,1
HN696226,2007-11-08 16:42:00,2007,11,5,16,SOUTH LAWNDALE,HOMICIDE,HOMICIDE,YES,0-19,M,WWH,1,0,1
HN754791,2007-12-12 07:20:00,2007,12,4,7,SOUTH LAWNDALE,HOMICIDE,HOMICIDE,NO,30-39,M,WWH,1,0,1
HN760186,2007-12-15 06:32:00,2007,12,7,6,SOUTH LAWNDALE,HOMICIDE,HOMICIDE,YES,20-29,M,WWH,1,0,1
HN775327,2007-12-24 00:13:00,2007,12,2,0,SOUTH LAWNDALE,HOMICIDE,HOMICIDE,NO,20-29,M,WWH,1,0,1
HN100491,2007-01-01 05:15:00,2007,1,2,5,SOUTH SHORE,HOMICIDE,HOMICIDE,NO,20-29,M,BLK,1,0,1
HN260794,2007-04-02 01:00:00,2007,4,2,1,SOUTH SHORE,HOMICIDE,HOMICIDE,YES,20-29,F,BLK,1,0,1
HN298352,2007-04-22 12:17:00,2007,4,1,12,SOUTH SHORE,HOMICIDE,HOMICIDE,YES,30-39,M,BLK,1,0,1
HN330134,2007-05-08 15:16:00,2007,5,3,15,SOUTH SHORE,HOMICIDE,HOMICIDE,YES,20-29,M,BLK,1,0,1
HN348469,2007-05-17 17:18:00,2007,5,5,17,SOUTH SHORE,HOMICIDE,HOMICIDE,YES,20-29,M,BLK,1,0,1
HN353153,2007-05-19 23:03:00,2007,5,7,23,SOUTH SHORE,HOMICIDE,HOMICIDE,YES,30-39,M,BLK,1,0,1
HN414998,2007-06-19 14:33:00,2007,6,3,14,SOUTH SHORE,HOMICIDE,HOMICIDE,NO,40-49,M,BLK,1,0,1
HN462957,2007-07-12 23:47:00,2007,7,5,23,SOUTH SHORE,HOMICIDE,HOMICIDE,YES,20-29,M,BLK,1,0,1
HN463816,2007-07-13 20:57:00,2007,7,6,20,SOUTH SHORE,HOMICIDE,HOMICIDE,NO,50-59,F,BLK,1,0,1
HN508243,2007-08-04 09:21:00,2007,8,7,9,SOUTH SHORE,HOMICIDE,HOMICIDE,YES,0-19,M,BLK,1,0,1
HN523477,2007-08-11 22:50:00,2007,8,7,22,SOUTH SHORE,HOMICIDE,HOMICIDE,YES,0-19,M,BLK,1,0,1
HN578318,2007-09-09 01:32:00,2007,9,1,1,SOUTH SHORE,HOMICIDE,HOMICIDE,YES,30-39,M,BLK,1,0,1
HN651937,2007-10-16 17:00:00,2007,10,3,17,SOUTH SHORE,HOMICIDE,HOMICIDE,NO,0-19,M,BLK,1,0,1
HN727018,2007-11-26 02:55:00,2007,11,2,2,SOUTH SHORE,HOMICIDE,HOMICIDE,NO,60-69,F,BLK,1,0,1
HN742792,2007-12-05 03:00:00,2007,12,4,3,SOUTH SHORE,HOMICIDE,HOMICIDE,YES,30-39,M,BLK,1,0,1
HN774134,2007-12-23 13:33:00,2007,12,1,13,SOUTH SHORE,HOMICIDE,HOMICIDE,YES,40-49,M,BLK,1,0,1
HN228132,2007-03-15 17:15:00,2007,3,5,17,UPTOWN,HOMICIDE,HOMICIDE,NO,0-19,M,WHI,1,0,1
HN562939,2007-09-01 05:25:00,2007,9,7,5,UPTOWN,HOMICIDE,HOMICIDE,NO,60-69,M,API,1,0,1
HN572382,2007-09-06 04:56:00,2007,9,5,4,UPTOWN,HOMICIDE,HOMICIDE,YES,30-39,M,BLK,1,0,1
HN574311,2007-09-07 01:34:00,2007,9,6,1,UPTOWN,HOMICIDE,HOMICIDE,YES,20-29,M,BLK,1,0,1
HN580133,2007-09-10 04:55:00,2007,9,2,4,UPTOWN,HOMICIDE,HOMICIDE,YES,20-29,M,BLK,1,0,1
HN274104,2007-04-09 19:42:00,2007,4,2,19,WASHINGTON HEIGHTS,HOMICIDE,HOMICIDE,YES,0-19,M,BLK,1,0,1
HN289757,2007-04-18 00:01:00,2007,4,4,0,WASHINGTON HEIGHTS,HOMICIDE,HOMICIDE,YES,20-29,M,BLK,1,0,1
HN297667,2007-04-22 01:10:00,2007,4,1,1,WASHINGTON HEIGHTS,HOMICIDE,HOMICIDE,YES,20-29,M,BLK,1,0,1
HN323578,2007-05-05 03:10:00,2007,5,7,3,WASHINGTON HEIGHTS,HOMICIDE,HOMICIDE,YES,0-19,M,BLK,1,0,1
HN334241,2007-05-10 15:10:00,2007,5,5,15,WASHINGTON HEIGHTS,HOMICIDE,HOMICIDE,YES,0-19,M,BLK,1,0,1
HN372545,2007-05-29 17:00:00,2007,5,3,17,WASHINGTON HEIGHTS,HOMICIDE,HOMICIDE,NO,0-19,F,BLK,1,0,1
HN395771,2007-06-10 02:40:00,2007,6,1,2,WASHINGTON HEIGHTS,HOMICIDE,HOMICIDE,YES,40-49,M,BLK,1,0,1
HN428774,2007-06-26 02:00:00,2007,6,3,2,WASHINGTON HEIGHTS,HOMICIDE,HOMICIDE,YES,20-29,M,BLK,1,0,1
HN475114,2007-07-18 23:41:00,2007,7,4,23,WASHINGTON HEIGHTS,HOMICIDE,HOMICIDE,YES,20-29,M,BLK,1,0,1
HN477144,2007-07-20 00:22:00,2007,7,6,0,WASHINGTON HEIGHTS,HOMICIDE,HOMICIDE,YES,20-29,F,BLK,1,0,1
HN493622,2007-07-28 03:10:00,2007,7,7,3,WASHINGTON HEIGHTS,HOMICIDE,HOMICIDE,YES,40-49,M,BLK,1,0,1
HN527524,2007-08-13 22:40:00,2007,8,2,22,WASHINGTON HEIGHTS,HOMICIDE,HOMICIDE,YES,20-29,M,BLK,1,0,1
HN543145,2007-08-22 00:50:00,2007,8,4,0,WASHINGTON HEIGHTS,HOMICIDE,HOMICIDE,YES,0-19,M,BLK,1,0,1
HN575524,2007-09-07 19:01:00,2007,9,6,19,WASHINGTON HEIGHTS,HOMICIDE,HOMICIDE,NO,60-69,M,BLK,1,0,1
HN591790,2007-09-16 02:16:00,2007,9,1,2,WASHINGTON HEIGHTS,HOMICIDE,HOMICIDE,YES,30-39,M,BLK,1,0,1
HN113626,2007-01-08 19:53:00,2007,1,2,19,WASHINGTON PARK,HOMICIDE,HOMICIDE,YES,30-39,M,BLK,1,0,1
HN120878,2007-01-12 22:00:00,2007,1,6,22,WASHINGTON PARK,HOMICIDE,HOMICIDE,NO,30-39,M,BLK,1,0,1
HN199429,2007-02-27 23:15:00,2007,2,3,23,WASHINGTON PARK,HOMICIDE,HOMICIDE,YES,50-59,M,BLK,1,0,1
HN329056,2007-05-08 01:55:00,2007,5,3,1,WASHINGTON PARK,HOMICIDE,HOMICIDE,NO,60-69,M,BLK,1,0,1
HN421067,2007-06-22 06:16:00,2007,6,6,6,WASHINGTON PARK,HOMICIDE,HOMICIDE,NO,40-49,M,BLK,1,0,1
HN452920,2007-07-08 00:31:00,2007,7,1,0,WASHINGTON PARK,HOMICIDE,HOMICIDE,YES,20-29,M,BLK,1,0,1
HN564446,2007-09-02 03:47:00,2007,9,1,3,WASHINGTON PARK,HOMICIDE,HOMICIDE,YES,20-29,M,BLK,1,0,1
HN565966,2007-09-02 20:47:00,2007,9,1,20,WASHINGTON PARK,HOMICIDE,HOMICIDE,YES,0-19,M,BLK,1,0,1
HN575980,2007-09-08 01:21:00,2007,9,7,1,WASHINGTON PARK,HOMICIDE,HOMICIDE,YES,0-19,M,BLK,1,0,1
HN704151,2007-11-13 23:45:00,2007,11,3,23,WASHINGTON PARK,HOMICIDE,HOMICIDE,NO,20-29,F,BLK,1,0,1
HN777838,2007-12-26 06:24:00,2007,12,4,6,WASHINGTON PARK,HOMICIDE,HOMICIDE,YES,20-29,M,BLK,1,0,1
HN535216,2007-08-17 19:41:00,2007,8,6,19,WEST ELSDON,HOMICIDE,HOMICIDE,NO,30-39,M,WHI,1,0,1
HN631388,2007-10-05 23:00:00,2007,10,6,23,WEST ELSDON,HOMICIDE,HOMICIDE,NO,40-49,M,WWH,1,0,1
HN128132,2007-01-17 01:15:00,2007,1,4,1,WEST ENGLEWOOD,HOMICIDE,HOMICIDE,YES,20-29,F,BLK,1,0,1
HN193120,2007-02-24 00:12:00,2007,2,7,0,WEST ENGLEWOOD,HOMICIDE,HOMICIDE,YES,0-19,M,BLK,1,0,1
HN295909,2007-04-21 05:18:00,2007,4,7,5,WEST ENGLEWOOD,HOMICIDE,HOMICIDE,NO,20-29,M,BLK,1,0,1
HN401613,2007-06-12 22:30:00,2007,6,3,22,WEST ENGLEWOOD,HOMICIDE,HOMICIDE,YES,0-19,M,BLK,1,0,1
HN403949,2007-06-14 02:21:00,2007,6,5,2,WEST ENGLEWOOD,HOMICIDE,HOMICIDE,YES,30-39,M,BLK,1,0,1
HN410322,2007-06-16 23:34:00,2007,6,7,23,WEST ENGLEWOOD,HOMICIDE,HOMICIDE,NO,40-49,M,BLK,1,0,1
HN629496,2007-10-05 01:04:00,2007,10,6,1,WEST ENGLEWOOD,HOMICIDE,HOMICIDE,YES,20-29,M,BLK,1,0,1
HN634292,2007-10-07 13:15:00,2007,10,1,13,WEST ENGLEWOOD,HOMICIDE,HOMICIDE,YES,40-49,F,BLK,1,0,1
HN646649,2007-10-13 23:06:00,2007,10,7,23,WEST ENGLEWOOD,HOMICIDE,HOMICIDE,NO,0-19,M,BLK,1,0,1
HN711884,2007-11-17 14:14:00,2007,11,7,14,WEST ENGLEWOOD,HOMICIDE,HOMICIDE,YES,20-29,M,BLK,1,0,1
HN732252,2007-11-28 21:20:00,2007,11,4,21,WEST ENGLEWOOD,HOMICIDE,HOMICIDE,YES,20-29,M,BLK,1,0,1
HN764902,2007-12-17 21:00:00,2007,12,2,21,WEST ENGLEWOOD,HOMICIDE,HOMICIDE,YES,30-39,M,BLK,1,0,1
HN772190,2007-12-22 02:30:00,2007,12,7,2,WEST ENGLEWOOD,HOMICIDE,HOMICIDE,YES,20-29,M,BLK,1,0,1
HN106568,2007-01-04 17:39:00,2007,1,5,17,WEST GARFIELD PARK,HOMICIDE,HOMICIDE,YES,30-39,M,BLK,1,0,1
HN166622,2007-02-08 13:20:00,2007,2,5,13,WEST GARFIELD PARK,HOMICIDE,HOMICIDE,YES,0-19,M,BLK,1,0,1
HN239664,2007-03-21 21:23:00,2007,3,4,21,WEST GARFIELD PARK,HOMICIDE,HOMICIDE,YES,40-49,M,BLK,1,0,1
HN239664,2007-03-21 21:23:00,2007,3,4,21,WEST GARFIELD PARK,HOMICIDE,HOMICIDE,YES,20-29,M,BLK,1,0,1
HN245825,2007-03-25 02:12:00,2007,3,1,2,WEST GARFIELD PARK,HOMICIDE,HOMICIDE,YES,0-19,M,BLK,1,0,1
HN311410,2007-04-29 01:20:00,2007,4,1,1,WEST GARFIELD PARK,HOMICIDE,HOMICIDE,YES,20-29,M,BLK,1,0,1
HN391155,2007-06-07 20:04:00,2007,6,5,20,WEST GARFIELD PARK,HOMICIDE,HOMICIDE,YES,20-29,M,BLK,1,0,1
HN467125,2007-07-15 02:36:00,2007,7,1,2,WEST GARFIELD PARK,HOMICIDE,HOMICIDE,YES,30-39,M,BLK,1,0,1
HN477205,2007-07-20 05:25:00,2007,7,6,5,WEST GARFIELD PARK,HOMICIDE,HOMICIDE,YES,20-29,M,BLK,1,0,1
HN535589,2007-08-17 23:00:00,2007,8,6,23,WEST GARFIELD PARK,HOMICIDE,HOMICIDE,YES,20-29,M,WWH,1,0,1
HN652983,2007-10-17 09:53:00,2007,10,4,9,WEST GARFIELD PARK,HOMICIDE,HOMICIDE,YES,20-29,M,BLK,1,0,1
HN696765,2007-11-08 21:31:00,2007,11,5,21,WEST GARFIELD PARK,HOMICIDE,HOMICIDE,YES,20-29,M,BLK,1,0,1
HN737868,2007-12-02 03:00:00,2007,12,1,3,WEST GARFIELD PARK,HOMICIDE,HOMICIDE,YES,20-29,M,BLK,1,0,1
HN757459,2007-12-13 16:58:00,2007,12,5,16,WEST GARFIELD PARK,HOMICIDE,HOMICIDE,YES,20-29,M,BLK,1,0,1
HN446344,2007-07-04 22:00:00,2007,7,4,22,WEST LAWN,HOMICIDE,HOMICIDE,YES,20-29,M,WWH,1,0,1
HN159314,2007-02-04 01:35:00,2007,2,1,1,WEST PULLMAN,HOMICIDE,HOMICIDE,YES,20-29,M,BLK,1,0,1
HN194954,2007-02-25 06:29:00,2007,2,1,6,WEST PULLMAN,HOMICIDE,HOMICIDE,YES,30-39,M,BLK,1,0,1
HN197480,2007-02-26 19:52:00,2007,2,2,19,WEST PULLMAN,HOMICIDE,HOMICIDE,YES,20-29,M,BLK,1,0,1
HN198327,2007-02-27 22:00:00,2007,2,3,22,WEST PULLMAN,HOMICIDE,HOMICIDE,NO,20-29,F,BLK,1,0,1
HN203111,2007-03-02 03:20:00,2007,3,6,3,WEST PULLMAN,HOMICIDE,HOMICIDE,YES,20-29,M,BLK,1,0,1
HN224568,2007-03-13 20:21:00,2007,3,3,20,WEST PULLMAN,HOMICIDE,HOMICIDE,YES,20-29,M,BLK,1,0,1
HN309691,2007-04-28 04:55:00,2007,4,7,4,WEST PULLMAN,HOMICIDE,HOMICIDE,YES,30-39,M,BLK,1,0,1
HN365543,2007-05-26 00:31:00,2007,5,7,0,WEST PULLMAN,HOMICIDE,HOMICIDE,YES,30-39,M,BLK,1,0,1
HN401698,2007-06-12 23:26:00,2007,6,3,23,WEST PULLMAN,HOMICIDE,HOMICIDE,YES,20-29,M,BLK,1,0,1
HN443805,2007-07-03 15:34:00,2007,7,3,15,WEST PULLMAN,HOMICIDE,HOMICIDE,YES,30-39,F,BLK,1,0,1
HN509950,2007-08-05 06:30:00,2007,8,1,6,WEST PULLMAN,HOMICIDE,HOMICIDE,NO,20-29,M,BLK,1,0,1
HN549037,2007-08-25 04:25:00,2007,8,7,4,WEST PULLMAN,HOMICIDE,HOMICIDE,YES,30-39,M,BLK,1,0,1
HN562334,2007-08-31 21:12:00,2007,8,6,21,WEST PULLMAN,HOMICIDE,HOMICIDE,YES,20-29,M,BLK,1,0,1
HN579833,2007-09-09 22:32:00,2007,9,1,22,WEST PULLMAN,HOMICIDE,HOMICIDE,YES,20-29,M,BLK,1,0,1
HN587574,2007-09-13 21:24:00,2007,9,5,21,WEST PULLMAN,HOMICIDE,HOMICIDE,YES,50-59,M,BLK,1,0,1
HN685599,2007-11-02 18:55:00,2007,11,6,18,WEST PULLMAN,HOMICIDE,HOMICIDE,NO,40-49,M,BLK,1,0,1
HN181190,2007-02-17 07:29:00,2007,2,7,7,WEST RIDGE,HOMICIDE,HOMICIDE,NO,60-69,F,WHI,1,0,1
HN181190,2007-02-17 07:29:00,2007,2,7,7,WEST RIDGE,HOMICIDE,HOMICIDE,NO,40-49,F,WHI,1,0,1
HN181190,2007-02-17 07:29:00,2007,2,7,7,WEST RIDGE,HOMICIDE,HOMICIDE,NO,40-49,M,WHI,1,0,1
HN317249,2007-05-02 01:01:00,2007,5,4,1,WEST RIDGE,HOMICIDE,HOMICIDE,YES,20-29,M,BLK,1,0,1
HN452785,2007-07-08 01:10:00,2007,7,1,1,WEST RIDGE,HOMICIDE,HOMICIDE,YES,20-29,M,BLK,1,0,1
HN585818,2007-09-12 22:19:00,2007,9,4,22,WEST RIDGE,HOMICIDE,HOMICIDE,NO,30-39,M,BLK,1,0,1
HN662474,2007-10-22 03:11:00,2007,10,2,3,WEST RIDGE,HOMICIDE,HOMICIDE,YES,0-19,M,BLK,1,0,1
HN743179,2007-12-05 10:00:00,2007,12,4,10,WEST RIDGE,HOMICIDE,HOMICIDE,NO,40-49,F,BLK,1,0,1
HN135439,2007-01-21 01:49:00,2007,1,1,1,WEST TOWN,HOMICIDE,HOMICIDE,NO,0-19,F,WHI,1,0,1
HN452775,2007-07-08 01:05:00,2007,7,1,1,WEST TOWN,HOMICIDE,HOMICIDE,YES,20-29,M,WWH,1,0,1
HN485036,2007-07-23 21:25:00,2007,7,2,21,WEST TOWN,HOMICIDE,HOMICIDE,NO,30-39,M,WWH,1,0,1
HN489031,2007-07-25 21:17:00,2007,7,4,21,WEST TOWN,HOMICIDE,HOMICIDE,YES,0-19,M,WWH,1,0,1
HN548102,2007-08-14 13:30:00,2007,8,3,13,WEST TOWN,HOMICIDE,HOMICIDE,NO,40-49,M,WWH,1,0,1
HN560737,2007-08-31 03:11:00,2007,8,6,3,WEST TOWN,HOMICIDE,HOMICIDE,YES,20-29,M,WHI,1,0,1
HN593578,2007-09-17 07:07:00,2007,9,2,7,WEST TOWN,HOMICIDE,HOMICIDE,YES,20-29,M,BLK,1,0,1
HN752096,2007-12-08 15:30:00,2007,12,7,15,WEST TOWN,HOMICIDE,HOMICIDE,NO,70-79,M,WWH,1,0,1
HN291770,2007-04-14 02:00:00,2007,4,7,2,WOODLAWN,HOMICIDE,HOMICIDE,NO,70-79,M,BLK,1,0,1
HN418678,2007-06-21 00:14:00,2007,6,5,0,WOODLAWN,HOMICIDE,HOMICIDE,YES,20-29,M,BLK,1,0,1
HN446743,2007-07-05 02:00:00,2007,7,5,2,WOODLAWN,HOMICIDE,HOMICIDE,YES,20-29,M,BLK,1,0,1
HN589480,2007-09-14 19:54:00,2007,9,6,19,WOODLAWN,HOMICIDE,HOMICIDE,YES,0-19,M,BLK,1,0,1
HN619803,2007-09-30 01:10:00,2007,9,1,1,WOODLAWN,HOMICIDE,HOMICIDE,YES,30-39,M,BLK,1,0,1
HN715332,2007-11-19 01:23:00,2007,11,2,1,WOODLAWN,HOMICIDE,HOMICIDE,YES,20-29,M,BLK,1,0,1
HP112256,2008-01-08 01:32:00,2008,1,3,1,ALBANY PARK,HOMICIDE,HOMICIDE,YES,20-29,M,WWH,1,0,1
HP393833,2008-06-13 23:30:00,2008,6,6,23,ALBANY PARK,HOMICIDE,HOMICIDE,YES,40-49,M,WWH,1,0,1
HP480678,2008-07-28 23:18:00,2008,7,2,23,ALBANY PARK,HOMICIDE,HOMICIDE,YES,0-19,M,WWH,1,0,1
HP106822,2008-01-04 22:15:00,2008,1,6,22,ARCHER HEIGHTS,HOMICIDE,HOMICIDE,YES,0-19,M,WWH,1,0,1
HP583945,2008-09-21 01:04:00,2008,9,1,1,ARCHER HEIGHTS,HOMICIDE,HOMICIDE,NO,40-49,M,WHI,1,0,1
HP201887,2008-03-01 00:45:00,2008,3,7,0,ASHBURN,HOMICIDE,HOMICIDE,YES,0-19,M,WWH,1,0,1
HP389528,2008-06-11 19:59:00,2008,6,4,19,ASHBURN,HOMICIDE,HOMICIDE,YES,50-59,M,BLK,1,0,1
HP166985,2008-02-09 08:20:00,2008,2,7,8,AUBURN GRESHAM,HOMICIDE,HOMICIDE,YES,40-49,F,BLK,1,0,1
HP166985,2008-02-09 08:20:00,2008,2,7,8,AUBURN GRESHAM,HOMICIDE,HOMICIDE,YES,50-59,M,BLK,1,0,1
HP183992,2008-02-19 18:18:00,2008,2,3,18,AUBURN GRESHAM,HOMICIDE,HOMICIDE,YES,0-19,M,BLK,1,0,1
HP195743,2008-02-26 14:47:00,2008,2,3,14,AUBURN GRESHAM,HOMICIDE,HOMICIDE,YES,0-19,M,BLK,1,0,1
HP215285,2008-03-09 01:15:00,2008,3,1,1,AUBURN GRESHAM,HOMICIDE,HOMICIDE,YES,20-29,M,BLK,1,0,1
HP306388,2008-04-28 21:27:00,2008,4,2,21,AUBURN GRESHAM,HOMICIDE,HOMICIDE,YES,30-39,M,BLK,1,0,1
HP336810,2008-05-15 12:42:00,2008,5,5,12,AUBURN GRESHAM,HOMICIDE,HOMICIDE,NO,0-19,M,BLK,1,0,1
HP353313,2008-05-24 01:07:00,2008,5,7,1,AUBURN GRESHAM,HOMICIDE,HOMICIDE,YES,20-29,M,BLK,1,0,1
HP453221,2008-07-14 23:17:00,2008,7,2,23,AUBURN GRESHAM,HOMICIDE,HOMICIDE,NO,0-19,F,BLK,1,0,1
HP464777,2008-07-20 23:19:00,2008,7,1,23,AUBURN GRESHAM,HOMICIDE,HOMICIDE,YES,40-49,F,BLK,1,0,1
HP475165,2008-07-26 02:20:00,2008,7,7,2,AUBURN GRESHAM,HOMICIDE,HOMICIDE,YES,20-29,M,BLK,1,0,1
HP506019,2008-08-10 22:15:00,2008,8,1,22,AUBURN GRESHAM,HOMICIDE,HOMICIDE,YES,20-29,M,BLK,1,0,1
HP508252,2008-08-12 03:10:00,2008,8,3,3,AUBURN GRESHAM,HOMICIDE,HOMICIDE,NO,40-49,M,BLK,1,0,1
HP512018,2008-08-14 00:55:00,2008,8,5,0,AUBURN GRESHAM,HOMICIDE,HOMICIDE,YES,20-29,M,BLK,1,0,1
HP554732,2008-09-05 14:48:00,2008,9,6,14,AUBURN GRESHAM,HOMICIDE,HOMICIDE,YES,30-39,M,BLK,1,0,1
HP575783,2008-09-16 21:01:00,2008,9,3,21,AUBURN GRESHAM,HOMICIDE,HOMICIDE,YES,0-19,M,BLK,1,0,1
HP586311,2008-09-22 12:58:00,2008,9,2,12,AUBURN GRESHAM,HOMICIDE,HOMICIDE,YES,30-39,F,BLK,1,0,1
HP597025,2008-09-27 21:40:00,2008,9,7,21,AUBURN GRESHAM,HOMICIDE,HOMICIDE,YES,30-39,M,BLK,1,0,1
HP697087,2008-11-22 18:20:00,2008,11,7,18,AUBURN GRESHAM,HOMICIDE,HOMICIDE,YES,30-39,M,BLK,1,0,1
HP101750,2008-01-02 00:18:00,2008,1,4,0,AUSTIN,HOMICIDE,HOMICIDE,NO,40-49,M,BLK,1,0,1
HP108587,2008-01-05 22:45:00,2008,1,7,22,AUSTIN,HOMICIDE,HOMICIDE,YES,20-29,M,BLK,1,0,1
HP112285,2008-01-06 19:00:00,2008,1,1,19,AUSTIN,HOMICIDE,HOMICIDE,NO,40-49,M,BLK,1,0,1
HP144915,2008-01-26 21:02:00,2008,1,7,21,AUSTIN,HOMICIDE,HOMICIDE,YES,40-49,M,BLK,1,0,1
HP204846,2008-03-02 21:13:00,2008,3,1,21,AUSTIN,HOMICIDE,HOMICIDE,YES,0-19,F,BLK,1,0,1
HP227822,2008-03-16 02:05:00,2008,3,1,2,AUSTIN,HOMICIDE,HOMICIDE,YES,20-29,M,BLK,1,0,1
HP234336,2008-03-20 00:15:00,2008,3,5,0,AUSTIN,HOMICIDE,HOMICIDE,YES,30-39,M,BLK,1,0,1
HP235898,2008-03-20 22:14:00,2008,3,5,22,AUSTIN,HOMICIDE,HOMICIDE,YES,30-39,M,BLK,1,0,1
HP247802,2008-03-28 03:31:00,2008,3,6,3,AUSTIN,HOMICIDE,HOMICIDE,NO,20-29,M,BLK,1,0,1
HP285499,2008-04-17 23:10:00,2008,4,5,23,AUSTIN,HOMICIDE,HOMICIDE,YES,20-29,M,BLK,1,0,1
HP339170,2008-05-16 15:40:00,2008,5,6,15,AUSTIN,HOMICIDE,HOMICIDE,YES,20-29,M,BLK,1,0,1
HP390063,2008-06-12 02:02:00,2008,6,5,2,AUSTIN,HOMICIDE,HOMICIDE,YES,30-39,M,BLK,1,0,1
HP393793,2008-06-13 23:07:00,2008,6,6,23,AUSTIN,HOMICIDE,HOMICIDE,YES,0-19,M,BLK,1,0,1
HP422556,2008-06-29 02:55:00,2008,6,1,2,AUSTIN,HOMICIDE,HOMICIDE,YES,0-19,M,BLK,1,0,1
HP441683,2008-07-09 10:30:00,2008,7,4,10,AUSTIN,HOMICIDE,HOMICIDE,NO,40-49,M,WHI,1,0,1
HP464423,2008-07-20 19:07:00,2008,7,1,19,AUSTIN,HOMICIDE,HOMICIDE,YES,50-59,M,BLK,1,0,1
HP469845,2008-07-23 14:02:00,2008,7,4,14,AUSTIN,HOMICIDE,HOMICIDE,YES,30-39,M,BLK,1,0,1
HP470839,2008-07-23 22:44:00,2008,7,4,22,AUSTIN,HOMICIDE,HOMICIDE,YES,20-29,M,BLK,1,0,1
HP470955,2008-07-24 00:08:00,2008,7,5,0,AUSTIN,HOMICIDE,HOMICIDE,YES,20-29,M,BLK,1,0,1
HP471000,2008-07-24 00:50:00,2008,7,5,0,AUSTIN,HOMICIDE,HOMICIDE,YES,20-29,M,BLK,1,0,1
HP482582,2008-07-30 06:41:00,2008,7,4,6,AUSTIN,HOMICIDE,HOMICIDE,NO,60-69,M,WHI,1,0,1
HP490209,2008-08-02 16:27:00,2008,8,7,16,AUSTIN,HOMICIDE,HOMICIDE,YES,0-19,M,BLK,1,0,1
HP490209,2008-08-02 16:27:00,2008,8,7,16,AUSTIN,HOMICIDE,HOMICIDE,YES,20-29,M,BLK,1,0,1
HP525436,2008-08-20 23:12:00,2008,8,4,23,AUSTIN,HOMICIDE,HOMICIDE,NO,30-39,M,BLK,1,0,1
HP525528,2008-08-21 00:20:00,2008,8,5,0,AUSTIN,HOMICIDE,HOMICIDE,YES,20-29,M,BLK,1,0,1
HP533134,2008-08-24 23:27:00,2008,8,1,23,AUSTIN,HOMICIDE,HOMICIDE,YES,30-39,F,BLK,1,0,1
HP545050,2008-08-30 23:00:00,2008,8,7,23,AUSTIN,HOMICIDE,HOMICIDE,YES,0-19,M,BLK,1,0,1
HP552200,2008-09-04 03:25:00,2008,9,5,3,AUSTIN,HOMICIDE,HOMICIDE,YES,20-29,M,BLK,1,0,1
HP559211,2008-09-08 01:05:00,2008,9,2,1,AUSTIN,HOMICIDE,HOMICIDE,YES,20-29,M,BLK,1,0,1
HP564090,2008-09-10 16:50:00,2008,9,4,16,AUSTIN,HOMICIDE,HOMICIDE,YES,20-29,M,BLK,1,0,1
HP570507,2008-09-13 23:25:00,2008,9,7,23,AUSTIN,HOMICIDE,HOMICIDE,YES,60-69,M,BLK,1,0,1
HP587530,2008-09-22 23:24:00,2008,9,2,23,AUSTIN,HOMICIDE,HOMICIDE,YES,20-29,M,BLK,1,0,1
HP608068,2008-10-04 03:43:00,2008,10,7,3,AUSTIN,HOMICIDE,HOMICIDE,YES,20-29,M,BLK,1,0,1
HP616595,2008-10-08 23:40:00,2008,10,4,23,AUSTIN,HOMICIDE,HOMICIDE,YES,20-29,M,BLK,1,0,1
HP618616,2008-10-10 02:33:00,2008,10,6,2,AUSTIN,HOMICIDE,HOMICIDE,YES,20-29,M,BLK,1,0,1
HP631705,2008-10-16 21:35:00,2008,10,5,21,AUSTIN,HOMICIDE,HOMICIDE,YES,0-19,M,BLK,1,0,1
HP674198,2008-11-09 11:43:00,2008,11,1,11,AUSTIN,HOMICIDE,HOMICIDE,YES,40-49,M,BLK,1,0,1
HP715367,2008-12-03 21:10:00,2008,12,4,21,AUSTIN,HOMICIDE,HOMICIDE,YES,0-19,M,BLK,1,0,1
HP724516,2008-12-09 14:22:00,2008,12,3,14,AUSTIN,HOMICIDE,HOMICIDE,YES,20-29,M,BLK,1,0,1
HP756259,2008-12-29 16:03:00,2008,12,2,16,AUSTIN,HOMICIDE,HOMICIDE,NO,30-39,M,BLK,1,0,1
HP111916,2008-01-07 20:31:00,2008,1,2,20,AVALON PARK,HOMICIDE,HOMICIDE,YES,20-29,M,BLK,1,0,1
HP560395,2008-09-08 16:30:00,2008,9,2,16,AVALON PARK,HOMICIDE,HOMICIDE,YES,50-59,M,BLK,1,0,1
HP704333,2008-11-26 23:13:00,2008,11,4,23,AVALON PARK,HOMICIDE,HOMICIDE,NO,20-29,M,BLK,1,0,1
HP111752,2008-01-07 19:05:00,2008,1,2,19,AVONDALE,HOMICIDE,HOMICIDE,YES,0-19,M,WWH,1,0,1
HP649414,2008-10-26 18:57:00,2008,10,1,18,AVONDALE,HOMICIDE,HOMICIDE,YES,40-49,M,WWH,1,0,1
HP659177,2008-11-01 01:55:00,2008,11,7,1,AVONDALE,HOMICIDE,HOMICIDE,NO,20-29,M,WWH,1,0,1
HP695486,2008-11-21 19:30:00,2008,11,6,19,AVONDALE,HOMICIDE,HOMICIDE,YES,0-19,M,WWH,1,0,1
HP260044,2008-04-03 21:25:00,2008,4,5,21,BELMONT CRAGIN,HOMICIDE,HOMICIDE,YES,30-39,M,WWH,1,0,1
HP422548,2008-06-29 02:06:00,2008,6,1,2,BELMONT CRAGIN,HOMICIDE,HOMICIDE,NO,20-29,M,WWH,1,0,1
HP461315,2008-07-19 02:15:00,2008,7,7,2,BELMONT CRAGIN,HOMICIDE,HOMICIDE,YES,20-29,M,WWH,1,0,1
HP575926,2008-09-16 22:21:00,2008,9,3,22,BELMONT CRAGIN,HOMICIDE,HOMICIDE,YES,0-19,M,WBH,1,0,1
HP705610,2008-11-27 22:30:00,2008,11,5,22,BELMONT CRAGIN,HOMICIDE,HOMICIDE,NO,20-29,M,WWH,1,0,1
HP445128,2008-07-10 22:08:00,2008,7,5,22,BEVERLY,HOMICIDE,HOMICIDE,YES,20-29,M,BLK,1,0,1
HP116844,2008-01-10 14:30:00,2008,1,5,14,BRIDGEPORT,HOMICIDE,HOMICIDE,NO,0-19,M,WWH,1,0,1
HP752435,2008-12-27 09:33:00,2008,12,7,9,BRIDGEPORT,HOMICIDE,HOMICIDE,YES,20-29,M,WWH,1,0,1
HP200249,2008-02-29 08:29:00,2008,2,6,8,BRIGHTON PARK,HOMICIDE,HOMICIDE,YES,0-19,M,WWH,1,0,1
HP204278,2008-03-02 13:58:00,2008,3,1,13,BRIGHTON PARK,HOMICIDE,HOMICIDE,YES,30-39,M,WWH,1,0,1
HP363278,2008-05-29 15:24:00,2008,5,5,15,BRIGHTON PARK,HOMICIDE,HOMICIDE,YES,20-29,M,WWH,1,0,1
HP572693,2008-09-15 11:00:00,2008,9,2,11,BRIGHTON PARK,HOMICIDE,HOMICIDE,YES,0-19,F,WWH,1,0,1
HP572693,2008-09-15 11:00:00,2008,9,2,11,BRIGHTON PARK,HOMICIDE,HOMICIDE,YES,0-19,M,WWH,1,0,1
HP577439,2008-09-17 19:14:00,2008,9,4,19,BRIGHTON PARK,HOMICIDE,HOMICIDE,YES,20-29,M,WWH,1,0,1
HP364300,2008-05-30 01:49:00,2008,5,6,1,BURNSIDE,HOMICIDE,HOMICIDE,YES,20-29,M,BLK,1,0,1
HP562621,2008-09-09 21:38:00,2008,9,3,21,BURNSIDE,HOMICIDE,HOMICIDE,YES,20-29,M,BLK,1,0,1
HP199511,2008-02-28 17:45:00,2008,2,5,17,CALUMET HEIGHTS,HOMICIDE,HOMICIDE,YES,0-19,M,BLK,1,0,1
HP354969,2008-05-24 23:21:00,2008,5,7,23,CALUMET HEIGHTS,HOMICIDE,HOMICIDE,YES,20-29,F,BLK,1,0,1
HP368241,2008-06-01 00:12:00,2008,6,1,0,CALUMET HEIGHTS,HOMICIDE,HOMICIDE,YES,30-39,F,BLK,1,0,1
HP189515,2008-02-22 21:23:00,2008,2,6,21,CHATHAM,HOMICIDE,HOMICIDE,YES,20-29,M,BLK,1,0,1
HP250599,2008-03-29 16:02:00,2008,3,7,16,CHATHAM,HOMICIDE,HOMICIDE,YES,0-19,M,BLK,1,0,1
HP337114,2008-05-15 15:00:00,2008,5,5,15,CHATHAM,HOMICIDE,HOMICIDE,YES,50-59,M,BLK,1,0,1
HP396102,2008-06-15 04:35:00,2008,6,1,4,CHATHAM,HOMICIDE,HOMICIDE,YES,20-29,M,BLK,1,0,1
HP398594,2008-06-16 14:40:00,2008,6,2,14,CHATHAM,HOMICIDE,HOMICIDE,YES,0-19,M,BLK,1,0,1
HP499069,2008-08-07 09:45:00,2008,8,5,9,CHATHAM,HOMICIDE,HOMICIDE,YES,0-19,M,BLK,1,0,1
HP535134,2008-08-25 22:36:00,2008,8,2,22,CHATHAM,HOMICIDE,HOMICIDE,YES,50-59,M,BLK,1,0,1
HP589244,2008-09-23 20:25:00,2008,9,3,20,CHATHAM,HOMICIDE,HOMICIDE,YES,0-19,M,BLK,1,0,1
HP624032,2008-10-12 22:55:00,2008,10,1,22,CHATHAM,HOMICIDE,HOMICIDE,YES,20-29,M,BLK,1,0,1
HP758817,2008-12-31 02:24:00,2008,12,4,2,CHATHAM,HOMICIDE,HOMICIDE,YES,20-29,M,BLK,1,0,1
HP103500,2008-01-03 03:10:00,2008,1,5,3,CHICAGO LAWN,HOMICIDE,HOMICIDE,YES,20-29,M,BLK,1,0,1
HP307550,2008-04-29 12:00:00,2008,4,3,12,CHICAGO LAWN,HOMICIDE,HOMICIDE,YES,30-39,M,WHI,1,0,1
HP320409,2008-05-06 13:45:00,2008,5,3,13,CHICAGO LAWN,HOMICIDE,HOMICIDE,YES,30-39,M,BLK,1,0,1
HP327924,2008-05-10 12:12:00,2008,5,7,12,CHICAGO LAWN,HOMICIDE,HOMICIDE,YES,20-29,M,BLK,1,0,1
HP338077,2008-05-15 23:40:00,2008,5,5,23,CHICAGO LAWN,HOMICIDE,HOMICIDE,YES,0-19,M,BLK,1,0,1
HP394034,2008-06-14 01:42:00,2008,6,7,1,CHICAGO LAWN,HOMICIDE,HOMICIDE,YES,40-49,M,BLK,1,0,1
HP404085,2008-06-19 17:23:00,2008,6,5,17,CHICAGO LAWN,HOMICIDE,HOMICIDE,NO,20-29,M,BLK,1,0,1
HP435392,2008-07-06 00:12:00,2008,7,1,0,CHICAGO LAWN,HOMICIDE,HOMICIDE,YES,0-19,M,BLK,1,0,1
HP435541,2008-07-06 04:07:00,2008,7,1,4,CHICAGO LAWN,HOMICIDE,HOMICIDE,YES,20-29,M,WHI,1,0,1
HP511361,2008-08-13 17:50:00,2008,8,4,17,CHICAGO LAWN,HOMICIDE,HOMICIDE,YES,40-49,M,BLK,1,0,1
HP547512,2008-09-01 18:01:00,2008,9,2,18,CHICAGO LAWN,HOMICIDE,HOMICIDE,YES,30-39,M,BLK,1,0,1
HP555394,2008-09-05 20:58:00,2008,9,6,20,CHICAGO LAWN,HOMICIDE,HOMICIDE,YES,30-39,M,BLK,1,0,1
HP616904,2008-10-09 08:35:00,2008,10,5,8,CHICAGO LAWN,HOMICIDE,HOMICIDE,NO,30-39,F,WHI,1,0,1
HP622164,2008-10-11 22:00:00,2008,10,7,22,CHICAGO LAWN,HOMICIDE,HOMICIDE,YES,20-29,M,WWH,1,0,1
HP659063,2008-11-01 00:50:00,2008,11,7,0,CHICAGO LAWN,HOMICIDE,HOMICIDE,YES,20-29,M,BLK,1,0,1
HP715464,2008-12-03 22:15:00,2008,12,4,22,CHICAGO LAWN,HOMICIDE,HOMICIDE,YES,0-19,M,WWH,1,0,1
HP759317,2008-12-31 12:05:00,2008,12,4,12,CHICAGO LAWN,HOMICIDE,HOMICIDE,NO,20-29,M,WWH,1,0,1
HP366315,2008-05-30 23:05:00,2008,5,6,23,CLEARING,HOMICIDE,HOMICIDE,NO,20-29,M,WWH,1,0,1
HP588309,2008-09-23 12:46:00,2008,9,3,12,CLEARING,HOMICIDE,HOMICIDE,YES,20-29,M,WWH,1,0,1
HP364469,2008-05-30 13:20:00,2008,5,6,13,DOUGLAS,HOMICIDE,HOMICIDE,NO,70-79,M,BLK,1,0,1
HP392058,2008-06-13 02:53:00,2008,6,6,2,DOUGLAS,HOMICIDE,HOMICIDE,YES,30-39,M,BLK,1,0,1
HP542785,2008-08-30 00:12:00,2008,8,7,0,DOUGLAS,HOMICIDE,HOMICIDE,YES,0-19,F,BLK,1,0,1
HP729520,2008-12-12 06:57:00,2008,12,6,6,DOUGLAS,HOMICIDE,HOMICIDE,YES,20-29,M,BLK,1,0,1
HP131642,2008-01-18 13:17:00,2008,1,6,13,EAST GARFIELD PARK,HOMICIDE,HOMICIDE,NO,0-19,M,BLK,1,0,1
HP146369,2008-01-27 20:02:00,2008,1,1,20,EAST GARFIELD PARK,HOMICIDE,HOMICIDE,YES,20-29,M,BLK,1,0,1
HP263720,2008-04-05 20:45:00,2008,4,7,20,EAST GARFIELD PARK,HOMICIDE,HOMICIDE,NO,30-39,M,BLK,1,0,1
HP395710,2008-06-14 23:22:00,2008,6,7,23,EAST GARFIELD PARK,HOMICIDE,HOMICIDE,YES,30-39,M,BLK,1,0,1
HP412557,2008-06-23 23:31:00,2008,6,2,23,EAST GARFIELD PARK,HOMICIDE,HOMICIDE,YES,20-29,M,BLK,1,0,1
HP436726,2008-07-06 22:57:00,2008,7,1,22,EAST GARFIELD PARK,HOMICIDE,HOMICIDE,NO,80+,M,BLK,1,0,1
HP464719,2008-07-20 23:26:00,2008,7,1,23,EAST GARFIELD PARK,HOMICIDE,HOMICIDE,YES,30-39,M,BLK,1,0,1
HP561348,2008-09-08 21:30:00,2008,9,2,21,EAST GARFIELD PARK,HOMICIDE,HOMICIDE,NO,40-49,M,BLK,1,0,1
HP585545,2008-09-21 23:58:00,2008,9,1,23,EAST GARFIELD PARK,HOMICIDE,HOMICIDE,YES,0-19,M,BLK,1,0,1
HP608026,2008-10-04 02:51:00,2008,10,7,2,EAST GARFIELD PARK,HOMICIDE,HOMICIDE,YES,20-29,M,BLK,1,0,1
HP626379,2008-10-14 09:37:00,2008,10,3,9,EAST GARFIELD PARK,HOMICIDE,HOMICIDE,YES,20-29,M,BLK,1,0,1
HP610973,2008-10-05 22:00:00,2008,10,1,22,EAST SIDE,HOMICIDE,HOMICIDE,YES,20-29,M,WWH,1,0,1
HP610973,2008-10-05 22:00:00,2008,10,1,22,EAST SIDE,HOMICIDE,HOMICIDE,YES,20-29,M,BLK,1,0,1
HP684923,2008-11-15 14:27:00,2008,11,7,14,EAST SIDE,HOMICIDE,HOMICIDE,YES,30-39,M,WWH,1,0,1
HP142270,2008-01-25 11:00:00,2008,1,6,11,EDGEWATER,HOMICIDE,HOMICIDE,YES,40-49,M,BLK,1,0,1
HP152544,2008-01-31 11:49:00,2008,1,5,11,EDGEWATER,HOMICIDE,HOMICIDE,NO,30-39,M,WHI,1,0,1
HP240581,2008-03-23 23:25:00,2008,3,1,23,EDGEWATER,HOMICIDE,HOMICIDE,NO,0-19,M,WHI,1,0,1
HP346254,2008-05-20 12:50:00,2008,5,3,12,EDGEWATER,HOMICIDE,HOMICIDE,NO,40-49,F,BLK,1,0,1
HP171432,2008-02-12 09:45:00,2008,2,3,9,ENGLEWOOD,HOMICIDE,HOMICIDE,YES,20-29,F,BLK,1,0,1
HP200029,2008-02-29 01:54:00,2008,2,6,1,ENGLEWOOD,HOMICIDE,HOMICIDE,YES,40-49,M,BLK,1,0,1
HP215402,2008-03-09 04:05:00,2008,3,1,4,ENGLEWOOD,HOMICIDE,HOMICIDE,YES,30-39,M,BLK,1,0,1
HP221144,2008-03-12 13:10:00,2008,3,4,13,ENGLEWOOD,HOMICIDE,HOMICIDE,YES,0-19,M,BLK,1,0,1
HP228083,2008-03-16 09:39:00,2008,3,1,9,ENGLEWOOD,HOMICIDE,HOMICIDE,YES,20-29,M,BLK,1,0,1
HP228369,2008-03-16 13:30:00,2008,3,1,13,ENGLEWOOD,HOMICIDE,HOMICIDE,YES,30-39,M,BLK,1,0,1
HP252770,2008-03-31 00:29:00,2008,3,2,0,ENGLEWOOD,HOMICIDE,HOMICIDE,YES,20-29,M,BLK,1,0,1
HP276601,2008-04-12 22:51:00,2008,4,7,22,ENGLEWOOD,HOMICIDE,HOMICIDE,YES,20-29,M,BLK,1,0,1
HP302179,2008-04-26 13:56:00,2008,4,7,13,ENGLEWOOD,HOMICIDE,HOMICIDE,NO,20-29,M,BLK,1,0,1
HP340479,2008-05-17 20:53:00,2008,5,7,20,ENGLEWOOD,HOMICIDE,HOMICIDE,YES,30-39,M,BLK,1,0,1
HP381653,2008-06-07 18:00:00,2008,6,7,18,ENGLEWOOD,HOMICIDE,HOMICIDE,NO,20-29,M,BLK,1,0,1
HP429814,2008-07-02 20:18:00,2008,7,4,20,ENGLEWOOD,HOMICIDE,HOMICIDE,YES,30-39,M,BLK,1,0,1
HP469436,2008-07-23 10:30:00,2008,7,4,10,ENGLEWOOD,HOMICIDE,HOMICIDE,YES,20-29,M,BLK,1,0,1
HP477033,2008-07-27 02:07:00,2008,7,1,2,ENGLEWOOD,HOMICIDE,HOMICIDE,YES,20-29,M,BLK,1,0,1
HP497246,2008-08-06 14:01:00,2008,8,4,14,ENGLEWOOD,HOMICIDE,HOMICIDE,YES,0-19,M,BLK,1,0,1
HP612847,2008-10-06 23:00:00,2008,10,2,23,ENGLEWOOD,HOMICIDE,HOMICIDE,YES,30-39,M,BLK,1,0,1
HP683657,2008-11-14 20:43:00,2008,11,6,20,ENGLEWOOD,HOMICIDE,HOMICIDE,YES,0-19,M,BLK,1,0,1
HP742628,2008-12-20 02:35:00,2008,12,7,2,ENGLEWOOD,HOMICIDE,HOMICIDE,YES,20-29,M,BLK,1,0,1
HP744064,2008-12-20 23:14:00,2008,12,7,23,ENGLEWOOD,HOMICIDE,HOMICIDE,YES,0-19,M,BLK,1,0,1
HP449246,2008-07-13 00:05:00,2008,7,1,0,FULLER PARK,HOMICIDE,HOMICIDE,YES,20-29,M,BLK,1,0,1
HP278363,2008-04-14 07:20:00,2008,4,2,7,GAGE PARK,HOMICIDE,HOMICIDE,NO,0-19,M,WWH,1,0,1
HP288622,2008-04-19 11:18:00,2008,4,7,11,GAGE PARK,HOMICIDE,HOMICIDE,YES,20-29,M,WWH,1,0,1
HP575678,2008-09-16 21:01:00,2008,9,3,21,GAGE PARK,HOMICIDE,HOMICIDE,YES,20-29,M,WWH,1,0,1
HP591458,2008-09-24 22:24:00,2008,9,4,22,GAGE PARK,HOMICIDE,HOMICIDE,YES,40-49,M,WWH,1,0,1
HP622189,2008-10-11 22:35:00,2008,10,7,22,GAGE PARK,HOMICIDE,HOMICIDE,YES,0-19,M,WHI,1,0,1
HP693847,2008-11-20 19:41:00,2008,11,5,19,GAGE PARK,HOMICIDE,HOMICIDE,YES,20-29,M,WWH,1,0,1
HP715913,2008-12-04 09:40:00,2008,12,5,9,GAGE PARK,HOMICIDE,HOMICIDE,NO,20-29,M,BLK,1,0,1
HP387890,2008-06-11 01:37:00,2008,6,4,1,GARFIELD RIDGE,HOMICIDE,HOMICIDE,YES,20-29,M,BLK,1,0,1
HP411488,2008-06-23 13:39:00,2008,6,2,13,GARFIELD RIDGE,HOMICIDE,HOMICIDE,YES,20-29,M,WWH,1,0,1
HP558219,2008-09-07 21:55:00,2008,9,1,21,GARFIELD RIDGE,HOMICIDE,HOMICIDE,NO,80+,M,WHI,1,0,1
HP598690,2008-09-28 21:50:00,2008,9,1,21,GARFIELD RIDGE,HOMICIDE,HOMICIDE,YES,50-59,M,BLK,1,0,1
HP646253,2008-10-24 22:00:00,2008,10,6,22,GARFIELD RIDGE,HOMICIDE,HOMICIDE,NO,60-69,M,BLK,1,0,1
HP107012,2008-01-05 00:56:00,2008,1,7,0,GRAND BOULEVARD,HOMICIDE,HOMICIDE,YES,40-49,F,BLK,1,0,1
HP152072,2008-01-31 03:24:00,2008,1,5,3,GRAND BOULEVARD,HOMICIDE,HOMICIDE,YES,40-49,M,BLK,1,0,1
HP199812,2008-02-28 21:24:00,2008,2,5,21,GRAND BOULEVARD,HOMICIDE,HOMICIDE,NO,40-49,F,BLK,1,0,1
HP317300,2008-05-04 22:52:00,2008,5,1,22,GRAND BOULEVARD,HOMICIDE,HOMICIDE,YES,20-29,F,BLK,1,0,1
HP344056,2008-05-19 10:10:00,2008,5,2,10,GRAND BOULEVARD,HOMICIDE,HOMICIDE,YES,20-29,M,BLK,1,0,1
HP480643,2008-07-28 21:25:00,2008,7,2,21,GRAND BOULEVARD,HOMICIDE,HOMICIDE,YES,20-29,M,BLK,1,0,1
HP596227,2008-09-27 12:45:00,2008,9,7,12,GRAND BOULEVARD,HOMICIDE,HOMICIDE,YES,0-19,M,BLK,1,0,1
HP688027,2008-11-17 15:43:00,2008,11,2,15,GRAND BOULEVARD,HOMICIDE,HOMICIDE,NO,30-39,F,BLK,1,0,1
HP753126,2008-12-27 16:15:00,2008,12,7,16,GRAND BOULEVARD,HOMICIDE,HOMICIDE,YES,20-29,M,BLK,1,0,1
HP135812,2008-01-21 18:00:00,2008,1,2,18,GREATER GRAND CROSSING,HOMICIDE,HOMICIDE,NO,0-19,M,BLK,1,0,1
HP223982,2008-03-13 23:46:00,2008,3,5,23,GREATER GRAND CROSSING,HOMICIDE,HOMICIDE,YES,30-39,M,BLK,1,0,1
HP261346,2008-04-04 14:00:00,2008,4,6,14,GREATER GRAND CROSSING,HOMICIDE,HOMICIDE,NO,0-19,F,BLK,1,0,1
HP293129,2008-04-21 19:29:00,2008,4,2,19,GREATER GRAND CROSSING,HOMICIDE,HOMICIDE,YES,20-29,M,BLK,1,0,1
HP296582,2008-04-23 18:15:00,2008,4,4,18,GREATER GRAND CROSSING,HOMICIDE,HOMICIDE,YES,0-19,M,BLK,1,0,1
HP296582,2008-04-23 18:15:00,2008,4,4,18,GREATER GRAND CROSSING,HOMICIDE,HOMICIDE,YES,20-29,F,BLK,1,0,1
HP296582,2008-04-23 18:15:00,2008,4,4,18,GREATER GRAND CROSSING,HOMICIDE,HOMICIDE,YES,20-29,M,BLK,1,0,1
HP296582,2008-04-23 18:15:00,2008,4,4,18,GREATER GRAND CROSSING,HOMICIDE,HOMICIDE,YES,0-19,F,BLK,1,0,1
HP296582,2008-04-23 18:15:00,2008,4,4,18,GREATER GRAND CROSSING,HOMICIDE,HOMICIDE,YES,0-19,M,BLK,1,0,1
HP301501,2008-04-26 03:36:00,2008,4,7,3,GREATER GRAND CROSSING,HOMICIDE,HOMICIDE,YES,20-29,M,BLK,1,0,1
HP329369,2008-05-11 06:25:00,2008,5,1,6,GREATER GRAND CROSSING,HOMICIDE,HOMICIDE,NO,40-49,M,BLK,1,0,1
HP332188,2008-05-12 21:05:00,2008,5,2,21,GREATER GRAND CROSSING,HOMICIDE,HOMICIDE,YES,20-29,M,BLK,1,0,1
HP365850,2008-05-30 19:30:00,2008,5,6,19,GREATER GRAND CROSSING,HOMICIDE,HOMICIDE,YES,30-39,M,API,1,0,1
HP370165,2008-06-02 04:19:00,2008,6,2,4,GREATER GRAND CROSSING,HOMICIDE,HOMICIDE,YES,0-19,M,BLK,1,0,1
HP412159,2008-06-23 19:23:00,2008,6,2,19,GREATER GRAND CROSSING,HOMICIDE,HOMICIDE,YES,0-19,M,BLK,1,0,1
HP431484,2008-07-03 18:35:00,2008,7,5,18,GREATER GRAND CROSSING,HOMICIDE,HOMICIDE,NO,70-79,F,BLK,1,0,1
HP431726,2008-07-03 21:37:00,2008,7,5,21,GREATER GRAND CROSSING,HOMICIDE,HOMICIDE,YES,20-29,M,BLK,1,0,1
HP431726,2008-07-03 21:37:00,2008,7,5,21,GREATER GRAND CROSSING,HOMICIDE,HOMICIDE,YES,20-29,M,BLK,1,0,1
HP464973,2008-07-21 02:40:00,2008,7,2,2,GREATER GRAND CROSSING,HOMICIDE,HOMICIDE,YES,20-29,M,BLK,1,0,1
HP483036,2008-07-30 02:21:00,2008,7,4,2,GREATER GRAND CROSSING,HOMICIDE,HOMICIDE,YES,0-19,M,BLK,1,0,1
HP502469,2008-08-08 22:25:00,2008,8,6,22,GREATER GRAND CROSSING,HOMICIDE,HOMICIDE,YES,0-19,M,BLK,1,0,1
HP503779,2008-08-09 14:28:00,2008,8,7,14,GREATER GRAND CROSSING,HOMICIDE,HOMICIDE,NO,50-59,F,BLK,1,0,1
HP544373,2008-08-30 21:29:00,2008,8,7,21,GREATER GRAND CROSSING,HOMICIDE,HOMICIDE,YES,50-59,M,BLK,1,0,1
HP555754,2008-09-06 00:58:00,2008,9,7,0,GREATER GRAND CROSSING,HOMICIDE,HOMICIDE,YES,20-29,M,BLK,1,0,1
HP610824,2008-10-05 19:51:00,2008,10,1,19,GREATER GRAND CROSSING,HOMICIDE,HOMICIDE,NO,0-19,M,BLK,1,0,1
HP610960,2008-10-05 22:02:00,2008,10,1,22,GREATER GRAND CROSSING,HOMICIDE,HOMICIDE,YES,0-19,F,BLK,1,0,1
HP645416,2008-10-24 15:41:00,2008,10,6,15,GREATER GRAND CROSSING,HOMICIDE,HOMICIDE,YES,50-59,F,BLK,1,0,1
HP645416,2008-10-24 15:41:00,2008,10,6,15,GREATER GRAND CROSSING,HOMICIDE,HOMICIDE,YES,20-29,M,BLK,1,0,1
HP666254,2008-11-04 23:40:00,2008,11,3,23,GREATER GRAND CROSSING,HOMICIDE,HOMICIDE,YES,20-29,M,BLK,1,0,1
HP668769,2008-11-06 12:15:00,2008,11,5,12,GREATER GRAND CROSSING,HOMICIDE,HOMICIDE,NO,50-59,M,BLK,1,0,1
HP683635,2008-11-14 20:24:00,2008,11,6,20,GREATER GRAND CROSSING,HOMICIDE,HOMICIDE,YES,30-39,M,BLK,1,0,1
HP747278,2008-12-23 11:15:00,2008,12,3,11,GREATER GRAND CROSSING,HOMICIDE,HOMICIDE,NO,0-19,F,BLK,1,0,1
HP665739,2008-11-04 17:15:00,2008,11,3,17,HEGEWISCH,HOMICIDE,HOMICIDE,YES,20-29,M,WHI,1,0,1
HP478965,2008-07-28 06:03:00,2008,7,2,6,HERMOSA,HOMICIDE,HOMICIDE,YES,30-39,M,WWH,1,0,1
HP478965,2008-07-28 06:03:00,2008,7,2,6,HERMOSA,HOMICIDE,HOMICIDE,YES,30-39,M,WHI,1,0,1
HP647382,2008-10-25 12:00:00,2008,10,7,12,HERMOSA,HOMICIDE,HOMICIDE,YES,0-19,M,WWH,1,0,1
HP742605,2008-12-20 01:01:00,2008,12,7,1,HERMOSA,HOMICIDE,HOMICIDE,YES,20-29,M,WWH,1,0,1
HP115617,2008-01-09 22:26:00,2008,1,4,22,HUMBOLDT PARK,HOMICIDE,HOMICIDE,YES,20-29,M,BLK,1,0,1
HP143984,2008-01-26 10:44:00,2008,1,7,10,HUMBOLDT PARK,HOMICIDE,HOMICIDE,YES,20-29,M,WWH,1,0,1
HP185418,2008-02-20 15:55:00,2008,2,4,15,HUMBOLDT PARK,HOMICIDE,HOMICIDE,YES,20-29,M,BLK,1,0,1
HP227570,2008-03-15 21:00:00,2008,3,7,21,HUMBOLDT PARK,HOMICIDE,HOMICIDE,NO,40-49,M,BLK,1,0,1
HP249365,2008-03-28 21:55:00,2008,3,6,21,HUMBOLDT PARK,HOMICIDE,HOMICIDE,YES,0-19,M,WWH,1,0,1
HP263775,2008-04-05 21:26:00,2008,4,7,21,HUMBOLDT PARK,HOMICIDE,HOMICIDE,YES,20-29,M,WWH,1,0,1
HP292141,2008-04-21 12:15:00,2008,4,2,12,HUMBOLDT PARK,HOMICIDE,HOMICIDE,NO,30-39,F,WWH,1,0,1
HP295371,2008-04-22 22:30:00,2008,4,3,22,HUMBOLDT PARK,HOMICIDE,HOMICIDE,YES,20-29,M,BLK,1,0,1
HP309231,2008-04-30 16:22:00,2008,4,4,16,HUMBOLDT PARK,HOMICIDE,HOMICIDE,YES,20-29,M,WWH,1,0,1
HP319374,2008-05-06 00:11:00,2008,5,3,0,HUMBOLDT PARK,HOMICIDE,HOMICIDE,YES,20-29,M,WWH,1,0,1
HP319374,2008-05-06 00:11:00,2008,5,3,0,HUMBOLDT PARK,HOMICIDE,HOMICIDE,YES,20-29,M,WWH,1,0,1
HP366660,2008-05-31 05:24:00,2008,5,7,5,HUMBOLDT PARK,HOMICIDE,HOMICIDE,YES,30-39,M,WWH,1,0,1
HP397470,2008-06-15 22:23:00,2008,6,1,22,HUMBOLDT PARK,HOMICIDE,HOMICIDE,NO,50-59,M,BLK,1,0,1
HP408759,2008-06-21 22:09:00,2008,6,7,22,HUMBOLDT PARK,HOMICIDE,HOMICIDE,YES,20-29,M,BLK,1,0,1
HP452962,2008-07-14 21:33:00,2008,7,2,21,HUMBOLDT PARK,HOMICIDE,HOMICIDE,YES,0-19,M,BLK,1,0,1
HP487243,2008-08-01 04:20:00,2008,8,6,4,HUMBOLDT PARK,HOMICIDE,HOMICIDE,YES,20-29,M,BLK,1,0,1
HP491424,2008-08-03 11:04:00,2008,8,1,11,HUMBOLDT PARK,HOMICIDE,HOMICIDE,YES,30-39,M,BLK,1,0,1
HP506605,2008-08-11 10:05:00,2008,8,2,10,HUMBOLDT PARK,HOMICIDE,HOMICIDE,YES,30-39,M,BLK,1,0,1
HP510137,2008-08-13 01:35:00,2008,8,4,1,HUMBOLDT PARK,HOMICIDE,HOMICIDE,YES,40-49,M,WWH,1,0,1
HP510137,2008-08-13 01:35:00,2008,8,4,1,HUMBOLDT PARK,HOMICIDE,HOMICIDE,YES,40-49,F,WHI,1,0,1
HP544719,2008-08-31 01:54:00,2008,8,1,1,HUMBOLDT PARK,HOMICIDE,HOMICIDE,YES,0-19,F,WBH,1,0,1
HP583051,2008-09-20 15:32:00,2008,9,7,15,HUMBOLDT PARK,HOMICIDE,HOMICIDE,YES,50-59,M,BLK,1,0,1
HP583580,2008-09-20 21:39:00,2008,9,7,21,HUMBOLDT PARK,HOMICIDE,HOMICIDE,YES,0-19,M,BLK,1,0,1
HP591439,2008-09-24 22:23:00,2008,9,4,22,HUMBOLDT PARK,HOMICIDE,HOMICIDE,YES,30-39,M,BLK,1,0,1
HP608157,2008-10-04 05:30:00,2008,10,7,5,HUMBOLDT PARK,HOMICIDE,HOMICIDE,YES,30-39,M,BLK,1,0,1
HP631900,2008-10-17 00:13:00,2008,10,6,0,HUMBOLDT PARK,HOMICIDE,HOMICIDE,YES,20-29,M,BLK,1,0,1
HP678375,2008-11-11 22:08:00,2008,11,3,22,HUMBOLDT PARK,HOMICIDE,HOMICIDE,YES,20-29,M,WHI,1,0,1
HP680297,2008-11-13 01:20:00,2008,11,5,1,HUMBOLDT PARK,HOMICIDE,HOMICIDE,YES,0-19,M,BLK,1,0,1
HP686096,2008-11-16 10:45:00,2008,11,1,10,HUMBOLDT PARK,HOMICIDE,HOMICIDE,YES,20-29,M,BLK,1,0,1
HP703211,2008-11-26 12:29:00,2008,11,4,12,HUMBOLDT PARK,HOMICIDE,HOMICIDE,YES,30-39,M,WWH,1,0,1
HP737737,2008-12-16 23:53:00,2008,12,3,23,HYDE PARK,HOMICIDE,HOMICIDE,YES,20-29,M,BLK,1,0,1
HP119657,2008-01-12 02:30:00,2008,1,7,2,IRVING PARK,HOMICIDE,HOMICIDE,YES,20-29,M,WWH,1,0,1
HP745393,2008-12-19 12:35:00,2008,12,6,12,IRVING PARK,HOMICIDE,HOMICIDE,YES,40-49,M,BLK,1,0,1
HP486628,2008-07-31 19:48:00,2008,7,5,19,JEFFERSON PARK,HOMICIDE,HOMICIDE,NO,50-59,F,API,1,0,1
HP223238,2008-03-13 14:51:00,2008,3,5,14,KENWOOD,HOMICIDE,HOMICIDE,YES,20-29,M,BLK,1,0,1
HP492847,2008-08-04 05:05:00,2008,8,2,5,KENWOOD,HOMICIDE,HOMICIDE,YES,30-39,M,BLK,1,0,1
HP628839,2008-10-15 16:10:00,2008,10,4,16,LAKE VIEW,HOMICIDE,HOMICIDE,NO,40-49,M,WHI,1,0,1
HP597364,2008-09-28 01:54:00,2008,9,1,1,LINCOLN SQUARE,HOMICIDE,HOMICIDE,NO,20-29,M,WHI,1,0,1
HP101233,2008-01-01 16:48:00,2008,1,3,16,LOGAN SQUARE,HOMICIDE,HOMICIDE,YES,40-49,F,WWH,1,0,1
HP101233,2008-01-01 16:48:00,2008,1,3,16,LOGAN SQUARE,HOMICIDE,HOMICIDE,YES,20-29,M,WWH,1,0,1
HP101233,2008-01-01 16:48:00,2008,1,3,16,LOGAN SQUARE,HOMICIDE,HOMICIDE,YES,30-39,M,WWH,1,0,1
HP385633,2008-06-09 23:01:00,2008,6,2,23,LOGAN SQUARE,HOMICIDE,HOMICIDE,YES,0-19,M,WWH,1,0,1
HP394003,2008-06-14 01:30:00,2008,6,7,1,LOGAN SQUARE,HOMICIDE,HOMICIDE,NO,20-29,M,WHI,1,0,1
HP514045,2008-08-15 03:00:00,2008,8,6,3,LOGAN SQUARE,HOMICIDE,HOMICIDE,YES,20-29,M,BLK,1,0,1
HP598933,2008-09-29 03:35:00,2008,9,2,3,LOGAN SQUARE,HOMICIDE,HOMICIDE,YES,20-29,M,WWH,1,0,1
HP431895,2008-07-03 22:48:00,2008,7,5,22,LOOP,HOMICIDE,HOMICIDE,YES,0-19,M,BLK,1,0,1
HP477071,2008-07-27 03:00:00,2008,7,1,3,LOOP,HOMICIDE,HOMICIDE,NO,40-49,M,BLK,1,0,1
HP353546,2008-05-24 05:00:00,2008,5,7,5,LOWER WEST SIDE,HOMICIDE,HOMICIDE,YES,0-19,M,WWH,1,0,1
HP566190,2008-09-11 18:05:00,2008,9,5,18,LOWER WEST SIDE,HOMICIDE,HOMICIDE,YES,20-29,M,WWH,1,0,1
HP620406,2008-10-10 23:28:00,2008,10,6,23,LOWER WEST SIDE,HOMICIDE,HOMICIDE,YES,0-19,M,WWH,1,0,1
HP626520,2008-10-14 01:00:00,2008,10,3,1,LOWER WEST SIDE,HOMICIDE,HOMICIDE,NO,0-19,F,WHI,1,0,1
HP684209,2008-11-15 21:17:00,2008,11,7,21,LOWER WEST SIDE,HOMICIDE,HOMICIDE,YES,0-19,M,WWH,1,0,1
HP604461,2008-10-02 03:10:00,2008,10,5,3,MONTCLAIRE,HOMICIDE,HOMICIDE,NO,30-39,F,WWH,1,0,1
HP256095,2008-04-01 18:37:00,2008,4,3,18,MORGAN PARK,HOMICIDE,HOMICIDE,YES,0-19,M,BLK,1,0,1
HP395964,2008-06-15 02:13:00,2008,6,1,2,MORGAN PARK,HOMICIDE,HOMICIDE,YES,20-29,M,BLK,1,0,1
HP452912,2008-07-14 21:05:00,2008,7,2,21,MORGAN PARK,HOMICIDE,HOMICIDE,YES,0-19,M,BLK,1,0,1
HP546044,2008-08-31 20:45:00,2008,8,1,20,MORGAN PARK,HOMICIDE,HOMICIDE,YES,0-19,M,BLK,1,0,1
HP748372,2008-12-24 01:12:00,2008,12,4,1,MORGAN PARK,HOMICIDE,HOMICIDE,YES,30-39,M,BLK,1,0,1
HP128191,2008-01-16 23:55:00,2008,1,4,23,NEAR NORTH SIDE,HOMICIDE,HOMICIDE,NO,20-29,M,BLK,1,0,1
HP399288,2008-06-16 20:30:00,2008,6,2,20,NEAR NORTH SIDE,HOMICIDE,HOMICIDE,NO,40-49,M,BLK,1,0,1
HP519634,2008-08-18 04:14:00,2008,8,2,4,NEAR NORTH SIDE,HOMICIDE,HOMICIDE,YES,20-29,M,BLK,1,0,1
HP550955,2008-09-03 13:41:00,2008,9,4,13,NEAR NORTH SIDE,HOMICIDE,HOMICIDE,YES,20-29,M,BLK,1,0,1
HP722027,2008-12-08 03:15:00,2008,12,2,3,NEAR NORTH SIDE,HOMICIDE,HOMICIDE,YES,20-29,M,BLK,1,0,1
HP639473,2008-10-21 10:39:00,2008,10,3,10,NEAR SOUTH SIDE,HOMICIDE,HOMICIDE,YES,20-29,M,BLK,1,0,1
HP212870,2008-03-07 15:03:00,2008,3,6,15,NEAR WEST SIDE,HOMICIDE,HOMICIDE,YES,0-19,M,BLK,1,0,1
HP224087,2008-03-14 00:01:00,2008,3,6,0,NEAR WEST SIDE,HOMICIDE,HOMICIDE,YES,40-49,M,WWH,1,0,1
HP327809,2008-05-10 10:58:00,2008,5,7,10,NEAR WEST SIDE,HOMICIDE,HOMICIDE,YES,20-29,M,BLK,1,0,1
HP438942,2008-07-07 21:48:00,2008,7,2,21,NEAR WEST SIDE,HOMICIDE,HOMICIDE,YES,0-19,M,BLK,1,0,1
HP496021,2008-08-05 19:58:00,2008,8,3,19,NEAR WEST SIDE,HOMICIDE,HOMICIDE,NO,70-79,M,BLK,1,0,1
HP620131,2008-10-10 20:32:00,2008,10,6,20,NEAR WEST SIDE,HOMICIDE,HOMICIDE,YES,30-39,M,BLK,1,0,1
HP640471,2008-10-21 19:08:00,2008,10,3,19,NEAR WEST SIDE,HOMICIDE,HOMICIDE,NO,30-39,F,WWH,1,0,1
HP673625,2008-11-09 00:18:00,2008,11,1,0,NEAR WEST SIDE,HOMICIDE,HOMICIDE,YES,20-29,M,BLK,1,0,1
HP686218,2008-11-16 12:17:00,2008,11,1,12,NEAR WEST SIDE,HOMICIDE,HOMICIDE,NO,40-49,F,WHI,1,0,1
HP701127,2008-11-25 09:05:00,2008,11,3,9,NEAR WEST SIDE,HOMICIDE,HOMICIDE,NO,0-19,F,WHI,1,0,1
HP108859,2008-01-06 02:43:00,2008,1,1,2,NEW CITY,HOMICIDE,HOMICIDE,YES,30-39,M,WWH,1,0,1
HP191831,2008-02-24 08:46:00,2008,2,1,8,NEW CITY,HOMICIDE,HOMICIDE,YES,30-39,M,WWH,1,0,1
HP203158,2008-03-01 19:22:00,2008,3,7,19,NEW CITY,HOMICIDE,HOMICIDE,YES,0-19,M,WWH,1,0,1
HP261585,2008-04-04 18:03:00,2008,4,6,18,NEW CITY,HOMICIDE,HOMICIDE,YES,20-29,M,WWH,1,0,1
HP315812,2008-05-03 23:20:00,2008,5,7,23,NEW CITY,HOMICIDE,HOMICIDE,YES,20-29,M,BLK,1,0,1
HP366393,2008-05-30 23:05:00,2008,5,6,23,NEW CITY,HOMICIDE,HOMICIDE,NO,20-29,M,WWH,1,0,1
HP381488,2008-06-07 18:25:00,2008,6,7,18,NEW CITY,HOMICIDE,HOMICIDE,NO,30-39,M,WWH,1,0,1
HP401103,2008-06-17 20:00:00,2008,6,3,20,NEW CITY,HOMICIDE,HOMICIDE,YES,0-19,M,WWH,1,0,1
HP416611,2008-06-26 04:52:00,2008,6,5,4,NEW CITY,HOMICIDE,HOMICIDE,YES,30-39,M,WWH,1,0,1
HP464333,2008-07-20 17:30:00,2008,7,1,17,NEW CITY,HOMICIDE,HOMICIDE,NO,40-49,F,BLK,1,0,1
HP474909,2008-07-25 23:30:00,2008,7,6,23,NEW CITY,HOMICIDE,HOMICIDE,YES,20-29,M,WWH,1,0,1
HP515928,2008-08-16 00:25:00,2008,8,7,0,NEW CITY,HOMICIDE,HOMICIDE,NO,20-29,M,WWH,1,0,1
HP519420,2008-08-17 23:27:00,2008,8,1,23,NEW CITY,HOMICIDE,HOMICIDE,YES,0-19,M,BLK,1,0,1
HP575907,2008-09-16 22:25:00,2008,9,3,22,NEW CITY,HOMICIDE,HOMICIDE,YES,0-19,M,WWH,1,0,1
HP652145,2008-10-28 11:30:00,2008,10,3,11,NEW CITY,HOMICIDE,HOMICIDE,YES,0-19,M,WWH,1,0,1
HP428308,2008-07-02 05:42:00,2008,7,4,5,NORTH CENTER,HOMICIDE,HOMICIDE,YES,60-69,M,WHI,1,0,1
HP531695,2008-08-24 05:00:00,2008,8,1,5,NORTH CENTER,HOMICIDE,HOMICIDE,YES,70-79,M,WHI,1,0,1
HP117109,2008-01-10 18:31:00,2008,1,5,18,NORTH LAWNDALE,HOMICIDE,HOMICIDE,YES,40-49,M,BLK,1,0,1
HP118054,2008-01-10 22:00:00,2008,1,5,22,NORTH LAWNDALE,HOMICIDE,HOMICIDE,YES,20-29,M,BLK,1,0,1
HP135869,2008-01-21 18:50:00,2008,1,2,18,NORTH LAWNDALE,HOMICIDE,HOMICIDE,YES,20-29,M,BLK,1,0,1
HP214809,2008-03-08 17:54:00,2008,3,7,17,NORTH LAWNDALE,HOMICIDE,HOMICIDE,YES,0-19,M,BLK,1,0,1
HP280143,2008-04-15 05:43:00,2008,4,3,5,NORTH LAWNDALE,HOMICIDE,HOMICIDE,NO,30-39,M,BLK,1,0,1
HP437141,2008-07-07 01:02:00,2008,7,2,1,NORTH LAWNDALE,HOMICIDE,HOMICIDE,YES,0-19,M,WWH,1,0,1
HP451899,2008-07-14 15:01:00,2008,7,2,15,NORTH LAWNDALE,HOMICIDE,HOMICIDE,YES,0-19,M,WWH,1,0,1
HP489034,2008-08-02 00:50:00,2008,8,7,0,NORTH LAWNDALE,HOMICIDE,HOMICIDE,YES,40-49,M,API,1,0,1
HP503507,2008-08-09 13:27:00,2008,8,7,13,NORTH LAWNDALE,HOMICIDE,HOMICIDE,YES,40-49,M,BLK,1,0,1
HP587531,2008-09-22 23:37:00,2008,9,2,23,NORTH LAWNDALE,HOMICIDE,HOMICIDE,YES,0-19,M,BLK,1,0,1
HP593571,2008-09-26 01:10:00,2008,9,6,1,NORTH LAWNDALE,HOMICIDE,HOMICIDE,YES,20-29,M,BLK,1,0,1
HP596578,2008-09-27 03:00:00,2008,9,7,3,NORTH LAWNDALE,HOMICIDE,HOMICIDE,NO,40-49,M,BLK,1,0,1
HP610516,2008-10-05 17:59:00,2008,10,1,17,NORTH LAWNDALE,HOMICIDE,HOMICIDE,YES,20-29,M,BLK,1,0,1
HP645782,2008-10-24 15:41:00,2008,10,6,15,NORTH LAWNDALE,HOMICIDE,HOMICIDE,YES,0-19,M,BLK,1,0,1
HP671699,2008-11-07 20:44:00,2008,11,6,20,NORTH LAWNDALE,HOMICIDE,HOMICIDE,YES,20-29,M,BLK,1,0,1
HP676307,2008-11-10 18:10:00,2008,11,2,18,NORTH LAWNDALE,HOMICIDE,HOMICIDE,YES,20-29,M,BLK,1,0,1
HP684155,2008-11-15 02:20:00,2008,11,7,2,NORTH LAWNDALE,HOMICIDE,HOMICIDE,NO,20-29,M,WWH,1,0,1
HP196507,2008-02-26 21:30:00,2008,2,3,21,NORWOOD PARK,HOMICIDE,HOMICIDE,NO,40-49,M,WHI,1,0,1
HP282048,2008-04-15 23:55:00,2008,4,3,23,PORTAGE PARK,HOMICIDE,HOMICIDE,YES,20-29,M,WWH,1,0,1
HP329147,2008-05-11 02:07:00,2008,5,1,2,RIVERDALE,HOMICIDE,HOMICIDE,YES,20-29,M,WWH,1,0,1
HP350335,2008-05-22 13:58:00,2008,5,5,13,RIVERDALE,HOMICIDE,HOMICIDE,YES,20-29,M,BLK,1,0,1
HP489255,2008-08-02 02:45:00,2008,8,7,2,RIVERDALE,HOMICIDE,HOMICIDE,YES,30-39,M,BLK,1,0,1
HP505936,2008-08-10 20:37:00,2008,8,1,20,RIVERDALE,HOMICIDE,HOMICIDE,YES,20-29,M,WWH,1,0,1
HP555317,2008-09-05 20:11:00,2008,9,6,20,RIVERDALE,HOMICIDE,HOMICIDE,YES,20-29,M,BLK,1,0,1
HP302772,2008-04-26 20:10:00,2008,4,7,20,ROGERS PARK,HOMICIDE,HOMICIDE,YES,20-29,M,BLK,1,0,1
HP385258,2008-06-09 18:25:00,2008,6,2,18,ROGERS PARK,HOMICIDE,HOMICIDE,YES,20-29,M,BLK,1,0,1
HP397306,2008-06-15 20:41:00,2008,6,1,20,ROGERS PARK,HOMICIDE,HOMICIDE,YES,20-29,M,WWH,1,0,1
HP549065,2008-09-02 12:40:00,2008,9,3,12,ROGERS PARK,HOMICIDE,HOMICIDE,YES,40-49,M,WWH,1,0,1
HP742272,2008-12-19 20:00:00,2008,12,6,20,ROGERS PARK,HOMICIDE,HOMICIDE,NO,0-19,M,BLK,1,0,1
HP228003,2008-03-16 07:00:00,2008,3,1,7,ROSELAND,HOMICIDE,HOMICIDE,YES,20-29,M,BLK,1,0,1
HP254569,2008-03-31 23:48:00,2008,3,2,23,ROSELAND,HOMICIDE,HOMICIDE,YES,0-19,M,BLK,1,0,1
HP264024,2008-04-06 00:56:00,2008,4,1,0,ROSELAND,HOMICIDE,HOMICIDE,YES,20-29,M,BLK,1,0,1
HP280983,2008-04-15 14:45:00,2008,4,3,14,ROSELAND,HOMICIDE,HOMICIDE,YES,0-19,M,BLK,1,0,1
HP287494,2008-04-18 18:35:00,2008,4,6,18,ROSELAND,HOMICIDE,HOMICIDE,YES,30-39,M,BLK,1,0,1
HP422451,2008-06-29 01:30:00,2008,6,1,1,ROSELAND,HOMICIDE,HOMICIDE,YES,30-39,M,BLK,1,0,1
HP461457,2008-07-19 12:35:00,2008,7,7,12,ROSELAND,HOMICIDE,HOMICIDE,YES,20-29,M,BLK,1,0,1
HP519197,2008-08-16 15:15:00,2008,8,7,15,ROSELAND,HOMICIDE,HOMICIDE,NO,0-19,M,BLK,1,0,1
HP543182,2008-08-30 08:27:00,2008,8,7,8,ROSELAND,HOMICIDE,HOMICIDE,YES,30-39,F,BLK,1,0,1
HP581986,2008-09-20 00:53:00,2008,9,7,0,ROSELAND,HOMICIDE,HOMICIDE,YES,0-19,M,BLK,1,0,1
HP607848,2008-10-03 23:51:00,2008,10,6,23,ROSELAND,HOMICIDE,HOMICIDE,YES,0-19,M,BLK,1,0,1
HP618619,2008-10-10 02:35:00,2008,10,6,2,ROSELAND,HOMICIDE,HOMICIDE,YES,20-29,M,BLK,1,0,1
HP624145,2008-10-13 00:56:00,2008,10,2,0,ROSELAND,HOMICIDE,HOMICIDE,YES,20-29,M,BLK,1,0,1
HP625052,2008-10-13 14:49:00,2008,10,2,14,ROSELAND,HOMICIDE,HOMICIDE,YES,20-29,M,BLK,1,0,1
HP626784,2008-10-14 13:27:00,2008,10,3,13,ROSELAND,HOMICIDE,HOMICIDE,NO,40-49,F,BLK,1,0,1
HP683603,2008-11-14 20:39:00,2008,11,6,20,ROSELAND,HOMICIDE,HOMICIDE,YES,50-59,M,BLK,1,0,1
HP691304,2008-11-19 14:20:00,2008,11,4,14,ROSELAND,HOMICIDE,HOMICIDE,YES,20-29,M,BLK,1,0,1
HP715194,2008-12-03 19:18:00,2008,12,4,19,ROSELAND,HOMICIDE,HOMICIDE,YES,0-19,M,BLK,1,0,1
HP746379,2008-12-22 18:04:00,2008,12,2,18,ROSELAND,HOMICIDE,HOMICIDE,YES,20-29,M,BLK,1,0,1
HP752539,2008-12-27 09:09:00,2008,12,7,9,ROSELAND,HOMICIDE,HOMICIDE,NO,20-29,M,BLK,1,0,1
HP157897,2008-02-03 21:10:00,2008,2,1,21,SOUTH CHICAGO,HOMICIDE,HOMICIDE,NO,60-69,M,BLK,1,0,1
HP273232,2008-04-11 03:08:00,2008,4,6,3,SOUTH CHICAGO,HOMICIDE,HOMICIDE,YES,20-29,M,BLK,1,0,1
HP287907,2008-04-18 22:45:00,2008,4,6,22,SOUTH CHICAGO,HOMICIDE,HOMICIDE,YES,60-69,M,WWH,1,0,1
HP310465,2008-05-01 08:35:00,2008,5,5,8,SOUTH CHICAGO,HOMICIDE,HOMICIDE,YES,30-39,M,BLK,1,0,1
HP313965,2008-05-02 22:05:00,2008,5,6,22,SOUTH CHICAGO,HOMICIDE,HOMICIDE,YES,0-19,F,BLK,1,0,1
HP330451,2008-05-12 00:10:00,2008,5,2,0,SOUTH CHICAGO,HOMICIDE,HOMICIDE,NO,30-39,F,BLK,1,0,1
HP332222,2008-05-12 21:20:00,2008,5,2,21,SOUTH CHICAGO,HOMICIDE,HOMICIDE,YES,50-59,M,BLK,1,0,1
HP248635,2008-05-15 10:05:00,2008,5,5,10,SOUTH CHICAGO,HOMICIDE,HOMICIDE,NO,0-19,M,BLK,1,0,1
HP394871,2008-06-14 14:37:00,2008,6,7,14,SOUTH CHICAGO,HOMICIDE,HOMICIDE,YES,20-29,M,BLK,1,0,1
HP407358,2008-06-21 03:34:00,2008,6,7,3,SOUTH CHICAGO,HOMICIDE,HOMICIDE,YES,30-39,M,BLK,1,0,1
HP407370,2008-06-21 03:36:00,2008,6,7,3,SOUTH CHICAGO,HOMICIDE,HOMICIDE,YES,20-29,M,BLK,1,0,1
HP465591,2008-07-21 12:13:00,2008,7,2,12,SOUTH CHICAGO,HOMICIDE,HOMICIDE,YES,20-29,M,BLK,1,0,1
HP523491,2008-08-20 00:08:00,2008,8,4,0,SOUTH CHICAGO,HOMICIDE,HOMICIDE,YES,0-19,M,BLK,1,0,1
HP547372,2008-09-01 16:23:00,2008,9,2,16,SOUTH CHICAGO,HOMICIDE,HOMICIDE,YES,0-19,F,BLK,1,0,1
HP597541,2008-09-28 05:00:00,2008,9,1,5,SOUTH CHICAGO,HOMICIDE,HOMICIDE,YES,30-39,M,BLK,1,0,1
HP670711,2008-11-07 11:33:00,2008,11,6,11,SOUTH CHICAGO,HOMICIDE,HOMICIDE,YES,20-29,M,WWH,1,0,1
HP677914,2008-11-11 17:30:00,2008,11,3,17,SOUTH CHICAGO,HOMICIDE,HOMICIDE,YES,20-29,M,BLK,1,0,1
HP387935,2008-06-11 02:05:00,2008,6,4,2,SOUTH DEERING,HOMICIDE,HOMICIDE,NO,40-49,M,BLK,1,0,1
HP604027,2008-10-01 21:12:00,2008,10,4,21,SOUTH DEERING,HOMICIDE,HOMICIDE,YES,0-19,M,BLK,1,0,1
HP674783,2008-11-09 19:14:00,2008,11,1,19,SOUTH DEERING,HOMICIDE,HOMICIDE,YES,20-29,M,BLK,1,0,1
HP732694,2008-12-13 22:11:00,2008,12,7,22,SOUTH DEERING,HOMICIDE,HOMICIDE,YES,0-19,M,BLK,1,0,1
HP107199,2008-01-05 04:57:00,2008,1,7,4,SOUTH LAWNDALE,HOMICIDE,HOMICIDE,YES,30-39,M,WWH,1,0,1
HP125952,2008-01-15 19:49:00,2008,1,3,19,SOUTH LAWNDALE,HOMICIDE,HOMICIDE,YES,0-19,M,WWH,1,0,1
HP142528,2008-01-25 13:18:00,2008,1,6,13,SOUTH LAWNDALE,HOMICIDE,HOMICIDE,NO,40-49,F,WHI,1,0,1
HP168112,2008-02-09 21:20:00,2008,2,7,21,SOUTH LAWNDALE,HOMICIDE,HOMICIDE,NO,0-19,M,WWH,1,0,1
HP168112,2008-02-09 21:20:00,2008,2,7,21,SOUTH LAWNDALE,HOMICIDE,HOMICIDE,NO,30-39,M,WWH,1,0,1
HP249884,2008-03-29 07:38:00,2008,3,7,7,SOUTH LAWNDALE,HOMICIDE,HOMICIDE,NO,20-29,F,WWH,1,0,1
HP291324,2008-04-20 22:32:00,2008,4,1,22,SOUTH LAWNDALE,HOMICIDE,HOMICIDE,YES,20-29,M,WWH,1,0,1
HP308521,2008-04-30 05:00:00,2008,4,4,5,SOUTH LAWNDALE,HOMICIDE,HOMICIDE,YES,40-49,M,WWH,1,0,1
HP308521,2008-04-30 05:00:00,2008,4,4,5,SOUTH LAWNDALE,HOMICIDE,HOMICIDE,YES,50-59,F,WWH,1,0,1
HP308521,2008-04-30 05:00:00,2008,4,4,5,SOUTH LAWNDALE,HOMICIDE,HOMICIDE,YES,40-49,M,WWH,1,0,1
HP336622,2008-05-15 10:30:00,2008,5,5,10,SOUTH LAWNDALE,HOMICIDE,HOMICIDE,YES,20-29,M,WWH,1,0,1
HP389880,2008-06-11 23:22:00,2008,6,4,23,SOUTH LAWNDALE,HOMICIDE,HOMICIDE,YES,20-29,M,WWH,1,0,1
HP418308,2008-06-26 22:30:00,2008,6,5,22,SOUTH LAWNDALE,HOMICIDE,HOMICIDE,YES,0-19,M,WWH,1,0,1
HP433639,2008-07-05 01:52:00,2008,7,7,1,SOUTH LAWNDALE,HOMICIDE,HOMICIDE,YES,20-29,M,BLK,1,0,1
HP448885,2008-07-12 20:25:00,2008,7,7,20,SOUTH LAWNDALE,HOMICIDE,HOMICIDE,YES,0-19,M,WWH,1,0,1
HP461379,2008-07-19 03:15:00,2008,7,7,3,SOUTH LAWNDALE,HOMICIDE,HOMICIDE,YES,20-29,F,WWH,1,0,1
HP464866,2008-07-21 00:25:00,2008,7,2,0,SOUTH LAWNDALE,HOMICIDE,HOMICIDE,YES,20-29,M,WWH,1,0,1
HP477250,2008-07-27 06:04:00,2008,7,1,6,SOUTH LAWNDALE,HOMICIDE,HOMICIDE,NO,40-49,M,WWH,1,0,1
HP619020,2008-10-10 10:45:00,2008,10,6,10,SOUTH LAWNDALE,HOMICIDE,HOMICIDE,YES,20-29,F,WWH,1,0,1
HP622688,2008-10-12 05:54:00,2008,10,1,5,SOUTH LAWNDALE,HOMICIDE,HOMICIDE,NO,0-19,M,WWH,1,0,1
HP746649,2008-12-22 20:48:00,2008,12,2,20,SOUTH LAWNDALE,HOMICIDE,HOMICIDE,YES,0-19,M,WWH,1,0,1
HP204997,2008-03-02 23:00:00,2008,3,1,23,SOUTH SHORE,HOMICIDE,HOMICIDE,YES,0-19,M,BLK,1,0,1
HP287673,2008-04-18 21:32:00,2008,4,6,21,SOUTH SHORE,HOMICIDE,HOMICIDE,YES,0-19,M,BLK,1,0,1
HP287673,2008-04-18 21:32:00,2008,4,6,21,SOUTH SHORE,HOMICIDE,HOMICIDE,YES,0-19,M,WWH,1,0,1
HP293514,2008-04-22 00:41:00,2008,4,3,0,SOUTH SHORE,HOMICIDE,HOMICIDE,NO,0-19,M,BLK,1,0,1
HP323841,2008-05-08 10:04:00,2008,5,5,10,SOUTH SHORE,HOMICIDE,HOMICIDE,YES,20-29,M,BLK,1,0,1
HP357921,2008-05-26 19:42:00,2008,5,2,19,SOUTH SHORE,HOMICIDE,HOMICIDE,YES,20-29,M,BLK,1,0,1
HP358219,2008-05-26 22:48:00,2008,5,2,22,SOUTH SHORE,HOMICIDE,HOMICIDE,YES,0-19,F,BLK,1,0,1
HP366390,2008-05-31 00:20:00,2008,5,7,0,SOUTH SHORE,HOMICIDE,HOMICIDE,YES,20-29,M,BLK,1,0,1
HP398366,2008-06-16 21:40:00,2008,6,2,21,SOUTH SHORE,HOMICIDE,HOMICIDE,NO,70-79,F,BLK,1,0,1
HP402978,2008-06-18 19:40:00,2008,6,4,19,SOUTH SHORE,HOMICIDE,HOMICIDE,YES,20-29,M,BLK,1,0,1
HP420303,2008-06-27 21:50:00,2008,6,6,21,SOUTH SHORE,HOMICIDE,HOMICIDE,NO,0-19,M,BLK,1,0,1
HP424011,2008-06-29 22:11:00,2008,6,1,22,SOUTH SHORE,HOMICIDE,HOMICIDE,YES,20-29,M,BLK,1,0,1
HP424011,2008-06-29 22:11:00,2008,6,1,22,SOUTH SHORE,HOMICIDE,HOMICIDE,YES,30-39,M,BLK,1,0,1
HP424011,2008-06-29 22:11:00,2008,6,1,22,SOUTH SHORE,HOMICIDE,HOMICIDE,YES,20-29,F,BLK,1,0,1
HP427596,2008-07-01 18:10:00,2008,7,3,18,SOUTH SHORE,HOMICIDE,HOMICIDE,YES,20-29,F,BLK,1,0,1
HP428046,2008-07-01 22:03:00,2008,7,3,22,SOUTH SHORE,HOMICIDE,HOMICIDE,YES,40-49,F,BLK,1,0,1
HP473083,2008-07-25 02:41:00,2008,7,6,2,SOUTH SHORE,HOMICIDE,HOMICIDE,YES,20-29,M,BLK,1,0,1
HP500615,2008-08-07 23:15:00,2008,8,5,23,SOUTH SHORE,HOMICIDE,HOMICIDE,YES,20-29,M,BLK,1,0,1
HP531268,2008-08-23 22:24:00,2008,8,7,22,SOUTH SHORE,HOMICIDE,HOMICIDE,YES,0-19,M,BLK,1,0,1
HP534721,2008-08-25 19:24:00,2008,8,2,19,SOUTH SHORE,HOMICIDE,HOMICIDE,YES,20-29,M,BLK,1,0,1
HP538823,2008-08-27 23:11:00,2008,8,4,23,SOUTH SHORE,HOMICIDE,HOMICIDE,YES,20-29,M,BLK,1,0,1
HP586413,2008-09-22 13:23:00,2008,9,2,13,SOUTH SHORE,HOMICIDE,HOMICIDE,YES,20-29,M,BLK,1,0,1
HP622040,2008-10-11 20:46:00,2008,10,7,20,SOUTH SHORE,HOMICIDE,HOMICIDE,YES,0-19,M,BLK,1,0,1
HP682113,2008-11-14 01:00:00,2008,11,6,1,SOUTH SHORE,HOMICIDE,HOMICIDE,YES,20-29,M,BLK,1,0,1
HP686779,2008-11-16 18:45:00,2008,11,1,18,SOUTH SHORE,HOMICIDE,HOMICIDE,YES,30-39,M,BLK,1,0,1
HP349281,2008-05-21 21:14:00,2008,5,4,21,UPTOWN,HOMICIDE,HOMICIDE,YES,30-39,M,BLK,1,0,1
HP349281,2008-05-21 21:14:00,2008,5,4,21,UPTOWN,HOMICIDE,HOMICIDE,YES,20-29,M,BLK,1,0,1
HP541868,2008-08-29 15:40:00,2008,8,6,15,UPTOWN,HOMICIDE,HOMICIDE,YES,0-19,M,BLK,1,0,1
HP654429,2008-10-29 16:00:00,2008,10,4,16,UPTOWN,HOMICIDE,HOMICIDE,NO,20-29,M,WWH,1,0,1
HP240709,2008-03-24 04:00:00,2008,3,2,4,WASHINGTON HEIGHTS,HOMICIDE,HOMICIDE,YES,30-39,M,BLK,1,0,1
HP340136,2008-05-16 23:46:00,2008,5,6,23,WASHINGTON HEIGHTS,HOMICIDE,HOMICIDE,YES,40-49,M,BLK,1,0,1
HP377115,2008-06-05 16:00:00,2008,6,5,16,WASHINGTON HEIGHTS,HOMICIDE,HOMICIDE,YES,20-29,M,BLK,1,0,1
HP463271,2008-07-19 15:00:00,2008,7,7,15,WASHINGTON HEIGHTS,HOMICIDE,HOMICIDE,NO,0-19,M,BLK,1,0,1
HP554014,2008-09-05 06:10:00,2008,9,6,6,WASHINGTON HEIGHTS,HOMICIDE,HOMICIDE,YES,40-49,M,BLK,1,0,1
HP733385,2008-12-14 11:50:00,2008,12,1,11,WASHINGTON HEIGHTS,HOMICIDE,HOMICIDE,YES,0-19,M,BLK,1,0,1
HP108849,2008-01-06 02:35:00,2008,1,1,2,WASHINGTON PARK,HOMICIDE,HOMICIDE,YES,20-29,M,BLK,1,0,1
HP134462,2008-01-20 21:07:00,2008,1,1,21,WASHINGTON PARK,HOMICIDE,HOMICIDE,YES,20-29,M,BLK,1,0,1
HP226056,2008-03-14 23:03:00,2008,3,6,23,WASHINGTON PARK,HOMICIDE,HOMICIDE,NO,0-19,F,BLK,1,0,1
HP356432,2008-05-25 22:01:00,2008,5,1,22,WASHINGTON PARK,HOMICIDE,HOMICIDE,NO,30-39,M,BLK,1,0,1
HP365206,2008-05-30 13:30:00,2008,5,6,13,WASHINGTON PARK,HOMICIDE,HOMICIDE,YES,0-19,M,BLK,1,0,1
HP377408,2008-06-05 18:12:00,2008,6,5,18,WASHINGTON PARK,HOMICIDE,HOMICIDE,YES,20-29,M,BLK,1,0,1
HP443809,2008-07-09 22:56:00,2008,7,4,22,WASHINGTON PARK,HOMICIDE,HOMICIDE,NO,20-29,F,BLK,1,0,1
HP582038,2008-09-20 02:45:00,2008,9,7,2,WASHINGTON PARK,HOMICIDE,HOMICIDE,YES,20-29,M,BLK,1,0,1
HP633754,2008-10-17 22:55:00,2008,10,6,22,WASHINGTON PARK,HOMICIDE,HOMICIDE,YES,20-29,M,BLK,1,0,1
HP226273,2008-03-15 03:55:00,2008,3,7,3,WEST ELSDON,HOMICIDE,HOMICIDE,YES,0-19,M,WWH,1,0,1
HP260806,2008-04-04 10:41:00,2008,4,6,10,WEST ENGLEWOOD,HOMICIDE,HOMICIDE,NO,40-49,M,BLK,1,0,1
HP260806,2008-04-04 10:41:00,2008,4,6,10,WEST ENGLEWOOD,HOMICIDE,HOMICIDE,YES,40-49,F,BLK,1,0,1
HP260806,2008-04-04 10:41:00,2008,4,6,10,WEST ENGLEWOOD,HOMICIDE,HOMICIDE,YES,0-19,M,BLK,1,0,1
HP263908,2008-04-05 23:11:00,2008,4,7,23,WEST ENGLEWOOD,HOMICIDE,HOMICIDE,NO,0-19,M,BLK,1,0,1
HP321944,2008-05-07 11:53:00,2008,5,4,11,WEST ENGLEWOOD,HOMICIDE,HOMICIDE,YES,40-49,M,WHI,1,0,1
HP405246,2008-06-20 00:52:00,2008,6,6,0,WEST ENGLEWOOD,HOMICIDE,HOMICIDE,YES,30-39,M,BLK,1,0,1
HP407382,2008-06-20 23:30:00,2008,6,6,23,WEST ENGLEWOOD,HOMICIDE,HOMICIDE,NO,60-69,M,BLK,1,0,1
HP414913,2008-06-25 09:20:00,2008,6,4,9,WEST ENGLEWOOD,HOMICIDE,HOMICIDE,YES,20-29,M,BLK,1,0,1
HP438770,2008-07-07 20:14:00,2008,7,2,20,WEST ENGLEWOOD,HOMICIDE,HOMICIDE,YES,20-29,M,BLK,1,0,1
HP463081,2008-07-20 11:22:00,2008,7,1,11,WEST ENGLEWOOD,HOMICIDE,HOMICIDE,YES,0-19,M,BLK,1,0,1
HP516162,2008-08-16 04:43:00,2008,8,7,4,WEST ENGLEWOOD,HOMICIDE,HOMICIDE,YES,0-19,M,BLK,1,0,1
HP555162,2008-09-05 18:44:00,2008,9,6,18,WEST ENGLEWOOD,HOMICIDE,HOMICIDE,YES,0-19,M,BLK,1,0,1
HP557522,2008-09-07 00:30:00,2008,9,1,0,WEST ENGLEWOOD,HOMICIDE,HOMICIDE,YES,0-19,M,BLK,1,0,1
HP565091,2008-09-11 07:29:00,2008,9,5,7,WEST ENGLEWOOD,HOMICIDE,HOMICIDE,YES,20-29,M,BLK,1,0,1
HP568610,2008-09-12 21:44:00,2008,9,6,21,WEST ENGLEWOOD,HOMICIDE,HOMICIDE,YES,50-59,M,BLK,1,0,1
HP623937,2008-10-12 22:33:00,2008,10,1,22,WEST ENGLEWOOD,HOMICIDE,HOMICIDE,YES,50-59,M,BLK,1,0,1
HP624058,2008-10-13 00:07:00,2008,10,2,0,WEST ENGLEWOOD,HOMICIDE,HOMICIDE,YES,0-19,M,BLK,1,0,1
HP645990,2008-10-24 19:25:00,2008,10,6,19,WEST ENGLEWOOD,HOMICIDE,HOMICIDE,YES,20-29,M,BLK,1,0,1
HP648331,2008-10-26 06:37:00,2008,10,1,6,WEST ENGLEWOOD,HOMICIDE,HOMICIDE,YES,0-19,F,BLK,1,0,1
HP657256,2008-10-31 04:00:00,2008,10,6,4,WEST ENGLEWOOD,HOMICIDE,HOMICIDE,YES,30-39,M,BLK,1,0,1
HP669416,2008-11-06 17:13:00,2008,11,5,17,WEST ENGLEWOOD,HOMICIDE,HOMICIDE,YES,0-19,M,BLK,1,0,1
HP669416,2008-11-06 17:13:00,2008,11,5,17,WEST ENGLEWOOD,HOMICIDE,HOMICIDE,YES,0-19,M,BLK,1,0,1
HP743380,2008-12-20 14:47:00,2008,12,7,14,WEST ENGLEWOOD,HOMICIDE,HOMICIDE,YES,20-29,M,BLK,1,0,1
HP192755,2008-02-24 20:48:00,2008,2,1,20,WEST GARFIELD PARK,HOMICIDE,HOMICIDE,YES,20-29,M,BLK,1,0,1
HP194226,2008-02-25 17:13:00,2008,2,2,17,WEST GARFIELD PARK,HOMICIDE,HOMICIDE,YES,0-19,M,BLK,1,0,1
HP250300,2008-03-29 12:52:00,2008,3,7,12,WEST GARFIELD PARK,HOMICIDE,HOMICIDE,YES,20-29,M,BLK,1,0,1
HP275009,2008-04-12 13:04:00,2008,4,7,13,WEST GARFIELD PARK,HOMICIDE,HOMICIDE,NO,20-29,M,BLK,1,0,1
HP288308,2008-04-19 05:50:00,2008,4,7,5,WEST GARFIELD PARK,HOMICIDE,HOMICIDE,YES,20-29,M,BLK,1,0,1
HP291437,2008-04-21 00:33:00,2008,4,2,0,WEST GARFIELD PARK,HOMICIDE,HOMICIDE,YES,20-29,M,BLK,1,0,1
HP317989,2008-05-06 08:40:00,2008,5,3,8,WEST GARFIELD PARK,HOMICIDE,HOMICIDE,NO,20-29,F,BLK,1,0,1
HP388075,2008-06-11 05:50:00,2008,6,4,5,WEST GARFIELD PARK,HOMICIDE,HOMICIDE,NO,30-39,M,BLK,1,0,1
HP476067,2008-07-26 14:30:00,2008,7,7,14,WEST GARFIELD PARK,HOMICIDE,HOMICIDE,YES,20-29,M,BLK,1,0,1
HP482628,2008-07-28 20:46:00,2008,7,2,20,WEST GARFIELD PARK,HOMICIDE,HOMICIDE,NO,30-39,M,BLK,1,0,1
HP483771,2008-07-30 12:00:00,2008,7,4,12,WEST GARFIELD PARK,HOMICIDE,HOMICIDE,NO,30-39,M,BLK,1,0,1
HP646645,2008-10-25 04:50:00,2008,10,7,4,WEST GARFIELD PARK,HOMICIDE,HOMICIDE,YES,30-39,M,BLK,1,0,1
HP674576,2008-11-09 16:09:00,2008,11,1,16,WEST GARFIELD PARK,HOMICIDE,HOMICIDE,YES,30-39,M,BLK,1,0,1
HP691940,2008-11-19 19:14:00,2008,11,4,19,WEST GARFIELD PARK,HOMICIDE,HOMICIDE,YES,30-39,M,BLK,1,0,1
HP697568,2008-11-23 02:40:00,2008,11,1,2,WEST GARFIELD PARK,HOMICIDE,HOMICIDE,YES,20-29,M,BLK,1,0,1
HP750645,2008-12-26 03:25:00,2008,12,6,3,WEST GARFIELD PARK,HOMICIDE,HOMICIDE,YES,20-29,M,BLK,1,0,1
HP401232,2008-06-17 21:12:00,2008,6,3,21,WEST LAWN,HOMICIDE,HOMICIDE,YES,0-19,M,WWH,1,0,1
HP577195,2008-09-17 15:48:00,2008,9,4,15,WEST LAWN,HOMICIDE,HOMICIDE,NO,0-19,M,BLK,1,0,1
HP123802,2008-01-14 16:25:00,2008,1,2,16,WEST PULLMAN,HOMICIDE,HOMICIDE,YES,30-39,M,BLK,1,0,1
HP223957,2008-03-13 22:22:00,2008,3,5,22,WEST PULLMAN,HOMICIDE,HOMICIDE,YES,40-49,M,BLK,1,0,1
HP236732,2008-03-21 14:19:00,2008,3,6,14,WEST PULLMAN,HOMICIDE,HOMICIDE,YES,20-29,M,BLK,1,0,1
HP240730,2008-03-24 06:10:00,2008,3,2,6,WEST PULLMAN,HOMICIDE,HOMICIDE,YES,70-79,F,BLK,1,0,1
HP311537,2008-05-01 18:25:00,2008,5,5,18,WEST PULLMAN,HOMICIDE,HOMICIDE,YES,40-49,M,BLK,1,0,1
HP355530,2008-05-25 10:12:00,2008,5,1,10,WEST PULLMAN,HOMICIDE,HOMICIDE,NO,20-29,M,BLK,1,0,1
HP402615,2008-06-18 16:45:00,2008,6,4,16,WEST PULLMAN,HOMICIDE,HOMICIDE,YES,0-19,M,BLK,1,0,1
HP445601,2008-07-11 10:24:00,2008,7,6,10,WEST PULLMAN,HOMICIDE,HOMICIDE,NO,20-29,M,BLK,1,0,1
HP449334,2008-07-13 01:30:00,2008,7,1,1,WEST PULLMAN,HOMICIDE,HOMICIDE,YES,0-19,M,BLK,1,0,1
HP466760,2008-07-21 22:13:00,2008,7,2,22,WEST PULLMAN,HOMICIDE,HOMICIDE,YES,0-19,M,BLK,1,0,1
HP602251,2008-09-30 20:03:00,2008,9,3,20,WEST PULLMAN,HOMICIDE,HOMICIDE,YES,20-29,M,BLK,1,0,1
HP698165,2008-11-23 14:28:00,2008,11,1,14,WEST PULLMAN,HOMICIDE,HOMICIDE,NO,30-39,F,BLK,1,0,1
HP175585,2008-02-14 17:21:00,2008,2,5,17,WEST TOWN,HOMICIDE,HOMICIDE,YES,40-49,M,WHI,1,0,1
HP265389,2008-04-06 20:40:00,2008,4,1,20,WEST TOWN,HOMICIDE,HOMICIDE,YES,20-29,F,BLK,1,0,1
HP303219,2008-04-27 02:12:00,2008,4,1,2,WEST TOWN,HOMICIDE,HOMICIDE,YES,0-19,M,WWH,1,0,1
HP318572,2008-05-05 16:15:00,2008,5,2,16,WEST TOWN,HOMICIDE,HOMICIDE,YES,20-29,M,WWH,1,0,1
HP406653,2008-06-20 20:51:00,2008,6,6,20,WEST TOWN,HOMICIDE,HOMICIDE,YES,30-39,M,WWH,1,0,1
HP439331,2008-07-08 03:27:00,2008,7,3,3,WEST TOWN,HOMICIDE,HOMICIDE,YES,30-39,M,WWH,1,0,1
HP463046,2008-07-19 23:49:00,2008,7,7,23,WEST TOWN,HOMICIDE,HOMICIDE,YES,30-39,F,WWH,1,0,1
HP504824,2008-08-10 05:54:00,2008,8,1,5,WEST TOWN,HOMICIDE,HOMICIDE,YES,20-29,M,WHI,1,0,1
HP513955,2008-08-15 00:58:00,2008,8,6,0,WEST TOWN,HOMICIDE,HOMICIDE,YES,20-29,M,WWH,1,0,1
HP352018,2008-05-23 12:25:00,2008,5,6,12,WOODLAWN,HOMICIDE,HOMICIDE,YES,30-39,M,BLK,1,0,1
HP443421,2008-07-10 04:00:00,2008,7,5,4,WOODLAWN,HOMICIDE,HOMICIDE,YES,20-29,M,BLK,1,0,1
HP521585,2008-08-19 02:40:00,2008,8,3,2,WOODLAWN,HOMICIDE,HOMICIDE,NO,70-79,M,BLK,1,0,1
HP539048,2008-08-28 03:21:00,2008,8,5,3,WOODLAWN,HOMICIDE,HOMICIDE,NO,20-29,M,BLK,1,0,1
HP543008,2008-08-30 03:45:00,2008,8,7,3,WOODLAWN,HOMICIDE,HOMICIDE,YES,0-19,M,BLK,1,0,1
HP585103,2008-09-21 18:42:00,2008,9,1,18,WOODLAWN,HOMICIDE,HOMICIDE,YES,20-29,M,BLK,1,0,1
HP721262,2008-12-07 14:15:00,2008,12,1,14,WOODLAWN,HOMICIDE,HOMICIDE,YES,20-29,M,BLK,1,0,1
HR146859,2009-01-31 01:10:00,2009,1,7,1,ALBANY PARK,HOMICIDE,HOMICIDE,NO,0-19,F,WWH,1,0,1
HR146859,2009-01-31 01:10:00,2009,1,7,1,ALBANY PARK,HOMICIDE,HOMICIDE,NO,20-29,F,WWH,1,0,1
HR208717,2009-03-10 19:52:00,2009,3,3,19,ALBANY PARK,HOMICIDE,HOMICIDE,YES,0-19,M,WWH,1,0,1
HR300068,2009-05-03 00:10:00,2009,5,1,0,ALBANY PARK,HOMICIDE,HOMICIDE,YES,30-39,M,WWH,1,0,1
HR300068,2009-05-03 00:10:00,2009,5,1,0,ALBANY PARK,HOMICIDE,HOMICIDE,YES,20-29,M,WWH,1,0,1
HR445323,2009-07-24 00:30:00,2009,7,6,0,ALBANY PARK,HOMICIDE,HOMICIDE,YES,20-29,M,API,1,0,1
HR547827,2009-09-21 01:00:00,2009,9,2,1,ALBANY PARK,HOMICIDE,HOMICIDE,YES,0-19,F,WWH,1,0,1
HR547827,2009-09-21 01:00:00,2009,9,2,1,ALBANY PARK,HOMICIDE,HOMICIDE,YES,20-29,M,WWH,1,0,1
HR339591,2009-05-25 03:39:00,2009,5,2,3,ARCHER HEIGHTS,HOMICIDE,HOMICIDE,YES,20-29,M,WWH,1,0,1
HR360636,2009-06-06 02:43:00,2009,6,7,2,ARCHER HEIGHTS,HOMICIDE,HOMICIDE,YES,20-29,M,WWH,1,0,1
HR546014,2009-09-19 20:55:00,2009,9,7,20,ARCHER HEIGHTS,HOMICIDE,HOMICIDE,YES,0-19,M,WWH,1,0,1
HR326567,2009-05-17 20:40:00,2009,5,1,20,ARMOUR SQUARE,HOMICIDE,HOMICIDE,YES,30-39,M,BLK,1,0,1
HR171941,2009-02-15 18:23:00,2009,2,1,18,ASHBURN,HOMICIDE,HOMICIDE,YES,20-29,M,BLK,1,0,1
HR351627,2009-06-01 04:05:00,2009,6,2,4,ASHBURN,HOMICIDE,HOMICIDE,YES,20-29,M,BLK,1,0,1
HR351627,2009-06-01 04:05:00,2009,6,2,4,ASHBURN,HOMICIDE,HOMICIDE,YES,30-39,M,BLK,1,0,1
HR375788,2009-06-14 23:40:00,2009,6,1,23,ASHBURN,HOMICIDE,HOMICIDE,YES,0-19,M,WHI,1,0,1
HR380840,2009-06-17 23:19:00,2009,6,4,23,ASHBURN,HOMICIDE,HOMICIDE,YES,0-19,M,BLK,1,0,1
HR257628,2009-04-08 12:33:00,2009,4,4,12,AUBURN GRESHAM,HOMICIDE,HOMICIDE,YES,0-19,M,BLK,1,0,1
HR275869,2009-04-19 03:50:00,2009,4,1,3,AUBURN GRESHAM,HOMICIDE,HOMICIDE,YES,20-29,M,BLK,1,0,1
HR326823,2009-05-18 00:58:00,2009,5,2,0,AUBURN GRESHAM,HOMICIDE,HOMICIDE,NO,30-39,F,BLK,1,0,1
HR427696,2009-07-14 01:17:00,2009,7,3,1,AUBURN GRESHAM,HOMICIDE,HOMICIDE,YES,0-19,M,BLK,1,0,1
HR448916,2009-07-26 01:20:00,2009,7,1,1,AUBURN GRESHAM,HOMICIDE,HOMICIDE,YES,20-29,M,BLK,1,0,1
HR458839,2009-07-31 17:15:00,2009,7,6,17,AUBURN GRESHAM,HOMICIDE,HOMICIDE,NO,0-19,M,BLK,1,0,1
HR462674,2009-08-03 00:11:00,2009,8,2,0,AUBURN GRESHAM,HOMICIDE,HOMICIDE,YES,60-69,M,BLK,1,0,1
HR469890,2009-08-07 01:25:00,2009,8,6,1,AUBURN GRESHAM,HOMICIDE,HOMICIDE,NO,20-29,M,BLK,1,0,1
HR498696,2009-08-23 03:46:00,2009,8,1,3,AUBURN GRESHAM,HOMICIDE,HOMICIDE,YES,20-29,M,BLK,1,0,1
HR518827,2009-09-04 00:01:00,2009,9,6,0,AUBURN GRESHAM,HOMICIDE,HOMICIDE,NO,30-39,F,BLK,1,0,1
HR530264,2009-09-10 21:07:00,2009,9,5,21,AUBURN GRESHAM,HOMICIDE,HOMICIDE,YES,20-29,M,BLK,1,0,1
HR545851,2009-09-19 19:11:00,2009,9,7,19,AUBURN GRESHAM,HOMICIDE,HOMICIDE,YES,0-19,M,BLK,1,0,1
HR604504,2009-10-23 20:36:00,2009,10,6,20,AUBURN GRESHAM,HOMICIDE,HOMICIDE,YES,40-49,M,BLK,1,0,1
HR643878,2009-11-15 01:58:00,2009,11,1,1,AUBURN GRESHAM,HOMICIDE,HOMICIDE,YES,30-39,M,BLK,1,0,1
HR654653,2009-11-21 18:16:00,2009,11,7,18,AUBURN GRESHAM,HOMICIDE,HOMICIDE,YES,20-29,M,BLK,1,0,1
HR664030,2009-11-28 02:30:00,2009,11,7,2,AUBURN GRESHAM,HOMICIDE,HOMICIDE,YES,20-29,M,BLK,1,0,1
HR683383,2009-12-10 18:47:00,2009,12,5,18,AUBURN GRESHAM,HOMICIDE,HOMICIDE,YES,30-39,M,BLK,1,0,1
HR169053,2009-02-13 21:38:00,2009,2,6,21,AUSTIN,HOMICIDE,HOMICIDE,YES,20-29,M,BLK,1,0,1
HR169053,2009-02-13 21:38:00,2009,2,6,21,AUSTIN,HOMICIDE,HOMICIDE,YES,30-39,M,BLK,1,0,1
HR184505,2009-02-23 14:32:00,2009,2,2,14,AUSTIN,HOMICIDE,HOMICIDE,YES,30-39,M,BLK,1,0,1
HR187661,2009-02-25 13:41:00,2009,2,4,13,AUSTIN,HOMICIDE,HOMICIDE,YES,20-29,M,BLK,1,0,1
HR196091,2009-03-03 00:01:00,2009,3,3,0,AUSTIN,HOMICIDE,HOMICIDE,YES,30-39,M,BLK,1,0,1
HR202770,2009-03-07 01:54:00,2009,3,7,1,AUSTIN,HOMICIDE,HOMICIDE,NO,20-29,M,BLK,1,0,1
HR217708,2009-03-15 21:58:00,2009,3,1,21,AUSTIN,HOMICIDE,HOMICIDE,YES,0-19,M,BLK,1,0,1
HR247290,2009-04-02 02:52:00,2009,4,5,2,AUSTIN,HOMICIDE,HOMICIDE,YES,40-49,M,WWH,1,0,1
HR249864,2009-04-03 15:50:00,2009,4,6,15,AUSTIN,HOMICIDE,HOMICIDE,YES,20-29,M,BLK,1,0,1
HR276507,2009-04-19 14:50:00,2009,4,1,14,AUSTIN,HOMICIDE,HOMICIDE,YES,20-29,M,BLK,1,0,1
HR284163,2009-04-23 22:30:00,2009,4,5,22,AUSTIN,HOMICIDE,HOMICIDE,YES,20-29,M,BLK,1,0,1
HR294865,2009-04-30 00:41:00,2009,4,5,0,AUSTIN,HOMICIDE,HOMICIDE,YES,0-19,M,BLK,1,0,1
HR318130,2009-05-13 08:08:00,2009,5,4,8,AUSTIN,HOMICIDE,HOMICIDE,YES,30-39,M,BLK,1,0,1
HR321154,2009-05-14 19:12:00,2009,5,5,19,AUSTIN,HOMICIDE,HOMICIDE,YES,50-59,M,WHI,1,0,1
HR322891,2009-05-15 17:00:00,2009,5,6,17,AUSTIN,HOMICIDE,HOMICIDE,NO,40-49,M,BLK,1,0,1
HR323676,2009-05-16 02:21:00,2009,5,7,2,AUSTIN,HOMICIDE,HOMICIDE,YES,30-39,M,BLK,1,0,1
HR325243,2009-05-17 00:29:00,2009,5,1,0,AUSTIN,HOMICIDE,HOMICIDE,YES,0-19,M,BLK,1,0,1
HR334337,2009-05-21 23:09:00,2009,5,5,23,AUSTIN,HOMICIDE,HOMICIDE,YES,30-39,M,BLK,1,0,1
HR356738,2009-06-03 22:14:00,2009,6,4,22,AUSTIN,HOMICIDE,HOMICIDE,YES,20-29,M,BLK,1,0,1
HR381032,2009-06-18 00:50:00,2009,6,5,0,AUSTIN,HOMICIDE,HOMICIDE,YES,20-29,M,BLK,1,0,1
HR386301,2009-06-21 02:05:00,2009,6,1,2,AUSTIN,HOMICIDE,HOMICIDE,YES,20-29,M,BLK,1,0,1
HR395617,2009-06-26 03:40:00,2009,6,6,3,AUSTIN,HOMICIDE,HOMICIDE,YES,20-29,F,BLK,1,0,1
HR415508,2009-07-07 05:37:00,2009,7,3,5,AUSTIN,HOMICIDE,HOMICIDE,NO,20-29,M,BLK,1,0,1
HR419551,2009-07-09 11:58:00,2009,7,5,11,AUSTIN,HOMICIDE,HOMICIDE,YES,0-19,M,BLK,1,0,1
HR433123,2009-07-17 00:30:00,2009,7,6,0,AUSTIN,HOMICIDE,HOMICIDE,YES,20-29,F,BLK,1,0,1
HR446917,2009-07-24 20:34:00,2009,7,6,20,AUSTIN,HOMICIDE,HOMICIDE,YES,20-29,F,BLK,1,0,1
HR449097,2009-07-26 04:46:00,2009,7,1,4,AUSTIN,HOMICIDE,HOMICIDE,YES,20-29,M,BLK,1,0,1
HR468661,2009-08-06 12:50:00,2009,8,5,12,AUSTIN,HOMICIDE,HOMICIDE,NO,30-39,F,BLK,1,0,1
HR468886,2009-08-06 14:48:00,2009,8,5,14,AUSTIN,HOMICIDE,HOMICIDE,YES,0-19,M,BLK,1,0,1
HR489613,2009-08-18 01:00:00,2009,8,3,1,AUSTIN,HOMICIDE,HOMICIDE,YES,50-59,F,BLK,1,0,1
HR496194,2009-08-21 14:15:00,2009,8,6,14,AUSTIN,HOMICIDE,HOMICIDE,NO,70-79,M,WWH,1,0,1
HR538920,2009-09-15 20:24:00,2009,9,3,20,AUSTIN,HOMICIDE,HOMICIDE,NO,20-29,M,BLK,1,0,1
HR556514,2009-09-25 21:31:00,2009,9,6,21,AUSTIN,HOMICIDE,HOMICIDE,YES,20-29,M,BLK,1,0,1
HR561279,2009-09-28 19:27:00,2009,9,2,19,AUSTIN,HOMICIDE,HOMICIDE,YES,20-29,M,BLK,1,0,1
HR578247,2009-10-08 19:35:00,2009,10,5,19,AUSTIN,HOMICIDE,HOMICIDE,YES,20-29,M,BLK,1,0,1
HR608026,2009-10-25 22:16:00,2009,10,1,22,AUSTIN,HOMICIDE,HOMICIDE,YES,20-29,M,BLK,1,0,1
HR621312,2009-10-29 21:00:00,2009,10,5,21,AUSTIN,HOMICIDE,HOMICIDE,NO,0-19,F,BLK,1,0,1
HR619611,2009-11-01 01:05:00,2009,11,1,1,AUSTIN,HOMICIDE,HOMICIDE,YES,20-29,F,BLK,1,0,1
HR626854,2009-11-04 23:25:00,2009,11,4,23,AUSTIN,HOMICIDE,HOMICIDE,YES,20-29,M,BLK,1,0,1
HR663280,2009-11-27 15:17:00,2009,11,6,15,AUSTIN,HOMICIDE,HOMICIDE,YES,30-39,M,BLK,1,0,1
HR702252,2009-12-22 22:42:00,2009,12,3,22,AUSTIN,HOMICIDE,HOMICIDE,YES,20-29,M,BLK,1,0,1
HR617186,2009-10-30 15:45:00,2009,10,6,15,AVALON PARK,HOMICIDE,HOMICIDE,NO,0-19,F,BLK,1,0,1
HR628934,2009-11-06 04:25:00,2009,11,6,4,AVONDALE,HOMICIDE,HOMICIDE,NO,20-29,M,WWH,1,0,1
HR264876,2009-04-12 19:10:00,2009,4,1,19,BELMONT CRAGIN,HOMICIDE,HOMICIDE,YES,20-29,M,WWH,1,0,1
HR397532,2009-06-27 01:59:00,2009,6,7,1,BELMONT CRAGIN,HOMICIDE,HOMICIDE,YES,20-29,M,WWH,1,0,1
HR127771,2009-01-18 23:00:00,2009,1,1,23,BRIGHTON PARK,HOMICIDE,HOMICIDE,NO,20-29,F,WHI,1,0,1
HR179373,2009-02-19 23:18:00,2009,2,5,23,BRIGHTON PARK,HOMICIDE,HOMICIDE,YES,0-19,F,WHI,1,0,1
HR376627,2009-06-15 14:20:00,2009,6,2,14,BRIGHTON PARK,HOMICIDE,HOMICIDE,NO,20-29,M,WHI,1,0,1
HR467812,2009-08-05 22:40:00,2009,8,4,22,BRIGHTON PARK,HOMICIDE,HOMICIDE,YES,40-49,M,WWH,1,0,1
HR557682,2009-09-26 15:46:00,2009,9,7,15,BRIGHTON PARK,HOMICIDE,HOMICIDE,YES,20-29,M,WWH,1,0,1
HR558082,2009-09-26 20:20:00,2009,9,7,20,BRIGHTON PARK,HOMICIDE,HOMICIDE,YES,0-19,M,WWH,1,0,1
HR687097,2009-12-13 04:40:00,2009,12,1,4,BRIGHTON PARK,HOMICIDE,HOMICIDE,YES,20-29,M,WHI,1,0,1
HR105382,2009-01-04 13:33:00,2009,1,1,13,BURNSIDE,HOMICIDE,HOMICIDE,YES,20-29,M,BLK,1,0,1
HR258439,2009-04-08 21:07:00,2009,4,4,21,BURNSIDE,HOMICIDE,HOMICIDE,YES,20-29,M,BLK,1,0,1
HR362541,2009-06-07 12:18:00,2009,6,1,12,BURNSIDE,HOMICIDE,HOMICIDE,YES,20-29,M,BLK,1,0,1
HR566426,2009-10-01 21:13:00,2009,10,5,21,BURNSIDE,HOMICIDE,HOMICIDE,YES,20-29,M,BLK,1,0,1
HR580611,2009-10-10 07:51:00,2009,10,7,7,BURNSIDE,HOMICIDE,HOMICIDE,YES,20-29,M,BLK,1,0,1
HR281312,2009-04-22 12:00:00,2009,4,4,12,CALUMET HEIGHTS,HOMICIDE,HOMICIDE,YES,40-49,F,BLK,1,0,1
HR386664,2009-06-21 08:39:00,2009,6,1,8,CALUMET HEIGHTS,HOMICIDE,HOMICIDE,YES,20-29,M,BLK,1,0,1
HR145264,2009-01-30 03:50:00,2009,1,6,3,CHATHAM,HOMICIDE,HOMICIDE,YES,50-59,M,BLK,1,0,1
HR148450,2009-02-01 02:00:00,2009,2,1,2,CHATHAM,HOMICIDE,HOMICIDE,NO,30-39,M,BLK,1,0,1
HR228910,2009-03-22 06:10:00,2009,3,1,6,CHATHAM,HOMICIDE,HOMICIDE,NO,30-39,M,BLK,1,0,1
HR273116,2009-04-17 15:14:00,2009,4,6,15,CHATHAM,HOMICIDE,HOMICIDE,YES,0-19,M,BLK,1,0,1
HR332287,2009-05-20 21:35:00,2009,5,4,21,CHATHAM,HOMICIDE,HOMICIDE,YES,20-29,F,BLK,1,0,1
HR350881,2009-05-31 16:00:00,2009,5,1,16,CHATHAM,HOMICIDE,HOMICIDE,YES,20-29,M,BLK,1,0,1
HR357001,2009-06-04 02:00:00,2009,6,5,2,CHATHAM,HOMICIDE,HOMICIDE,YES,30-39,M,BLK,1,0,1
HR412222,2009-07-05 12:19:00,2009,7,1,12,CHATHAM,HOMICIDE,HOMICIDE,YES,20-29,M,BLK,1,0,1
HR413115,2009-07-05 21:36:00,2009,7,1,21,CHATHAM,HOMICIDE,HOMICIDE,YES,40-49,M,BLK,1,0,1
HR450526,2009-07-27 01:00:00,2009,7,2,1,CHATHAM,HOMICIDE,HOMICIDE,NO,0-19,M,BLK,1,0,1
HR458408,2009-07-31 13:20:00,2009,7,6,13,CHATHAM,HOMICIDE,HOMICIDE,NO,50-59,M,BLK,1,0,1
HR683457,2009-12-10 19:15:00,2009,12,5,19,CHATHAM,HOMICIDE,HOMICIDE,YES,20-29,M,BLK,1,0,1
HR707890,2009-12-27 21:31:00,2009,12,1,21,CHATHAM,HOMICIDE,HOMICIDE,YES,20-29,M,BLK,1,0,1
HR118773,2009-01-13 02:01:00,2009,1,3,2,CHICAGO LAWN,HOMICIDE,HOMICIDE,YES,20-29,M,BLK,1,0,1
HR125120,2009-01-17 02:20:00,2009,1,7,2,CHICAGO LAWN,HOMICIDE,HOMICIDE,NO,0-19,M,BLK,1,0,1
HR167092,2009-02-12 16:26:00,2009,2,5,16,CHICAGO LAWN,HOMICIDE,HOMICIDE,YES,0-19,M,BLK,1,0,1
HR171156,2009-02-15 04:20:00,2009,2,1,4,CHICAGO LAWN,HOMICIDE,HOMICIDE,YES,30-39,M,WWH,1,0,1
HR187353,2009-02-25 10:22:00,2009,2,4,10,CHICAGO LAWN,HOMICIDE,HOMICIDE,NO,70-79,F,BLK,1,0,1
HR253677,2009-04-05 23:13:00,2009,4,1,23,CHICAGO LAWN,HOMICIDE,HOMICIDE,YES,20-29,M,BLK,1,0,1
HR298217,2009-05-01 22:01:00,2009,5,6,22,CHICAGO LAWN,HOMICIDE,HOMICIDE,YES,20-29,M,BLK,1,0,1
HR325934,2009-05-17 13:15:00,2009,5,1,13,CHICAGO LAWN,HOMICIDE,HOMICIDE,YES,30-39,F,API,1,0,1
HR349954,2009-05-31 00:18:00,2009,5,1,0,CHICAGO LAWN,HOMICIDE,HOMICIDE,YES,20-29,M,WWH,1,0,1
HR397356,2009-06-26 23:20:00,2009,6,6,23,CHICAGO LAWN,HOMICIDE,HOMICIDE,YES,20-29,M,BLK,1,0,1
HR398895,2009-06-27 20:18:00,2009,6,7,20,CHICAGO LAWN,HOMICIDE,HOMICIDE,YES,20-29,M,WWH,1,0,1
HR413419,2009-07-06 03:45:00,2009,7,2,3,CHICAGO LAWN,HOMICIDE,HOMICIDE,YES,20-29,M,BLK,1,0,1
HR453095,2009-07-28 14:10:00,2009,7,3,14,CHICAGO LAWN,HOMICIDE,HOMICIDE,YES,0-19,M,WWH,1,0,1
HR471508,2009-08-06 22:06:00,2009,8,5,22,CHICAGO LAWN,HOMICIDE,HOMICIDE,YES,20-29,M,BLK,1,0,1
HR606650,2009-10-25 02:35:00,2009,10,1,2,CHICAGO LAWN,HOMICIDE,HOMICIDE,YES,30-39,M,BLK,1,0,1
HR698725,2009-12-20 16:45:00,2009,12,1,16,CHICAGO LAWN,HOMICIDE,HOMICIDE,YES,20-29,M,BLK,1,0,1
HR382388,2009-06-18 19:38:00,2009,6,5,19,CLEARING,HOMICIDE,HOMICIDE,NO,0-19,M,WWH,1,0,1
HR290192,2009-04-27 13:16:00,2009,4,2,13,DOUGLAS,HOMICIDE,HOMICIDE,NO,70-79,F,BLK,1,0,1
HR711074,2009-12-30 01:35:00,2009,12,4,1,DOUGLAS,HOMICIDE,HOMICIDE,NO,30-39,M,BLK,1,0,1
HR466618,2009-08-05 10:00:00,2009,8,4,10,DUNNING,HOMICIDE,HOMICIDE,NO,20-29,F,WHI,1,0,1
HR136031,2009-01-24 01:10:00,2009,1,7,1,EAST GARFIELD PARK,HOMICIDE,HOMICIDE,NO,50-59,M,BLK,1,0,1
HR209487,2009-03-11 10:15:00,2009,3,4,10,EAST GARFIELD PARK,HOMICIDE,HOMICIDE,YES,30-39,M,BLK,1,0,1
HR273093,2009-04-17 14:40:00,2009,4,6,14,EAST GARFIELD PARK,HOMICIDE,HOMICIDE,YES,30-39,M,BLK,1,0,1
HR334204,2009-05-21 21:40:00,2009,5,5,21,EAST GARFIELD PARK,HOMICIDE,HOMICIDE,YES,0-19,F,BLK,1,0,1
HR334204,2009-05-21 21:40:00,2009,5,5,21,EAST GARFIELD PARK,HOMICIDE,HOMICIDE,YES,20-29,M,BLK,1,0,1
HR395700,2009-06-26 03:34:00,2009,6,6,3,EAST GARFIELD PARK,HOMICIDE,HOMICIDE,NO,0-19,M,BLK,1,0,1
HR412006,2009-07-06 20:01:00,2009,7,2,20,EAST GARFIELD PARK,HOMICIDE,HOMICIDE,NO,20-29,F,BLK,1,0,1
HR415098,2009-07-06 21:27:00,2009,7,2,21,EAST GARFIELD PARK,HOMICIDE,HOMICIDE,YES,20-29,M,BLK,1,0,1
HR441178,2009-07-21 17:00:00,2009,7,3,17,EAST GARFIELD PARK,HOMICIDE,HOMICIDE,YES,20-29,M,BLK,1,0,1
HR500155,2009-08-24 03:59:00,2009,8,2,3,EAST GARFIELD PARK,HOMICIDE,HOMICIDE,YES,20-29,M,BLK,1,0,1
HR532319,2009-09-11 23:10:00,2009,9,6,23,EAST GARFIELD PARK,HOMICIDE,HOMICIDE,YES,20-29,M,BLK,1,0,1
HR556598,2009-09-25 21:49:00,2009,9,6,21,EAST GARFIELD PARK,HOMICIDE,HOMICIDE,YES,0-19,M,BLK,1,0,1
HR556598,2009-09-25 21:49:00,2009,9,6,21,EAST GARFIELD PARK,HOMICIDE,HOMICIDE,YES,0-19,M,BLK,1,0,1
HR576457,2009-10-07 19:59:00,2009,10,4,19,EAST GARFIELD PARK,HOMICIDE,HOMICIDE,YES,20-29,F,BLK,1,0,1
HR662660,2009-11-26 23:59:00,2009,11,5,23,EAST GARFIELD PARK,HOMICIDE,HOMICIDE,YES,30-39,F,BLK,1,0,1
HR662946,2009-11-27 11:02:00,2009,11,6,11,EAST GARFIELD PARK,HOMICIDE,HOMICIDE,YES,40-49,M,BLK,1,0,1
HR447166,2009-07-24 17:00:00,2009,7,6,17,EAST SIDE,HOMICIDE,HOMICIDE,NO,0-19,F,WWH,1,0,1
HR463063,2009-08-03 10:10:00,2009,8,2,10,EAST SIDE,HOMICIDE,HOMICIDE,NO,0-19,F,BLK,1,0,1
HR488950,2009-08-17 17:50:00,2009,8,2,17,EAST SIDE,HOMICIDE,HOMICIDE,YES,20-29,M,BLK,1,0,1
HR545818,2009-09-19 18:53:00,2009,9,7,18,EDGEWATER,HOMICIDE,HOMICIDE,NO,30-39,M,WWH,1,0,1
HR159566,2009-02-08 02:15:00,2009,2,1,2,ENGLEWOOD,HOMICIDE,HOMICIDE,YES,20-29,M,BLK,1,0,1
HR245888,2009-04-01 06:00:00,2009,4,4,6,ENGLEWOOD,HOMICIDE,HOMICIDE,YES,40-49,F,BLK,1,0,1
HR282315,2009-04-22 21:37:00,2009,4,4,21,ENGLEWOOD,HOMICIDE,HOMICIDE,YES,20-29,M,BLK,1,0,1
HR292822,2009-04-28 20:45:00,2009,4,3,20,ENGLEWOOD,HOMICIDE,HOMICIDE,YES,20-29,M,BLK,1,0,1
HR303624,2009-05-05 00:22:00,2009,5,3,0,ENGLEWOOD,HOMICIDE,HOMICIDE,YES,20-29,M,BLK,1,0,1
HR337390,2009-05-23 17:35:00,2009,5,7,17,ENGLEWOOD,HOMICIDE,HOMICIDE,YES,20-29,M,BLK,1,0,1
HR391316,2009-06-23 19:00:00,2009,6,3,19,ENGLEWOOD,HOMICIDE,HOMICIDE,YES,40-49,M,BLK,1,0,1
HR411577,2009-07-04 23:49:00,2009,7,7,23,ENGLEWOOD,HOMICIDE,HOMICIDE,YES,20-29,M,BLK,1,0,1
HR411625,2009-07-05 00:25:00,2009,7,1,0,ENGLEWOOD,HOMICIDE,HOMICIDE,YES,20-29,M,BLK,1,0,1
HR431228,2009-07-16 00:03:00,2009,7,5,0,ENGLEWOOD,HOMICIDE,HOMICIDE,YES,0-19,M,BLK,1,0,1
HR431356,2009-07-16 02:54:00,2009,7,5,2,ENGLEWOOD,HOMICIDE,HOMICIDE,YES,20-29,M,BLK,1,0,1
HR461047,2009-08-01 23:40:00,2009,8,7,23,ENGLEWOOD,HOMICIDE,HOMICIDE,YES,0-19,M,BLK,1,0,1
HR505244,2009-08-26 21:30:00,2009,8,4,21,ENGLEWOOD,HOMICIDE,HOMICIDE,YES,20-29,M,BLK,1,0,1
HR612478,2009-10-28 10:39:00,2009,10,4,10,ENGLEWOOD,HOMICIDE,HOMICIDE,NO,30-39,F,BLK,1,0,1
HR621079,2009-11-01 23:40:00,2009,11,1,23,ENGLEWOOD,HOMICIDE,HOMICIDE,YES,20-29,M,BLK,1,0,1
HR643746,2009-11-15 00:06:00,2009,11,1,0,ENGLEWOOD,HOMICIDE,HOMICIDE,YES,20-29,M,BLK,1,0,1
HR645889,2009-11-16 13:30:00,2009,11,2,13,ENGLEWOOD,HOMICIDE,HOMICIDE,YES,20-29,M,BLK,1,0,1
HR661598,2009-11-26 00:10:00,2009,11,5,0,ENGLEWOOD,HOMICIDE,HOMICIDE,YES,20-29,M,BLK,1,0,1
HR673679,2009-12-03 03:35:00,2009,12,5,3,ENGLEWOOD,HOMICIDE,HOMICIDE,NO,30-39,M,BLK,1,0,1
HR406709,2009-07-02 00:30:00,2009,7,5,0,FOREST GLEN,HOMICIDE,HOMICIDE,NO,50-59,M,WHI,1,0,1
HR685112,2009-12-11 21:00:00,2009,12,6,21,FULLER PARK,HOMICIDE,HOMICIDE,YES,20-29,M,BLK,1,0,1
HR299284,2009-05-02 22:35:00,2009,5,7,22,GAGE PARK,HOMICIDE,HOMICIDE,NO,0-19,M,WWH,1,0,1
HR374283,2009-06-14 01:57:00,2009,6,1,1,GAGE PARK,HOMICIDE,HOMICIDE,YES,20-29,M,WWH,1,0,1
HR409703,2009-07-03 18:00:00,2009,7,6,18,GAGE PARK,HOMICIDE,HOMICIDE,NO,60-69,M,WHI,1,0,1
HR422744,2009-07-11 01:36:00,2009,7,7,1,GAGE PARK,HOMICIDE,HOMICIDE,YES,20-29,M,WWH,1,0,1
HR443602,2009-07-23 01:03:00,2009,7,5,1,GAGE PARK,HOMICIDE,HOMICIDE,YES,0-19,M,WWH,1,0,1
HR462656,2009-08-03 02:00:00,2009,8,2,2,GAGE PARK,HOMICIDE,HOMICIDE,YES,20-29,M,BLK,1,0,1
HR417375,2009-07-08 05:30:00,2009,7,4,5,GARFIELD RIDGE,HOMICIDE,HOMICIDE,YES,20-29,M,API,1,0,1
HR419119,2009-07-09 03:08:00,2009,7,5,3,GARFIELD RIDGE,HOMICIDE,HOMICIDE,YES,20-29,M,BLK,1,0,1
HR486588,2009-08-16 10:00:00,2009,8,1,10,GARFIELD RIDGE,HOMICIDE,HOMICIDE,NO,30-39,F,I,1,0,1
HR115582,2009-01-10 20:48:00,2009,1,7,20,GRAND BOULEVARD,HOMICIDE,HOMICIDE,YES,20-29,M,BLK,1,0,1
HR359277,2009-06-05 12:20:00,2009,6,6,12,GRAND BOULEVARD,HOMICIDE,HOMICIDE,YES,20-29,M,BLK,1,0,1
HR411600,2009-07-04 23:58:00,2009,7,7,23,GRAND BOULEVARD,HOMICIDE,HOMICIDE,NO,40-49,M,BLK,1,0,1
HR412072,2009-07-05 10:14:00,2009,7,1,10,GRAND BOULEVARD,HOMICIDE,HOMICIDE,YES,20-29,M,BLK,1,0,1
HR492789,2009-08-19 17:45:00,2009,8,4,17,GRAND BOULEVARD,HOMICIDE,HOMICIDE,YES,50-59,M,BLK,1,0,1
HR543747,2009-09-18 15:50:00,2009,9,6,15,GRAND BOULEVARD,HOMICIDE,HOMICIDE,YES,20-29,M,BLK,1,0,1
HR606574,2009-10-25 00:57:00,2009,10,1,0,GRAND BOULEVARD,HOMICIDE,HOMICIDE,YES,40-49,M,BLK,1,0,1
HR606767,2009-10-25 04:32:00,2009,10,1,4,GRAND BOULEVARD,HOMICIDE,HOMICIDE,NO,20-29,M,BLK,1,0,1
HR611483,2009-10-27 18:20:00,2009,10,3,18,GRAND BOULEVARD,HOMICIDE,HOMICIDE,YES,0-19,M,BLK,1,0,1
HR633105,2009-11-08 18:00:00,2009,11,1,18,GRAND BOULEVARD,HOMICIDE,HOMICIDE,YES,30-39,M,BLK,1,0,1
HR660923,2009-11-25 16:55:00,2009,11,4,16,GRAND BOULEVARD,HOMICIDE,HOMICIDE,YES,0-19,M,BLK,1,0,1
HR691154,2009-12-15 17:40:00,2009,12,3,17,GRAND BOULEVARD,HOMICIDE,HOMICIDE,YES,40-49,M,BLK,1,0,1
HR142077,2009-01-28 08:37:00,2009,1,4,8,GREATER GRAND CROSSING,HOMICIDE,HOMICIDE,YES,30-39,M,BLK,1,0,1
HR142077,2009-01-28 08:37:00,2009,1,4,8,GREATER GRAND CROSSING,HOMICIDE,HOMICIDE,YES,50-59,M,BLK,1,0,1
HR170634,2009-02-14 18:55:00,2009,2,7,18,GREATER GRAND CROSSING,HOMICIDE,HOMICIDE,YES,0-19,M,BLK,1,0,1
HR174812,2009-02-17 17:52:00,2009,2,3,17,GREATER GRAND CROSSING,HOMICIDE,HOMICIDE,YES,30-39,M,WWH,1,0,1
HR197374,2009-03-03 19:06:00,2009,3,3,19,GREATER GRAND CROSSING,HOMICIDE,HOMICIDE,YES,0-19,M,BLK,1,0,1
HR274087,2009-04-18 00:16:00,2009,4,7,0,GREATER GRAND CROSSING,HOMICIDE,HOMICIDE,YES,20-29,M,BLK,1,0,1
HR282367,2009-04-22 22:15:00,2009,4,4,22,GREATER GRAND CROSSING,HOMICIDE,HOMICIDE,YES,30-39,M,BLK,1,0,1
HR338841,2009-05-24 16:55:00,2009,5,1,16,GREATER GRAND CROSSING,HOMICIDE,HOMICIDE,YES,0-19,M,BLK,1,0,1
HR355044,2009-06-02 22:00:00,2009,6,3,22,GREATER GRAND CROSSING,HOMICIDE,HOMICIDE,YES,30-39,M,BLK,1,0,1
HR364505,2009-06-08 16:17:00,2009,6,2,16,GREATER GRAND CROSSING,HOMICIDE,HOMICIDE,YES,20-29,M,BLK,1,0,1
HR387639,2009-06-21 21:55:00,2009,6,1,21,GREATER GRAND CROSSING,HOMICIDE,HOMICIDE,YES,30-39,M,BLK,1,0,1
HR393180,2009-06-24 18:51:00,2009,6,4,18,GREATER GRAND CROSSING,HOMICIDE,HOMICIDE,YES,0-19,F,BLK,1,0,1
HR459687,2009-08-01 04:35:00,2009,8,7,4,GREATER GRAND CROSSING,HOMICIDE,HOMICIDE,YES,20-29,M,BLK,1,0,1
HR525182,2009-09-08 04:10:00,2009,9,3,4,GREATER GRAND CROSSING,HOMICIDE,HOMICIDE,YES,40-49,M,BLK,1,0,1
HR623557,2009-11-03 06:15:00,2009,11,3,6,GREATER GRAND CROSSING,HOMICIDE,HOMICIDE,YES,20-29,M,BLK,1,0,1
HR671630,2009-12-03 03:50:00,2009,12,5,3,GREATER GRAND CROSSING,HOMICIDE,HOMICIDE,YES,30-39,M,BLK,1,0,1
HR673218,2009-12-04 06:30:00,2009,12,6,6,GREATER GRAND CROSSING,HOMICIDE,HOMICIDE,YES,20-29,M,BLK,1,0,1
HR457072,2009-07-30 17:41:00,2009,7,5,17,HERMOSA,HOMICIDE,HOMICIDE,YES,0-19,M,WWH,1,0,1
HR492937,2009-08-19 19:03:00,2009,8,4,19,HERMOSA,HOMICIDE,HOMICIDE,YES,20-29,M,WWH,1,0,1
HR610087,2009-10-26 22:44:00,2009,10,2,22,HERMOSA,HOMICIDE,HOMICIDE,YES,20-29,F,BLK,1,0,1
HR221629,2009-03-17 22:14:00,2009,3,3,22,HUMBOLDT PARK,HOMICIDE,HOMICIDE,NO,20-29,M,WWH,1,0,1
HR254775,2009-04-06 17:25:00,2009,4,2,17,HUMBOLDT PARK,HOMICIDE,HOMICIDE,NO,80+,F,BLK,1,0,1
HR258914,2009-04-09 02:26:00,2009,4,5,2,HUMBOLDT PARK,HOMICIDE,HOMICIDE,NO,20-29,F,WWH,1,0,1
HR276501,2009-04-19 14:45:00,2009,4,1,14,HUMBOLDT PARK,HOMICIDE,HOMICIDE,YES,40-49,M,WWH,1,0,1
HR281062,2009-04-22 10:41:00,2009,4,4,10,HUMBOLDT PARK,HOMICIDE,HOMICIDE,YES,20-29,M,WWH,1,0,1
HR281876,2009-04-22 17:47:00,2009,4,4,17,HUMBOLDT PARK,HOMICIDE,HOMICIDE,YES,30-39,M,BLK,1,0,1
HR350205,2009-05-31 05:55:00,2009,5,1,5,HUMBOLDT PARK,HOMICIDE,HOMICIDE,YES,30-39,M,BLK,1,0,1
HR350205,2009-05-31 05:55:00,2009,5,1,5,HUMBOLDT PARK,HOMICIDE,HOMICIDE,YES,30-39,M,BLK,1,0,1
HR459675,2009-08-01 04:05:00,2009,8,7,4,HUMBOLDT PARK,HOMICIDE,HOMICIDE,NO,0-19,F,WWH,1,0,1
HR465765,2009-08-04 18:38:00,2009,8,3,18,HUMBOLDT PARK,HOMICIDE,HOMICIDE,YES,50-59,M,BLK,1,0,1
HR478800,2009-08-12 02:05:00,2009,8,4,2,HUMBOLDT PARK,HOMICIDE,HOMICIDE,YES,0-19,M,WWH,1,0,1
HR498517,2009-08-23 00:35:00,2009,8,1,0,HUMBOLDT PARK,HOMICIDE,HOMICIDE,YES,0-19,M,BLK,1,0,1
HR513633,2009-08-31 23:03:00,2009,8,2,23,HUMBOLDT PARK,HOMICIDE,HOMICIDE,YES,30-39,M,WBH,1,0,1
HR580052,2009-10-09 20:38:00,2009,10,6,20,HUMBOLDT PARK,HOMICIDE,HOMICIDE,YES,20-29,M,BLK,1,0,1
HR619574,2009-11-01 01:15:00,2009,11,1,1,HUMBOLDT PARK,HOMICIDE,HOMICIDE,YES,20-29,M,WWH,1,0,1
HR619811,2009-11-01 04:27:00,2009,11,1,4,HUMBOLDT PARK,HOMICIDE,HOMICIDE,YES,30-39,M,BLK,1,0,1
HR626506,2009-11-04 06:01:00,2009,11,4,6,HUMBOLDT PARK,HOMICIDE,HOMICIDE,YES,30-39,M,BLK,1,0,1
HR645553,2009-11-16 09:59:00,2009,11,2,9,HUMBOLDT PARK,HOMICIDE,HOMICIDE,YES,0-19,M,BLK,1,0,1
HR647600,2009-11-17 15:43:00,2009,11,3,15,HUMBOLDT PARK,HOMICIDE,HOMICIDE,YES,40-49,M,BLK,1,0,1
HR670786,2009-12-02 14:56:00,2009,12,4,14,HUMBOLDT PARK,HOMICIDE,HOMICIDE,YES,20-29,M,BLK,1,0,1
HR687492,2009-12-13 12:55:00,2009,12,1,12,HUMBOLDT PARK,HOMICIDE,HOMICIDE,YES,30-39,M,WBH,1,0,1
HR372962,2009-06-13 09:12:00,2009,6,7,9,HYDE PARK,HOMICIDE,HOMICIDE,NO,50-59,F,BLK,1,0,1
HR397555,2009-06-27 02:20:00,2009,6,7,2,HYDE PARK,HOMICIDE,HOMICIDE,YES,20-29,M,BLK,1,0,1
HR455584,2009-07-29 20:10:00,2009,7,4,20,IRVING PARK,HOMICIDE,HOMICIDE,YES,0-19,M,WWH,1,0,1
HR692453,2009-12-16 15:59:00,2009,12,4,15,IRVING PARK,HOMICIDE,HOMICIDE,YES,20-29,M,WWH,1,0,1
HR378743,2009-06-16 18:02:00,2009,6,3,18,KENWOOD,HOMICIDE,HOMICIDE,YES,30-39,M,BLK,1,0,1
HR704527,2009-12-24 15:58:00,2009,12,5,15,KENWOOD,HOMICIDE,HOMICIDE,YES,70-79,M,BLK,1,0,1
HR534894,2009-09-13 00:01:00,2009,9,1,0,LINCOLN PARK,HOMICIDE,HOMICIDE,YES,20-29,M,WHI,1,0,1
HR632294,2009-11-08 04:38:00,2009,11,1,4,LINCOLN PARK,HOMICIDE,HOMICIDE,YES,20-29,M,WHI,1,0,1
HR289324,2009-04-26 22:52:00,2009,4,1,22,LOGAN SQUARE,HOMICIDE,HOMICIDE,YES,0-19,F,WWH,1,0,1
HR362158,2009-06-06 01:30:00,2009,6,7,1,LOGAN SQUARE,HOMICIDE,HOMICIDE,NO,40-49,M,WWH,1,0,1
HR402983,2009-06-30 00:15:00,2009,6,3,0,LOGAN SQUARE,HOMICIDE,HOMICIDE,YES,0-19,M,WWH,1,0,1
HR431090,2009-07-15 22:07:00,2009,7,4,22,LOGAN SQUARE,HOMICIDE,HOMICIDE,YES,0-19,M,WWH,1,0,1
HR588318,2009-10-15 02:01:00,2009,10,5,2,LOGAN SQUARE,HOMICIDE,HOMICIDE,YES,0-19,M,WWH,1,0,1
HR679297,2009-12-08 09:37:00,2009,12,3,9,LOGAN SQUARE,HOMICIDE,HOMICIDE,YES,20-29,M,WWH,1,0,1
HR691400,2009-12-15 12:20:00,2009,12,3,12,LOGAN SQUARE,HOMICIDE,HOMICIDE,NO,30-39,M,WHI,1,0,1
HR143224,2009-01-28 19:31:00,2009,1,4,19,LOWER WEST SIDE,HOMICIDE,HOMICIDE,YES,40-49,M,WWH,1,0,1
HR170948,2009-02-14 23:55:00,2009,2,7,23,LOWER WEST SIDE,HOMICIDE,HOMICIDE,YES,0-19,M,WWH,1,0,1
HR284228,2009-04-23 23:35:00,2009,4,5,23,LOWER WEST SIDE,HOMICIDE,HOMICIDE,YES,0-19,M,WWH,1,0,1
HR427791,2009-07-14 03:56:00,2009,7,3,3,LOWER WEST SIDE,HOMICIDE,HOMICIDE,YES,20-29,M,BLK,1,0,1
HR448184,2009-07-25 16:00:00,2009,7,7,16,LOWER WEST SIDE,HOMICIDE,HOMICIDE,YES,0-19,M,WWH,1,0,1
HR486096,2009-08-16 00:00:00,2009,8,1,0,LOWER WEST SIDE,HOMICIDE,HOMICIDE,YES,20-29,M,WWH,1,0,1
HR531714,2009-09-11 17:09:00,2009,9,6,17,LOWER WEST SIDE,HOMICIDE,HOMICIDE,YES,40-49,M,WWH,1,0,1
HR568489,2009-10-03 00:45:00,2009,10,7,0,LOWER WEST SIDE,HOMICIDE,HOMICIDE,YES,20-29,M,WWH,1,0,1
HR640489,2009-11-12 12:00:00,2009,11,5,12,LOWER WEST SIDE,HOMICIDE,HOMICIDE,NO,0-19,M,WWH,1,0,1
HR201628,2009-03-06 14:07:00,2009,3,6,14,MONTCLAIRE,HOMICIDE,HOMICIDE,YES,30-39,M,WWH,1,0,1
HR703715,2009-12-23 23:10:00,2009,12,4,23,MONTCLAIRE,HOMICIDE,HOMICIDE,NO,20-29,M,WHI,1,0,1
HR103491,2009-01-03 04:44:00,2009,1,7,4,MORGAN PARK,HOMICIDE,HOMICIDE,YES,30-39,M,BLK,1,0,1
HR207222,2009-03-09 23:00:00,2009,3,2,23,MORGAN PARK,HOMICIDE,HOMICIDE,YES,30-39,M,BLK,1,0,1
HR214507,2009-03-13 22:40:00,2009,3,6,22,MORGAN PARK,HOMICIDE,HOMICIDE,YES,0-19,M,BLK,1,0,1
HR267890,2009-04-14 17:03:00,2009,4,3,17,MORGAN PARK,HOMICIDE,HOMICIDE,YES,20-29,M,BLK,1,0,1
HR682134,2009-12-09 21:50:00,2009,12,4,21,MORGAN PARK,HOMICIDE,HOMICIDE,YES,20-29,M,BLK,1,0,1
HR682134,2009-12-09 21:50:00,2009,12,4,21,MORGAN PARK,HOMICIDE,HOMICIDE,YES,20-29,M,BLK,1,0,1
HR455880,2009-07-30 01:12:00,2009,7,5,1,NEAR NORTH SIDE,HOMICIDE,HOMICIDE,YES,30-39,M,BLK,1,0,1
HR136987,2009-01-24 17:45:00,2009,1,7,17,NEAR SOUTH SIDE,HOMICIDE,HOMICIDE,YES,20-29,F,BLK,1,0,1
HR136987,2009-01-24 17:45:00,2009,1,7,17,NEAR SOUTH SIDE,HOMICIDE,HOMICIDE,YES,0-19,F,BLK,1,0,1
HR100192,2009-01-01 02:15:00,2009,1,5,2,NEAR WEST SIDE,HOMICIDE,HOMICIDE,YES,40-49,M,BLK,1,0,1
HR145232,2009-01-30 02:27:00,2009,1,6,2,NEAR WEST SIDE,HOMICIDE,HOMICIDE,YES,20-29,M,BLK,1,0,1
HR170906,2009-02-14 23:10:00,2009,2,7,23,NEAR WEST SIDE,HOMICIDE,HOMICIDE,YES,20-29,M,BLK,1,0,1
HR182652,2009-02-22 05:58:00,2009,2,1,5,NEAR WEST SIDE,HOMICIDE,HOMICIDE,YES,20-29,M,BLK,1,0,1
HR266312,2009-04-10 19:25:00,2009,4,6,19,NEAR WEST SIDE,HOMICIDE,HOMICIDE,NO,40-49,M,BLK,1,0,1
HR350130,2009-05-31 03:04:00,2009,5,1,3,NEAR WEST SIDE,HOMICIDE,HOMICIDE,YES,30-39,M,BLK,1,0,1
HR418861,2009-07-08 20:44:00,2009,7,4,20,NEAR WEST SIDE,HOMICIDE,HOMICIDE,NO,80+,F,BLK,1,0,1
HR570128,2009-10-04 01:42:00,2009,10,1,1,NEAR WEST SIDE,HOMICIDE,HOMICIDE,YES,20-29,M,BLK,1,0,1
HR619673,2009-11-01 13:34:00,2009,11,1,13,NEAR WEST SIDE,HOMICIDE,HOMICIDE,YES,20-29,M,WWH,1,0,1
HR711173,2009-12-30 05:45:00,2009,12,4,5,NEAR WEST SIDE,HOMICIDE,HOMICIDE,YES,30-39,M,BLK,1,0,1
HR271696,2009-04-16 18:30:00,2009,4,5,18,NEW CITY,HOMICIDE,HOMICIDE,YES,0-19,M,WWH,1,0,1
HR287259,2009-04-25 16:42:00,2009,4,7,16,NEW CITY,HOMICIDE,HOMICIDE,YES,0-19,M,BLK,1,0,1
HR317986,2009-05-13 02:10:00,2009,5,4,2,NEW CITY,HOMICIDE,HOMICIDE,YES,20-29,M,BLK,1,0,1
HR322143,2009-05-15 10:31:00,2009,5,6,10,NEW CITY,HOMICIDE,HOMICIDE,YES,0-19,M,WWH,1,0,1
HR384076,2009-06-19 18:22:00,2009,6,6,18,NEW CITY,HOMICIDE,HOMICIDE,YES,0-19,M,BLK,1,0,1
HR412210,2009-07-05 11:43:00,2009,7,1,11,NEW CITY,HOMICIDE,HOMICIDE,YES,20-29,M,WWH,1,0,1
HR434985,2009-07-18 02:04:00,2009,7,7,2,NEW CITY,HOMICIDE,HOMICIDE,YES,0-19,M,BLK,1,0,1
HR496563,2009-08-21 19:15:00,2009,8,6,19,NEW CITY,HOMICIDE,HOMICIDE,YES,0-19,M,WWH,1,0,1
HR558093,2009-09-26 20:40:00,2009,9,7,20,NEW CITY,HOMICIDE,HOMICIDE,YES,20-29,M,BLK,1,0,1
HR602036,2009-10-22 14:41:00,2009,10,5,14,NEW CITY,HOMICIDE,HOMICIDE,YES,0-19,M,WWH,1,0,1
HR685412,2009-12-12 01:15:00,2009,12,7,1,NEW CITY,HOMICIDE,HOMICIDE,YES,40-49,F,BLK,1,0,1
HR570285,2009-10-04 04:47:00,2009,10,1,4,NORTH CENTER,HOMICIDE,HOMICIDE,NO,60-69,M,WWH,1,0,1
HR171024,2009-02-15 01:15:00,2009,2,1,1,NORTH LAWNDALE,HOMICIDE,HOMICIDE,NO,20-29,M,BLK,1,0,1
HR220087,2009-03-17 10:30:00,2009,3,3,10,NORTH LAWNDALE,HOMICIDE,HOMICIDE,YES,40-49,M,BLK,1,0,1
HR323649,2009-05-16 01:30:00,2009,5,7,1,NORTH LAWNDALE,HOMICIDE,HOMICIDE,YES,0-19,M,BLK,1,0,1
HR337828,2009-05-23 20:50:00,2009,5,7,20,NORTH LAWNDALE,HOMICIDE,HOMICIDE,YES,20-29,M,BLK,1,0,1
HR366514,2009-06-09 17:12:00,2009,6,3,17,NORTH LAWNDALE,HOMICIDE,HOMICIDE,YES,20-29,M,BLK,1,0,1
HR383883,2009-06-19 17:00:00,2009,6,6,17,NORTH LAWNDALE,HOMICIDE,HOMICIDE,YES,0-19,M,BLK,1,0,1
HR386556,2009-06-21 05:38:00,2009,6,1,5,NORTH LAWNDALE,HOMICIDE,HOMICIDE,YES,30-39,M,BLK,1,0,1
HR397092,2009-06-26 21:40:00,2009,6,6,21,NORTH LAWNDALE,HOMICIDE,HOMICIDE,YES,0-19,M,BLK,1,0,1
HR431397,2009-07-16 04:49:00,2009,7,5,4,NORTH LAWNDALE,HOMICIDE,HOMICIDE,YES,20-29,M,BLK,1,0,1
HR450630,2009-07-27 03:30:00,2009,7,2,3,NORTH LAWNDALE,HOMICIDE,HOMICIDE,YES,20-29,F,BLK,1,0,1
HR484557,2009-08-05 03:00:00,2009,8,4,3,NORTH LAWNDALE,HOMICIDE,HOMICIDE,YES,20-29,M,BLK,1,0,1
HR551133,2009-09-22 21:10:00,2009,9,3,21,NORTH LAWNDALE,HOMICIDE,HOMICIDE,YES,70-79,F,BLK,1,0,1
HR551133,2009-09-22 21:10:00,2009,9,3,21,NORTH LAWNDALE,HOMICIDE,HOMICIDE,YES,70-79,M,BLK,1,0,1
HR561370,2009-09-28 20:34:00,2009,9,2,20,NORTH LAWNDALE,HOMICIDE,HOMICIDE,YES,30-39,M,BLK,1,0,1
HR608049,2009-10-25 22:27:00,2009,10,1,22,NORTH LAWNDALE,HOMICIDE,HOMICIDE,YES,20-29,M,BLK,1,0,1
HR617933,2009-10-31 03:45:00,2009,10,7,3,NORTH LAWNDALE,HOMICIDE,HOMICIDE,YES,20-29,M,BLK,1,0,1
HR632090,2009-11-08 00:39:00,2009,11,1,0,NORTH LAWNDALE,HOMICIDE,HOMICIDE,NO,40-49,M,BLK,1,0,1
HR633527,2009-11-08 23:29:00,2009,11,1,23,NORTH LAWNDALE,HOMICIDE,HOMICIDE,YES,0-19,M,BLK,1,0,1
HR659521,2009-11-24 20:21:00,2009,11,3,20,NORTH LAWNDALE,HOMICIDE,HOMICIDE,YES,30-39,M,BLK,1,0,1
HR663911,2009-11-28 00:05:00,2009,11,7,0,NORTH LAWNDALE,HOMICIDE,HOMICIDE,YES,20-29,M,BLK,1,0,1
HR680129,2009-12-08 17:30:00,2009,12,3,17,NORTH LAWNDALE,HOMICIDE,HOMICIDE,YES,30-39,M,BLK,1,0,1
HR709941,2009-12-29 11:31:00,2009,12,3,11,NORTH LAWNDALE,HOMICIDE,HOMICIDE,YES,20-29,M,BLK,1,0,1
HR680983,2009-12-09 10:25:00,2009,12,4,10,NORTH PARK,HOMICIDE,HOMICIDE,NO,30-39,F,WHI,1,0,1
HR712527,2009-12-30 23:42:00,2009,12,4,23,NORTH PARK,HOMICIDE,HOMICIDE,YES,50-59,M,API,1,0,1
HR632063,2009-11-08 00:26:00,2009,11,1,0,OAKLAND,HOMICIDE,HOMICIDE,YES,0-19,M,BLK,1,0,1
HR349878,2009-05-30 22:52:00,2009,5,7,22,PULLMAN,HOMICIDE,HOMICIDE,YES,20-29,M,BLK,1,0,1
HR610274,2009-10-27 06:43:00,2009,10,3,6,PULLMAN,HOMICIDE,HOMICIDE,NO,40-49,F,BLK,1,0,1
HR288591,2009-04-26 14:45:00,2009,4,1,14,RIVERDALE,HOMICIDE,HOMICIDE,YES,30-39,M,BLK,1,0,1
HR486000,2009-08-15 20:40:00,2009,8,7,20,RIVERDALE,HOMICIDE,HOMICIDE,NO,0-19,F,BLK,1,0,1
HR283237,2009-04-23 13:00:00,2009,4,5,13,ROGERS PARK,HOMICIDE,HOMICIDE,YES,20-29,M,BLK,1,0,1
HR300057,2009-05-02 23:45:00,2009,5,7,23,ROGERS PARK,HOMICIDE,HOMICIDE,YES,30-39,M,BLK,1,0,1
HR699564,2009-12-21 10:47:00,2009,12,2,10,ROGERS PARK,HOMICIDE,HOMICIDE,NO,0-19,M,BLK,1,0,1
HR193724,2009-03-01 09:05:00,2009,3,1,9,ROSELAND,HOMICIDE,HOMICIDE,NO,40-49,M,BLK,1,0,1
HR240137,2009-03-28 15:54:00,2009,3,7,15,ROSELAND,HOMICIDE,HOMICIDE,YES,30-39,M,BLK,1,0,1
HR298549,2009-05-02 02:30:00,2009,5,7,2,ROSELAND,HOMICIDE,HOMICIDE,YES,0-19,M,BLK,1,0,1
HR298598,2009-05-02 03:15:00,2009,5,7,3,ROSELAND,HOMICIDE,HOMICIDE,YES,30-39,M,BLK,1,0,1
HR349953,2009-05-30 23:10:00,2009,5,7,23,ROSELAND,HOMICIDE,HOMICIDE,YES,30-39,M,BLK,1,0,1
HR437167,2009-07-19 12:50:00,2009,7,1,12,ROSELAND,HOMICIDE,HOMICIDE,YES,20-29,M,BLK,1,0,1
HR472369,2009-08-08 20:15:00,2009,8,7,20,ROSELAND,HOMICIDE,HOMICIDE,YES,70-79,M,BLK,1,0,1
HR472369,2009-08-08 20:15:00,2009,8,7,20,ROSELAND,HOMICIDE,HOMICIDE,NO,60-69,F,BLK,1,0,1
HR483123,2009-08-14 12:00:00,2009,8,6,12,ROSELAND,HOMICIDE,HOMICIDE,YES,20-29,M,BLK,1,0,1
HR535452,2009-09-13 21:21:00,2009,9,1,21,ROSELAND,HOMICIDE,HOMICIDE,YES,0-19,M,BLK,1,0,1
HR554123,2009-09-24 14:53:00,2009,9,5,14,ROSELAND,HOMICIDE,HOMICIDE,NO,0-19,M,BLK,1,0,1
HR572384,2009-10-05 14:48:00,2009,10,2,14,ROSELAND,HOMICIDE,HOMICIDE,YES,20-29,M,BLK,1,0,1
HR143531,2009-01-28 21:00:00,2009,1,4,21,SOUTH CHICAGO,HOMICIDE,HOMICIDE,YES,20-29,M,BLK,1,0,1
HR180267,2009-02-20 14:59:00,2009,2,6,14,SOUTH CHICAGO,HOMICIDE,HOMICIDE,YES,0-19,M,BLK,1,0,1
HR180267,2009-02-20 14:59:00,2009,2,6,14,SOUTH CHICAGO,HOMICIDE,HOMICIDE,YES,0-19,M,BLK,1,0,1
HR180267,2009-02-20 14:59:00,2009,2,6,14,SOUTH CHICAGO,HOMICIDE,HOMICIDE,YES,0-19,M,BLK,1,0,1
HR202638,2009-03-06 23:20:00,2009,3,6,23,SOUTH CHICAGO,HOMICIDE,HOMICIDE,YES,0-19,M,BLK,1,0,1
HR309699,2009-05-08 11:46:00,2009,5,6,11,SOUTH CHICAGO,HOMICIDE,HOMICIDE,YES,20-29,M,BLK,1,0,1
HR325092,2009-05-16 21:55:00,2009,5,7,21,SOUTH CHICAGO,HOMICIDE,HOMICIDE,YES,20-29,F,WWH,1,0,1
HR346451,2009-05-29 00:02:00,2009,5,6,0,SOUTH CHICAGO,HOMICIDE,HOMICIDE,YES,20-29,M,BLK,1,0,1
HR355208,2009-06-03 01:09:00,2009,6,4,1,SOUTH CHICAGO,HOMICIDE,HOMICIDE,YES,20-29,M,WWH,1,0,1
HR408364,2009-07-02 22:02:00,2009,7,5,22,SOUTH CHICAGO,HOMICIDE,HOMICIDE,YES,20-29,M,BLK,1,0,1
HR439906,2009-07-20 23:46:00,2009,7,2,23,SOUTH CHICAGO,HOMICIDE,HOMICIDE,YES,40-49,M,WWH,1,0,1
HR503597,2009-08-25 23:40:00,2009,8,3,23,SOUTH CHICAGO,HOMICIDE,HOMICIDE,YES,20-29,M,BLK,1,0,1
HR504187,2009-08-26 11:12:00,2009,8,4,11,SOUTH CHICAGO,HOMICIDE,HOMICIDE,YES,30-39,M,BLK,1,0,1
HR551667,2009-09-23 09:51:00,2009,9,4,9,SOUTH CHICAGO,HOMICIDE,HOMICIDE,YES,20-29,M,BLK,1,0,1
HR588353,2009-10-15 03:20:00,2009,10,5,3,SOUTH CHICAGO,HOMICIDE,HOMICIDE,YES,20-29,M,BLK,1,0,1
HR597223,2009-10-19 23:48:00,2009,10,2,23,SOUTH CHICAGO,HOMICIDE,HOMICIDE,NO,20-29,M,BLK,1,0,1
HR640601,2009-11-13 07:13:00,2009,11,6,7,SOUTH CHICAGO,HOMICIDE,HOMICIDE,YES,20-29,M,WWH,1,0,1
HR649403,2009-11-18 15:14:00,2009,11,4,15,SOUTH CHICAGO,HOMICIDE,HOMICIDE,YES,0-19,M,WWH,1,0,1
HR686967,2009-12-13 01:34:00,2009,12,1,1,SOUTH CHICAGO,HOMICIDE,HOMICIDE,NO,20-29,M,BLK,1,0,1
HR710812,2009-12-29 20:55:00,2009,12,3,20,SOUTH CHICAGO,HOMICIDE,HOMICIDE,YES,50-59,M,BLK,1,0,1
HR159031,2009-02-07 17:30:00,2009,2,7,17,SOUTH DEERING,HOMICIDE,HOMICIDE,YES,50-59,M,WWH,1,0,1
HR280712,2009-04-22 01:12:00,2009,4,4,1,SOUTH DEERING,HOMICIDE,HOMICIDE,YES,0-19,F,WWH,1,0,1
HR425001,2009-07-12 13:59:00,2009,7,1,13,SOUTH DEERING,HOMICIDE,HOMICIDE,YES,0-19,M,BLK,1,0,1
HR476545,2009-08-10 20:27:00,2009,8,2,20,SOUTH DEERING,HOMICIDE,HOMICIDE,YES,20-29,M,WWH,1,0,1
HR522187,2009-09-06 01:45:00,2009,9,1,1,SOUTH DEERING,HOMICIDE,HOMICIDE,NO,30-39,M,WWH,1,0,1
HR543267,2009-09-18 11:08:00,2009,9,6,11,SOUTH DEERING,HOMICIDE,HOMICIDE,YES,30-39,M,WWH,1,0,1
HR190454,2009-02-27 08:00:00,2009,2,6,8,SOUTH LAWNDALE,HOMICIDE,HOMICIDE,NO,20-29,M,BLK,1,0,1
HR223990,2009-03-19 12:30:00,2009,3,5,12,SOUTH LAWNDALE,HOMICIDE,HOMICIDE,YES,30-39,M,WWH,1,0,1
HR257562,2009-04-08 10:37:00,2009,4,4,10,SOUTH LAWNDALE,HOMICIDE,HOMICIDE,NO,20-29,M,BLK,1,0,1
HR424520,2009-07-12 04:15:00,2009,7,1,4,SOUTH LAWNDALE,HOMICIDE,HOMICIDE,NO,20-29,M,WWH,1,0,1
HR510824,2009-08-30 07:38:00,2009,8,1,7,SOUTH LAWNDALE,HOMICIDE,HOMICIDE,YES,20-29,M,WWH,1,0,1
HR523628,2009-09-06 23:30:00,2009,9,1,23,SOUTH LAWNDALE,HOMICIDE,HOMICIDE,NO,30-39,M,WWH,1,0,1
HR532432,2009-09-12 00:48:00,2009,9,7,0,SOUTH LAWNDALE,HOMICIDE,HOMICIDE,YES,0-19,M,WWH,1,0,1
HR554730,2009-09-24 20:50:00,2009,9,5,20,SOUTH LAWNDALE,HOMICIDE,HOMICIDE,YES,20-29,M,WWH,1,0,1
HR558347,2009-09-27 00:28:00,2009,9,1,0,SOUTH LAWNDALE,HOMICIDE,HOMICIDE,YES,0-19,M,WWH,1,0,1
HR571174,2009-10-04 06:00:00,2009,10,1,6,SOUTH LAWNDALE,HOMICIDE,HOMICIDE,NO,40-49,M,WWH,1,0,1
HR634598,2009-11-09 16:02:00,2009,11,2,16,SOUTH LAWNDALE,HOMICIDE,HOMICIDE,YES,30-39,M,WWH,1,0,1
HR668056,2009-11-30 20:27:00,2009,11,2,20,SOUTH LAWNDALE,HOMICIDE,HOMICIDE,YES,20-29,M,BLK,1,0,1
HR104305,2009-01-03 18:04:00,2009,1,7,18,SOUTH SHORE,HOMICIDE,HOMICIDE,YES,40-49,M,BLK,1,0,1
HR289440,2009-04-27 01:20:00,2009,4,2,1,SOUTH SHORE,HOMICIDE,HOMICIDE,YES,20-29,M,BLK,1,0,1
HR300928,2009-05-03 14:54:00,2009,5,1,14,SOUTH SHORE,HOMICIDE,HOMICIDE,YES,40-49,M,BLK,1,0,1
HR326833,2009-05-17 20:30:00,2009,5,1,20,SOUTH SHORE,HOMICIDE,HOMICIDE,YES,70-79,M,BLK,1,0,1
HR382825,2009-06-19 00:37:00,2009,6,6,0,SOUTH SHORE,HOMICIDE,HOMICIDE,YES,20-29,M,BLK,1,0,1
HR420818,2009-07-10 01:20:00,2009,7,6,1,SOUTH SHORE,HOMICIDE,HOMICIDE,YES,20-29,M,BLK,1,0,1
HR473161,2009-08-08 22:17:00,2009,8,7,22,SOUTH SHORE,HOMICIDE,HOMICIDE,YES,0-19,M,BLK,1,0,1
HR480904,2009-08-13 03:25:00,2009,8,5,3,SOUTH SHORE,HOMICIDE,HOMICIDE,YES,20-29,M,BLK,1,0,1
HR480816,2009-08-13 04:20:00,2009,8,5,4,SOUTH SHORE,HOMICIDE,HOMICIDE,YES,20-29,M,BLK,1,0,1
HR506388,2009-08-27 15:36:00,2009,8,5,15,SOUTH SHORE,HOMICIDE,HOMICIDE,YES,20-29,M,BLK,1,0,1
HR511382,2009-08-30 16:29:00,2009,8,1,16,SOUTH SHORE,HOMICIDE,HOMICIDE,YES,20-29,M,BLK,1,0,1
HR511382,2009-08-30 16:29:00,2009,8,1,16,SOUTH SHORE,HOMICIDE,HOMICIDE,YES,30-39,M,BLK,1,0,1
HR513522,2009-08-31 21:34:00,2009,8,2,21,SOUTH SHORE,HOMICIDE,HOMICIDE,YES,20-29,M,BLK,1,0,1
HR523131,2009-09-06 18:02:00,2009,9,1,18,SOUTH SHORE,HOMICIDE,HOMICIDE,YES,20-29,M,BLK,1,0,1
HR685085,2009-12-11 20:05:00,2009,12,6,20,SOUTH SHORE,HOMICIDE,HOMICIDE,YES,0-19,M,BLK,1,0,1
HR348652,2009-05-30 06:15:00,2009,5,7,6,UPTOWN,HOMICIDE,HOMICIDE,YES,40-49,M,WWH,1,0,1
HR115899,2009-01-11 01:05:00,2009,1,1,1,WASHINGTON HEIGHTS,HOMICIDE,HOMICIDE,YES,30-39,M,BLK,1,0,1
HR233674,2009-03-24 22:10:00,2009,3,3,22,WASHINGTON HEIGHTS,HOMICIDE,HOMICIDE,YES,20-29,M,BLK,1,0,1
HR404116,2009-06-30 16:00:00,2009,6,3,16,WASHINGTON HEIGHTS,HOMICIDE,HOMICIDE,YES,20-29,M,BLK,1,0,1
HR450586,2009-07-27 02:40:00,2009,7,2,2,WASHINGTON HEIGHTS,HOMICIDE,HOMICIDE,YES,30-39,M,BLK,1,0,1
HR483347,2009-08-14 14:11:00,2009,8,6,14,WASHINGTON HEIGHTS,HOMICIDE,HOMICIDE,YES,20-29,M,BLK,1,0,1
HR528878,2009-09-10 13:11:00,2009,9,5,13,WASHINGTON HEIGHTS,HOMICIDE,HOMICIDE,YES,20-29,M,BLK,1,0,1
HR606304,2009-10-24 21:15:00,2009,10,7,21,WASHINGTON HEIGHTS,HOMICIDE,HOMICIDE,YES,0-19,M,BLK,1,0,1
HR697511,2009-12-19 19:42:00,2009,12,7,19,WASHINGTON HEIGHTS,HOMICIDE,HOMICIDE,YES,20-29,M,BLK,1,0,1
HR485660,2009-08-15 18:30:00,2009,8,7,18,WASHINGTON PARK,HOMICIDE,HOMICIDE,YES,20-29,M,BLK,1,0,1
HR499466,2009-08-23 16:20:00,2009,8,1,16,WASHINGTON PARK,HOMICIDE,HOMICIDE,NO,30-39,M,BLK,1,0,1
HR559671,2009-09-27 21:14:00,2009,9,1,21,WASHINGTON PARK,HOMICIDE,HOMICIDE,NO,40-49,M,BLK,1,0,1
HR691335,2009-12-15 20:35:00,2009,12,3,20,WASHINGTON PARK,HOMICIDE,HOMICIDE,YES,20-29,M,BLK,1,0,1
HR140291,2009-01-27 01:10:00,2009,1,3,1,WEST ENGLEWOOD,HOMICIDE,HOMICIDE,NO,30-39,M,BLK,1,0,1
HR160784,2009-02-08 21:49:00,2009,2,1,21,WEST ENGLEWOOD,HOMICIDE,HOMICIDE,YES,40-49,M,BLK,1,0,1
HR176137,2009-02-18 14:00:00,2009,2,4,14,WEST ENGLEWOOD,HOMICIDE,HOMICIDE,YES,0-19,M,BLK,1,0,1
HR188465,2009-02-25 21:13:00,2009,2,4,21,WEST ENGLEWOOD,HOMICIDE,HOMICIDE,YES,20-29,M,BLK,1,0,1
HR345694,2009-05-28 16:43:00,2009,5,5,16,WEST ENGLEWOOD,HOMICIDE,HOMICIDE,YES,40-49,M,BLK,1,0,1
HR351507,2009-06-01 00:12:00,2009,6,2,0,WEST ENGLEWOOD,HOMICIDE,HOMICIDE,YES,20-29,M,WWH,1,0,1
HR379963,2009-06-17 13:40:00,2009,6,4,13,WEST ENGLEWOOD,HOMICIDE,HOMICIDE,YES,20-29,M,BLK,1,0,1
HR409189,2009-07-03 12:47:00,2009,7,6,12,WEST ENGLEWOOD,HOMICIDE,HOMICIDE,YES,0-19,M,BLK,1,0,1
HR411794,2009-07-05 16:23:00,2009,7,1,16,WEST ENGLEWOOD,HOMICIDE,HOMICIDE,YES,20-29,M,BLK,1,0,1
HR413307,2009-07-06 00:45:00,2009,7,2,0,WEST ENGLEWOOD,HOMICIDE,HOMICIDE,YES,30-39,M,BLK,1,0,1
HR473660,2009-08-09 05:00:00,2009,8,1,5,WEST ENGLEWOOD,HOMICIDE,HOMICIDE,NO,50-59,F,BLK,1,0,1
HR478610,2009-08-11 22:42:00,2009,8,3,22,WEST ENGLEWOOD,HOMICIDE,HOMICIDE,YES,30-39,M,BLK,1,0,1
HR479071,2009-08-12 03:00:00,2009,8,4,3,WEST ENGLEWOOD,HOMICIDE,HOMICIDE,YES,30-39,M,BLK,1,0,1
HR528313,2009-09-09 19:31:00,2009,9,4,19,WEST ENGLEWOOD,HOMICIDE,HOMICIDE,YES,20-29,M,BLK,1,0,1
HR592304,2009-10-17 03:05:00,2009,10,7,3,WEST ENGLEWOOD,HOMICIDE,HOMICIDE,YES,40-49,M,BLK,1,0,1
HR608434,2009-10-26 09:20:00,2009,10,2,9,WEST ENGLEWOOD,HOMICIDE,HOMICIDE,YES,0-19,M,BLK,1,0,1
HR611213,2009-10-27 16:26:00,2009,10,3,16,WEST ENGLEWOOD,HOMICIDE,HOMICIDE,YES,40-49,F,BLK,1,0,1
HR611213,2009-10-27 16:26:00,2009,10,3,16,WEST ENGLEWOOD,HOMICIDE,HOMICIDE,YES,0-19,M,BLK,1,0,1
HR666816,2009-11-30 06:50:00,2009,11,2,6,WEST ENGLEWOOD,HOMICIDE,HOMICIDE,NO,0-19,F,BLK,1,0,1
HR692222,2009-12-16 14:02:00,2009,12,4,14,WEST ENGLEWOOD,HOMICIDE,HOMICIDE,NO,40-49,F,BLK,1,0,1
HR237423,2009-03-27 01:43:00,2009,3,6,1,WEST GARFIELD PARK,HOMICIDE,HOMICIDE,YES,20-29,M,BLK,1,0,1
HR269494,2009-04-15 15:45:00,2009,4,4,15,WEST GARFIELD PARK,HOMICIDE,HOMICIDE,YES,20-29,M,BLK,1,0,1
HR283222,2009-04-23 13:40:00,2009,4,5,13,WEST GARFIELD PARK,HOMICIDE,HOMICIDE,YES,30-39,M,BLK,1,0,1
HR305751,2009-05-06 09:07:00,2009,5,4,9,WEST GARFIELD PARK,HOMICIDE,HOMICIDE,YES,0-19,M,BLK,1,0,1
HR346508,2009-05-29 01:00:00,2009,5,6,1,WEST GARFIELD PARK,HOMICIDE,HOMICIDE,YES,30-39,M,BLK,1,0,1
HR387922,2009-06-22 00:40:00,2009,6,2,0,WEST GARFIELD PARK,HOMICIDE,HOMICIDE,YES,30-39,M,BLK,1,0,1
HR398857,2009-06-27 19:50:00,2009,6,7,19,WEST GARFIELD PARK,HOMICIDE,HOMICIDE,YES,30-39,M,BLK,1,0,1
HR557003,2009-09-26 06:05:00,2009,9,7,6,WEST GARFIELD PARK,HOMICIDE,HOMICIDE,YES,20-29,M,BLK,1,0,1
HR568564,2009-10-03 02:55:00,2009,10,7,2,WEST GARFIELD PARK,HOMICIDE,HOMICIDE,YES,20-29,M,BLK,1,0,1
HR568835,2009-10-03 10:00:00,2009,10,7,10,WEST GARFIELD PARK,HOMICIDE,HOMICIDE,YES,20-29,M,BLK,1,0,1
HR626026,2009-11-04 15:05:00,2009,11,4,15,WEST GARFIELD PARK,HOMICIDE,HOMICIDE,YES,20-29,M,BLK,1,0,1
HR685390,2009-12-12 04:12:00,2009,12,7,4,WEST GARFIELD PARK,HOMICIDE,HOMICIDE,YES,20-29,M,BLK,1,0,1
HR112006,2009-01-08 16:00:00,2009,1,5,16,WEST LAWN,HOMICIDE,HOMICIDE,YES,0-19,M,WWH,1,0,1
HR138005,2009-01-25 14:30:00,2009,1,1,14,WEST PULLMAN,HOMICIDE,HOMICIDE,YES,30-39,M,BLK,1,0,1
HR143725,2009-01-29 07:40:00,2009,1,5,7,WEST PULLMAN,HOMICIDE,HOMICIDE,NO,50-59,M,BLK,1,0,1
HR217834,2009-03-16 00:22:00,2009,3,2,0,WEST PULLMAN,HOMICIDE,HOMICIDE,YES,20-29,M,BLK,1,0,1
HR364655,2009-06-08 17:20:00,2009,6,2,17,WEST PULLMAN,HOMICIDE,HOMICIDE,YES,30-39,M,BLK,1,0,1
HR413184,2009-07-05 20:30:00,2009,7,1,20,WEST PULLMAN,HOMICIDE,HOMICIDE,YES,20-29,M,BLK,1,0,1
HR466307,2009-08-05 01:10:00,2009,8,4,1,WEST PULLMAN,HOMICIDE,HOMICIDE,YES,30-39,M,BLK,1,0,1
HR535446,2009-09-13 21:15:00,2009,9,1,21,WEST PULLMAN,HOMICIDE,HOMICIDE,YES,20-29,M,BLK,1,0,1
HR712269,2009-12-30 20:10:00,2009,12,4,20,WEST PULLMAN,HOMICIDE,HOMICIDE,YES,0-19,M,BLK,1,0,1
HR372899,2009-06-13 07:00:00,2009,6,7,7,WEST RIDGE,HOMICIDE,HOMICIDE,NO,20-29,M,BLK,1,0,1
HR576249,2009-10-07 17:56:00,2009,10,4,17,WEST RIDGE,HOMICIDE,HOMICIDE,YES,50-59,M,BLK,1,0,1
HR300442,2009-05-03 05:53:00,2009,5,1,5,WEST TOWN,HOMICIDE,HOMICIDE,NO,0-19,F,WWH,1,0,1
HR300442,2009-05-03 05:53:00,2009,5,1,5,WEST TOWN,HOMICIDE,HOMICIDE,NO,20-29,F,WWH,1,0,1
HR328725,2009-05-19 01:05:00,2009,5,3,1,WEST TOWN,HOMICIDE,HOMICIDE,YES,30-39,M,WWH,1,0,1
HR385797,2009-06-20 19:01:00,2009,6,7,19,WEST TOWN,HOMICIDE,HOMICIDE,YES,20-29,M,WWH,1,0,1
HR397776,2009-06-27 07:06:00,2009,6,7,7,WEST TOWN,HOMICIDE,HOMICIDE,YES,30-39,M,WWH,1,0,1
HR425829,2009-07-13 01:25:00,2009,7,2,1,WEST TOWN,HOMICIDE,HOMICIDE,NO,40-49,M,BLK,1,0,1
HR431169,2009-07-15 23:04:00,2009,7,4,23,WEST TOWN,HOMICIDE,HOMICIDE,YES,20-29,M,WWH,1,0,1
HR431383,2009-07-16 04:20:00,2009,7,5,4,WEST TOWN,HOMICIDE,HOMICIDE,NO,20-29,M,BLK,1,0,1
HR461302,2009-08-02 04:10:00,2009,8,1,4,WEST TOWN,HOMICIDE,HOMICIDE,YES,0-19,M,WWH,1,0,1
HR461310,2009-08-02 04:13:00,2009,8,1,4,WEST TOWN,HOMICIDE,HOMICIDE,YES,30-39,M,WHI,1,0,1
HR498619,2009-08-23 02:03:00,2009,8,1,2,WEST TOWN,HOMICIDE,HOMICIDE,YES,20-29,M,WWH,1,0,1
HR582084,2009-10-11 05:49:00,2009,10,1,5,WEST TOWN,HOMICIDE,HOMICIDE,YES,20-29,M,WWH,1,0,1
HR619620,2009-11-01 01:15:00,2009,11,1,1,WEST TOWN,HOMICIDE,HOMICIDE,YES,20-29,M,WWH,1,0,1
HR218925,2009-03-16 16:33:00,2009,3,2,16,WOODLAWN,HOMICIDE,HOMICIDE,YES,0-19,M,BLK,1,0,1
HR248324,2009-04-02 16:55:00,2009,4,5,16,WOODLAWN,HOMICIDE,HOMICIDE,YES,0-19,M,BLK,1,0,1
HR250767,2009-04-04 00:43:00,2009,4,7,0,WOODLAWN,HOMICIDE,HOMICIDE,YES,20-29,M,BLK,1,0,1
HR278817,2009-04-20 22:37:00,2009,4,2,22,WOODLAWN,HOMICIDE,HOMICIDE,YES,30-39,M,BLK,1,0,1
HR334220,2009-05-21 21:50:00,2009,5,5,21,WOODLAWN,HOMICIDE,HOMICIDE,YES,0-19,M,BLK,1,0,1
HR411763,2009-07-05 01:40:00,2009,7,1,1,WOODLAWN,HOMICIDE,HOMICIDE,YES,20-29,M,BLK,1,0,1
HR411763,2009-07-05 01:40:00,2009,7,1,1,WOODLAWN,HOMICIDE,HOMICIDE,YES,20-29,M,BLK,1,0,1
HR521167,2009-09-05 11:40:00,2009,9,7,11,WOODLAWN,HOMICIDE,HOMICIDE,NO,40-49,M,BLK,1,0,1
HR667859,2009-11-30 18:15:00,2009,11,2,18,WOODLAWN,HOMICIDE,HOMICIDE,NO,0-19,F,BLK,1,0,1
HS267909,2010-04-20 22:53:13,2010,4,3,22,ALBANY PARK,BATTERY,BATTERY,YES,UNKNOWN,UNKNOWN,UNKNOWN,0,1,1
HS274846,2010-04-25 04:30:00,2010,4,1,4,ALBANY PARK,BATTERY,BATTERY,YES,UNKNOWN,UNKNOWN,UNKNOWN,0,1,1
HS282966,2010-04-29 22:47:00,2010,4,5,22,ALBANY PARK,BATTERY,BATTERY,YES,30-39,M,WWH,0,1,1
HS361514,2010-06-15 18:27:00,2010,6,3,18,ALBANY PARK,BATTERY,BATTERY,YES,20-29,M,WHI,0,1,1
HS379248,2010-06-26 00:40:00,2010,6,7,0,ALBANY PARK,BATTERY,BATTERY,YES,20-29,M,WHI,0,1,1
HS394290,2010-07-05 00:38:00,2010,7,2,0,ALBANY PARK,BATTERY,BATTERY,YES,20-29,M,WWH,0,1,1
HS463023,2010-08-14 23:15:00,2010,8,7,23,ALBANY PARK,BATTERY,BATTERY,YES,UNKNOWN,UNKNOWN,UNKNOWN,0,1,1
HS551662,2010-10-06 23:00:00,2010,10,4,23,ALBANY PARK,HOMICIDE,HOMICIDE,YES,20-29,M,WWH,1,0,1
HS617305,2010-11-15 18:54:00,2010,11,2,18,ALBANY PARK,BATTERY,BATTERY,YES,20-29,M,API,0,1,1
HS617305,2010-11-15 18:54:00,2010,11,2,18,ALBANY PARK,BATTERY,BATTERY,YES,20-29,M,WWH,0,1,1
HS383827,2010-06-28 18:24:00,2010,6,2,18,ARCHER HEIGHTS,BATTERY,BATTERY,YES,0-19,M,WWH,0,1,1
HS391483,2010-07-03 01:15:00,2010,7,7,1,ARMOUR SQUARE,HOMICIDE,HOMICIDE,NO,40-49,M,API,1,0,1
HS149738,2010-02-03 16:13:00,2010,2,4,16,ASHBURN,BATTERY,BATTERY,YES,0-19,M,WWH,0,1,1
HS174663,2010-02-21 11:10:00,2010,2,1,11,ASHBURN,BATTERY,BATTERY,YES,UNKNOWN,UNKNOWN,UNKNOWN,0,1,1
HS184388,2010-02-27 23:45:00,2010,2,7,23,ASHBURN,BATTERY,BATTERY,YES,UNKNOWN,UNKNOWN,UNKNOWN,0,1,1
HS195035,2010-03-06 20:30:00,2010,3,7,20,ASHBURN,BATTERY,BATTERY,YES,0-19,M,BLK,0,1,1
HS203031,2010-03-11 19:20:00,2010,3,5,19,ASHBURN,HOMICIDE,HOMICIDE,YES,20-29,M,BLK,1,0,1
HS222262,2010-03-23 17:20:00,2010,3,3,17,ASHBURN,BATTERY,BATTERY,YES,20-29,M,BLK,0,1,1
HS222262,2010-03-23 17:20:00,2010,3,3,17,ASHBURN,BATTERY,BATTERY,YES,0-19,M,BLK,0,1,1
HS239011,2010-04-02 23:07:47,2010,4,6,23,ASHBURN,BATTERY,BATTERY,YES,UNKNOWN,UNKNOWN,UNKNOWN,0,1,1
HS241918,2010-04-05 05:15:00,2010,4,2,5,ASHBURN,BATTERY,BATTERY,YES,80+,M,WHI,0,1,1
HS257940,2010-04-14 21:20:00,2010,4,4,21,ASHBURN,BATTERY,BATTERY,YES,20-29,F,BLK,0,1,1
HS270788,2010-04-22 18:55:00,2010,4,5,18,ASHBURN,BATTERY,BATTERY,YES,0-19,M,BLK,0,1,1
HS328480,2010-05-27 00:35:00,2010,5,5,0,ASHBURN,BATTERY,BATTERY,YES,0-19,F,BLK,0,1,1
HS333314,2010-05-29 19:50:00,2010,5,7,19,ASHBURN,BATTERY,BATTERY,YES,0-19,M,BLK,0,1,1
HS333732,2010-05-30 01:50:00,2010,5,1,1,ASHBURN,BATTERY,BATTERY,YES,0-19,M,WWH,0,1,1
HS347380,2010-06-07 14:40:00,2010,6,2,14,ASHBURN,BATTERY,BATTERY,YES,20-29,M,BLK,0,1,1
HS351184,2010-06-09 17:15:00,2010,6,4,17,ASHBURN,BATTERY,BATTERY,YES,0-19,M,BLK,0,1,1
HS359848,2010-06-14 19:25:00,2010,6,2,19,ASHBURN,BATTERY,BATTERY,YES,0-19,M,BLK,0,1,1
HS361929,2010-06-15 23:19:00,2010,6,3,23,ASHBURN,HOMICIDE,HOMICIDE,YES,30-39,M,WWH,1,0,1
HS366188,2010-06-18 12:11:42,2010,6,6,12,ASHBURN,ROBBERY,ROBBERY,YES,UNKNOWN,UNKNOWN,UNKNOWN,0,1,1
HS368669,2010-06-19 21:23:00,2010,6,7,21,ASHBURN,BATTERY,BATTERY,YES,0-19,F,WWH,0,1,1
HS374967,2010-06-23 14:36:00,2010,6,4,14,ASHBURN,BATTERY,BATTERY,YES,30-39,M,WWH,0,1,1
HS384337,2010-06-29 00:33:00,2010,6,3,0,ASHBURN,BATTERY,BATTERY,YES,20-29,M,BLK,0,1,1
HS392928,2010-07-04 00:15:00,2010,7,1,0,ASHBURN,BATTERY,BATTERY,YES,20-29,M,BLK,0,1,1
HS395526,2010-07-05 18:30:00,2010,7,2,18,ASHBURN,BATTERY,BATTERY,YES,20-29,M,BLK,0,1,1
HS395612,2010-07-05 19:45:00,2010,7,2,19,ASHBURN,BATTERY,BATTERY,YES,0-19,M,BLK,0,1,1
HS405518,2010-07-11 15:30:00,2010,7,1,15,ASHBURN,BATTERY,BATTERY,YES,20-29,M,BLK,0,1,1
HS414022,2010-07-16 16:47:00,2010,7,6,16,ASHBURN,BATTERY,BATTERY,YES,0-19,M,BLK,0,1,1
HS420864,2010-07-20 17:25:00,2010,7,3,17,ASHBURN,BATTERY,BATTERY,YES,0-19,M,BLK,0,1,1
HS425436,2010-07-23 11:30:00,2010,7,6,11,ASHBURN,BATTERY,HOMICIDE,YES,0-19,M,BLK,0,1,1
HS425436,2010-07-23 11:30:00,2010,7,6,11,ASHBURN,HOMICIDE,HOMICIDE,YES,0-19,M,BLK,1,0,1
HS425436,2010-07-23 11:30:00,2010,7,6,11,ASHBURN,BATTERY,HOMICIDE,YES,0-19,M,BLK,0,1,1
HS431273,2010-07-26 21:14:00,2010,7,2,21,ASHBURN,BATTERY,BATTERY,YES,0-19,M,BLK,0,1,1
HS431273,2010-07-26 21:14:00,2010,7,2,21,ASHBURN,BATTERY,BATTERY,YES,20-29,M,BLK,0,1,1
HS431273,2010-07-26 21:14:00,2010,7,2,21,ASHBURN,BATTERY,BATTERY,YES,20-29,M,BLK,0,1,1
HS431273,2010-07-26 21:14:00,2010,7,2,21,ASHBURN,BATTERY,BATTERY,YES,20-29,F,BLK,0,1,1
HS431273,2010-07-26 21:14:00,2010,7,2,21,ASHBURN,BATTERY,BATTERY,YES,30-39,M,BLK,0,1,1
HS431273,2010-07-26 21:14:00,2010,7,2,21,ASHBURN,BATTERY,BATTERY,YES,20-29,M,BLK,0,1,1
HS431273,2010-07-26 21:14:00,2010,7,2,21,ASHBURN,BATTERY,BATTERY,YES,0-19,M,BLK,0,1,1
HS431273,2010-07-26 21:14:00,2010,7,2,21,ASHBURN,BATTERY,BATTERY,YES,0-19,M,BLK,0,1,1
HS431273,2010-07-26 21:14:00,2010,7,2,21,ASHBURN,BATTERY,BATTERY,YES,0-19,M,BLK,0,1,1
HS447838,2010-08-05 21:26:00,2010,8,5,21,ASHBURN,BATTERY,BATTERY,YES,20-29,M,BLK,0,1,1
HS461589,2010-08-14 02:05:00,2010,8,7,2,ASHBURN,BATTERY,BATTERY,YES,20-29,M,BLK,0,1,1
HS469911,2010-08-18 23:14:00,2010,8,4,23,ASHBURN,BATTERY,BATTERY,YES,0-19,M,BLK,0,1,1
HS522436,2010-09-19 00:15:00,2010,9,1,0,ASHBURN,BATTERY,BATTERY,YES,20-29,M,BLK,0,1,1
HS522662,2010-09-19 04:33:00,2010,9,1,4,ASHBURN,BATTERY,BATTERY,YES,20-29,M,WWH,0,1,1
HS530948,2010-09-24 01:50:00,2010,9,6,1,ASHBURN,BATTERY,BATTERY,YES,0-19,M,WWH,0,1,1
HS532596,2010-09-25 00:18:00,2010,9,7,0,ASHBURN,BATTERY,BATTERY,YES,30-39,M,BLK,0,1,1
HS569089,2010-10-17 16:08:00,2010,10,1,16,ASHBURN,HOMICIDE,HOMICIDE,YES,20-29,M,BLK,1,0,1
HS577628,2010-10-22 20:01:00,2010,10,6,20,ASHBURN,BATTERY,BATTERY,YES,0-19,M,WHI,0,1,1
HS577628,2010-10-22 20:01:00,2010,10,6,20,ASHBURN,BATTERY,BATTERY,YES,0-19,M,WWH,0,1,1
HS582101,2010-10-25 17:14:00,2010,10,2,17,ASHBURN,BATTERY,BATTERY,YES,0-19,M,BLK,0,1,1
HS627696,2010-11-22 13:37:00,2010,11,2,13,ASHBURN,BATTERY,BATTERY,YES,0-19,M,BLK,0,1,1
HS628345,2010-11-22 18:30:00,2010,11,2,18,ASHBURN,HOMICIDE,HOMICIDE,YES,40-49,M,BLK,1,0,1
HS100027,2010-01-01 00:12:00,2010,1,6,0,AUBURN GRESHAM,BATTERY,BATTERY,YES,20-29,M,BLK,0,1,1
HS124086,2010-01-17 00:05:00,2010,1,1,0,AUBURN GRESHAM,BATTERY,BATTERY,YES,0-19,M,UNKNOWN,0,1,1
HS147933,2010-02-02 12:54:00,2010,2,3,12,AUBURN GRESHAM,HOMICIDE,HOMICIDE,YES,0-19,M,BLK,1,0,1
HS147933,2010-02-02 12:54:00,2010,2,3,12,AUBURN GRESHAM,BATTERY,HOMICIDE,YES,0-19,M,BLK,0,1,1
HS148489,2010-02-02 18:28:00,2010,2,3,18,AUBURN GRESHAM,HOMICIDE,HOMICIDE,YES,40-49,F,BLK,1,0,1
HS148489,2010-02-02 18:28:00,2010,2,3,18,AUBURN GRESHAM,HOMICIDE,HOMICIDE,YES,20-29,M,BLK,1,0,1
HS154914,2010-02-07 04:27:00,2010,2,1,4,AUBURN GRESHAM,BATTERY,HOMICIDE,YES,20-29,M,BLK,0,1,1
HS154914,2010-02-07 04:27:00,2010,2,1,4,AUBURN GRESHAM,HOMICIDE,HOMICIDE,YES,20-29,M,BLK,1,0,1
HS154914,2010-02-07 04:27:00,2010,2,1,4,AUBURN GRESHAM,BATTERY,HOMICIDE,YES,20-29,M,BLK,0,1,1
HS195381,2010-03-07 02:10:00,2010,3,1,2,AUBURN GRESHAM,BATTERY,BATTERY,YES,20-29,M,BLK,0,1,1
HS200015,2010-03-10 02:25:00,2010,3,4,2,AUBURN GRESHAM,BATTERY,BATTERY,YES,30-39,M,BLK,0,1,1
HS201236,2010-03-10 19:00:00,2010,3,4,19,AUBURN GRESHAM,BATTERY,BATTERY,YES,0-19,M,BLK,0,1,1
HS201236,2010-03-10 19:00:00,2010,3,4,19,AUBURN GRESHAM,BATTERY,BATTERY,YES,0-19,F,BLK,0,1,1
HS201236,2010-03-10 19:00:00,2010,3,4,19,AUBURN GRESHAM,BATTERY,BATTERY,YES,0-19,M,BLK,0,1,1
HS203087,2010-03-11 19:58:00,2010,3,5,19,AUBURN GRESHAM,BATTERY,BATTERY,YES,20-29,M,BLK,0,1,1
HS212905,2010-03-17 21:10:00,2010,3,4,21,AUBURN GRESHAM,BATTERY,BATTERY,YES,20-29,M,BLK,0,1,1
HS214440,2010-03-18 19:15:00,2010,3,5,19,AUBURN GRESHAM,HOMICIDE,HOMICIDE,YES,30-39,M,BLK,1,0,1
HS214440,2010-03-18 19:15:00,2010,3,5,19,AUBURN GRESHAM,BATTERY,HOMICIDE,YES,20-29,M,BLK,0,1,1
HS215333,2010-03-19 11:00:00,2010,3,6,11,AUBURN GRESHAM,ROBBERY,ROBBERY,YES,50-59,M,BLK,0,1,1
HS215602,2010-03-19 13:10:00,2010,3,6,13,AUBURN GRESHAM,BATTERY,BATTERY,YES,20-29,M,BLK,0,1,1
HS215602,2010-03-19 13:10:00,2010,3,6,13,AUBURN GRESHAM,BATTERY,BATTERY,YES,0-19,M,BLK,0,1,1
HS227487,2010-03-26 20:02:00,2010,3,6,20,AUBURN GRESHAM,BATTERY,BATTERY,YES,0-19,M,BLK,0,1,1
HS231097,2010-03-29 10:00:00,2010,3,2,10,AUBURN GRESHAM,BATTERY,BATTERY,YES,20-29,M,BLK,0,1,1
HS233208,2010-03-30 15:04:00,2010,3,3,15,AUBURN GRESHAM,BATTERY,BATTERY,YES,30-39,M,BLK,0,1,1
HS235556,2010-03-31 22:44:00,2010,3,4,22,AUBURN GRESHAM,ROBBERY,ROBBERY,YES,20-29,M,BLK,0,1,1
HS239087,2010-04-03 01:43:00,2010,4,7,1,AUBURN GRESHAM,BATTERY,BATTERY,YES,20-29,M,BLK,0,1,1
HS239087,2010-04-03 01:43:00,2010,4,7,1,AUBURN GRESHAM,BATTERY,BATTERY,YES,30-39,M,BLK,0,1,1
HS248271,2010-04-08 21:00:00,2010,4,5,21,AUBURN GRESHAM,BATTERY,BATTERY,YES,20-29,M,BLK,0,1,1
HS248324,2010-04-08 21:45:00,2010,4,5,21,AUBURN GRESHAM,BATTERY,BATTERY,YES,20-29,M,BLK,0,1,1
HS259931,2010-04-15 23:17:00,2010,4,5,23,AUBURN GRESHAM,HOMICIDE,HOMICIDE,YES,0-19,M,BLK,1,0,1
HS266004,2010-04-19 19:57:00,2010,4,2,19,AUBURN GRESHAM,HOMICIDE,HOMICIDE,YES,20-29,M,WHI,1,0,1
HS287875,2010-05-03 00:10:00,2010,5,2,0,AUBURN GRESHAM,BATTERY,BATTERY,YES,30-39,M,BLK,0,1,1
HS288544,2010-05-03 12:40:00,2010,5,2,12,AUBURN GRESHAM,BATTERY,BATTERY,YES,40-49,M,BLK,0,1,1
HS293141,2010-05-05 21:25:00,2010,5,4,21,AUBURN GRESHAM,BATTERY,BATTERY,YES,0-19,M,BLK,0,1,1
HS296861,2010-05-08 00:58:00,2010,5,7,0,AUBURN GRESHAM,BATTERY,BATTERY,YES,20-29,M,BLK,0,1,1
HS296896,2010-05-08 01:35:00,2010,5,7,1,AUBURN GRESHAM,ROBBERY,ROBBERY,YES,0-19,M,BLK,0,1,1
HS298084,2010-05-08 20:31:00,2010,5,7,20,AUBURN GRESHAM,BATTERY,BATTERY,YES,20-29,M,BLK,0,1,1
HS298084,2010-05-08 20:31:00,2010,5,7,20,AUBURN GRESHAM,BATTERY,BATTERY,YES,20-29,M,BLK,0,1,1
HS305837,2010-05-13 16:00:00,2010,5,5,16,AUBURN GRESHAM,BATTERY,BATTERY,YES,0-19,M,BLK,0,1,1
HS305837,2010-05-13 16:00:00,2010,5,5,16,AUBURN GRESHAM,BATTERY,BATTERY,YES,20-29,M,BLK,0,1,1
HS309937,2010-05-16 00:15:00,2010,5,1,0,AUBURN GRESHAM,BATTERY,BATTERY,YES,20-29,M,BLK,0,1,1
HS311095,2010-05-16 20:55:00,2010,5,1,20,AUBURN GRESHAM,BATTERY,BATTERY,YES,20-29,M,BLK,0,1,1
HS316363,2010-05-19 21:25:00,2010,5,4,21,AUBURN GRESHAM,HOMICIDE,HOMICIDE,YES,30-39,M,BLK,1,0,1
HS316431,2010-05-19 23:07:00,2010,5,4,23,AUBURN GRESHAM,BATTERY,BATTERY,YES,0-19,UNKNOWN,UNKNOWN,0,1,1
HS318708,2010-05-21 11:55:00,2010,5,6,11,AUBURN GRESHAM,BATTERY,BATTERY,YES,20-29,M,BLK,0,1,1
HS322977,2010-05-23 23:19:00,2010,5,1,23,AUBURN GRESHAM,BATTERY,BATTERY,YES,20-29,M,BLK,0,1,1
HS322977,2010-05-23 23:19:00,2010,5,1,23,AUBURN GRESHAM,BATTERY,BATTERY,YES,20-29,M,BLK,0,1,1
HS322977,2010-05-23 23:19:00,2010,5,1,23,AUBURN GRESHAM,BATTERY,BATTERY,YES,20-29,M,BLK,0,1,1
HS323046,2010-05-24 00:05:00,2010,5,2,0,AUBURN GRESHAM,BATTERY,BATTERY,YES,20-29,M,BLK,0,1,1
HS331905,2010-05-28 22:21:00,2010,5,6,22,AUBURN GRESHAM,BATTERY,BATTERY,YES,20-29,M,BLK,0,1,1
HS341698,2010-06-04 00:29:00,2010,6,6,0,AUBURN GRESHAM,HOMICIDE,HOMICIDE,YES,0-19,M,BLK,1,0,1
HS344649,2010-06-05 18:32:00,2010,6,7,18,AUBURN GRESHAM,BATTERY,BATTERY,YES,0-19,M,BLK,0,1,1
HS344649,2010-06-05 18:32:00,2010,6,7,18,AUBURN GRESHAM,BATTERY,BATTERY,YES,0-19,F,BLK,0,1,1
HS350979,2010-06-09 16:20:00,2010,6,4,16,AUBURN GRESHAM,BATTERY,BATTERY,YES,20-29,M,BLK,0,1,1
HS357143,2010-06-13 02:15:00,2010,6,1,2,AUBURN GRESHAM,HOMICIDE,HOMICIDE,YES,0-19,M,BLK,1,0,1
HS367154,2010-06-18 21:18:00,2010,6,6,21,AUBURN GRESHAM,HOMICIDE,HOMICIDE,YES,0-19,M,BLK,1,0,1
HS367264,2010-06-18 22:30:00,2010,6,6,22,AUBURN GRESHAM,BATTERY,BATTERY,YES,20-29,M,BLK,0,1,1
HS370586,2010-06-21 03:00:00,2010,6,2,3,AUBURN GRESHAM,HOMICIDE,HOMICIDE,YES,20-29,M,BLK,1,0,1
HS372157,2010-06-21 22:25:00,2010,6,2,22,AUBURN GRESHAM,BATTERY,BATTERY,YES,20-29,M,BLK,0,1,1
HS374130,2010-06-23 01:35:00,2010,6,4,1,AUBURN GRESHAM,BATTERY,BATTERY,YES,30-39,M,BLK,0,1,1
HS376609,2010-06-24 13:30:00,2010,6,5,13,AUBURN GRESHAM,BATTERY,BATTERY,YES,20-29,M,BLK,0,1,1
HS383322,2010-06-28 13:32:00,2010,6,2,13,AUBURN GRESHAM,BATTERY,BATTERY,YES,UNKNOWN,UNKNOWN,UNKNOWN,0,1,1
HS385696,2010-06-29 19:41:00,2010,6,3,19,AUBURN GRESHAM,BATTERY,BATTERY,YES,0-19,M,BLK,0,1,1
HS389805,2010-07-02 01:41:00,2010,7,6,1,AUBURN GRESHAM,BATTERY,BATTERY,YES,30-39,F,BLK,0,1,1
HS389805,2010-07-02 01:41:00,2010,7,6,1,AUBURN GRESHAM,BATTERY,BATTERY,YES,30-39,M,BLK,0,1,1
HS394431,2010-07-05 02:35:00,2010,7,2,2,AUBURN GRESHAM,BATTERY,BATTERY,YES,20-29,M,BLK,0,1,1
HS394431,2010-07-05 02:35:00,2010,7,2,2,AUBURN GRESHAM,BATTERY,BATTERY,YES,0-19,M,BLK,0,1,1
HS394431,2010-07-05 02:35:00,2010,7,2,2,AUBURN GRESHAM,BATTERY,BATTERY,YES,30-39,M,BLK,0,1,1
HS404678,2010-07-11 00:53:00,2010,7,1,0,AUBURN GRESHAM,HOMICIDE,HOMICIDE,YES,30-39,M,BLK,1,0,1
HS414721,2010-07-17 00:17:00,2010,7,7,0,AUBURN GRESHAM,BATTERY,BATTERY,YES,20-29,M,BLK,0,1,1
HS414721,2010-07-17 00:17:00,2010,7,7,0,AUBURN GRESHAM,BATTERY,BATTERY,YES,20-29,M,BLK,0,1,1
HS416481,2010-07-18 02:35:00,2010,7,1,2,AUBURN GRESHAM,BATTERY,BATTERY,YES,30-39,M,BLK,0,1,1
HS420482,2010-07-20 15:16:00,2010,7,3,15,AUBURN GRESHAM,BATTERY,BATTERY,YES,20-29,M,BLK,0,1,1
HS423054,2010-07-21 23:40:00,2010,7,4,23,AUBURN GRESHAM,HOMICIDE,HOMICIDE,YES,20-29,M,BLK,1,0,1
HS423054,2010-07-21 23:40:00,2010,7,4,23,AUBURN GRESHAM,BATTERY,HOMICIDE,YES,0-19,M,BLK,0,1,1
HS423204,2010-07-22 00:30:00,2010,7,5,0,AUBURN GRESHAM,BATTERY,BATTERY,YES,0-19,M,BLK,0,1,1
HS424652,2010-07-22 21:10:00,2010,7,5,21,AUBURN GRESHAM,HOMICIDE,HOMICIDE,YES,20-29,M,BLK,1,0,1
HS426657,2010-07-24 01:54:00,2010,7,7,1,AUBURN GRESHAM,HOMICIDE,HOMICIDE,YES,20-29,M,BLK,1,0,1
HS428228,2010-07-25 01:45:00,2010,7,1,1,AUBURN GRESHAM,BATTERY,BATTERY,YES,0-19,M,BLK,0,1,1
HS428886,2010-07-25 14:20:00,2010,7,1,14,AUBURN GRESHAM,ROBBERY,ROBBERY,YES,20-29,M,BLK,0,1,1
HS431253,2010-07-26 21:00:00,2010,7,2,21,AUBURN GRESHAM,BATTERY,BATTERY,YES,20-29,M,BLK,0,1,1
HS437062,2010-07-30 11:37:00,2010,7,6,11,AUBURN GRESHAM,BATTERY,BATTERY,YES,30-39,M,BLK,0,1,1
HS446356,2010-08-05 00:40:00,2010,8,5,0,AUBURN GRESHAM,BATTERY,BATTERY,YES,30-39,M,BLK,0,1,1
HS446356,2010-08-05 00:40:00,2010,8,5,0,AUBURN GRESHAM,BATTERY,BATTERY,YES,20-29,M,BLK,0,1,1
HS447548,2010-08-05 18:39:00,2010,8,5,18,AUBURN GRESHAM,HOMICIDE,HOMICIDE,YES,20-29,M,BLK,1,0,1
HS450021,2010-08-07 03:44:00,2010,8,7,3,AUBURN GRESHAM,BATTERY,BATTERY,YES,30-39,M,BLK,0,1,1
HS473267,2010-08-20 23:55:00,2010,8,6,23,AUBURN GRESHAM,ROBBERY,ROBBERY,YES,20-29,M,BLK,0,1,1
HS492811,2010-09-01 00:10:00,2010,9,4,0,AUBURN GRESHAM,BATTERY,BATTERY,YES,30-39,M,BLK,0,1,1
HS492811,2010-09-01 00:10:00,2010,9,4,0,AUBURN GRESHAM,BATTERY,BATTERY,YES,40-49,M,BLK,0,1,1
HS492811,2010-09-01 00:10:00,2010,9,4,0,AUBURN GRESHAM,BATTERY,BATTERY,YES,40-49,M,WHI,0,1,1
HS497083,2010-09-03 12:10:00,2010,9,6,12,AUBURN GRESHAM,BATTERY,BATTERY,YES,UNKNOWN,UNKNOWN,UNKNOWN,0,1,1
HS505346,2010-09-08 16:25:00,2010,9,4,16,AUBURN GRESHAM,HOMICIDE,HOMICIDE,YES,40-49,M,WWH,1,0,1
HS506148,2010-09-08 23:52:00,2010,9,4,23,AUBURN GRESHAM,HOMICIDE,HOMICIDE,YES,0-19,M,BLK,1,0,1
HS511561,2010-09-12 13:10:00,2010,9,1,13,AUBURN GRESHAM,ROBBERY,ROBBERY,YES,30-39,F,WWH,0,1,1
HS521178,2010-09-18 07:10:00,2010,9,7,7,AUBURN GRESHAM,HOMICIDE,HOMICIDE,YES,30-39,M,BLK,1,0,1
HS529822,2010-09-23 12:57:00,2010,9,5,12,AUBURN GRESHAM,BATTERY,BATTERY,YES,UNKNOWN,UNKNOWN,UNKNOWN,0,1,1
HS530901,2010-09-24 00:57:00,2010,9,6,0,AUBURN GRESHAM,BATTERY,BATTERY,YES,20-29,M,BLK,0,1,1
HS543733,2010-10-01 21:30:00,2010,10,6,21,AUBURN GRESHAM,BATTERY,BATTERY,YES,30-39,F,BLK,0,1,1
HS552332,2010-10-07 12:39:00,2010,10,5,12,AUBURN GRESHAM,HOMICIDE,HOMICIDE,YES,20-29,M,BLK,1,0,1
HS564921,2010-10-14 21:48:00,2010,10,5,21,AUBURN GRESHAM,ROBBERY,ROBBERY,YES,20-29,M,BLK,0,1,1
HS565463,2010-10-14 23:00:00,2010,10,5,23,AUBURN GRESHAM,BATTERY,BATTERY,YES,UNKNOWN,UNKNOWN,UNKNOWN,0,1,1
HS566603,2010-10-15 22:15:00,2010,10,6,22,AUBURN GRESHAM,BATTERY,BATTERY,YES,20-29,M,BLK,0,1,1
HS570841,2010-10-18 18:45:00,2010,10,2,18,AUBURN GRESHAM,HOMICIDE,HOMICIDE,YES,0-19,M,BLK,1,0,1
HS571128,2010-10-18 21:20:00,2010,10,2,21,AUBURN GRESHAM,HOMICIDE,HOMICIDE,YES,20-29,M,BLK,1,0,1
HS574248,2010-10-20 19:40:00,2010,10,4,19,AUBURN GRESHAM,HOMICIDE,HOMICIDE,YES,30-39,M,BLK,1,0,1
HS576338,2010-10-22 00:51:00,2010,10,6,0,AUBURN GRESHAM,BATTERY,BATTERY,YES,30-39,M,BLK,0,1,1
HS578064,2010-10-23 01:50:00,2010,10,7,1,AUBURN GRESHAM,BATTERY,BATTERY,YES,40-49,M,BLK,0,1,1
HS588119,2010-10-29 01:50:00,2010,10,6,1,AUBURN GRESHAM,BATTERY,BATTERY,YES,30-39,M,BLK,0,1,1
HS592380,2010-10-31 19:25:00,2010,10,1,19,AUBURN GRESHAM,BATTERY,BATTERY,YES,0-19,M,BLK,0,1,1
HS617431,2010-11-15 20:15:00,2010,11,2,20,AUBURN GRESHAM,BATTERY,BATTERY,YES,0-19,M,BLK,0,1,1
HS617431,2010-11-15 20:15:00,2010,11,2,20,AUBURN GRESHAM,BATTERY,BATTERY,YES,0-19,M,BLK,0,1,1
HS636429,2010-11-28 14:40:00,2010,11,1,14,AUBURN GRESHAM,BATTERY,BATTERY,YES,0-19,M,BLK,0,1,1
HS636429,2010-11-28 14:40:00,2010,11,1,14,AUBURN GRESHAM,BATTERY,BATTERY,YES,0-19,M,BLK,0,1,1
HS636764,2010-11-28 19:20:00,2010,11,1,19,AUBURN GRESHAM,BATTERY,BATTERY,YES,0-19,F,BLK,0,1,1
HS641863,2010-12-02 00:25:00,2010,12,5,0,AUBURN GRESHAM,BATTERY,BATTERY,YES,0-19,M,BLK,0,1,1
HS656682,2010-12-11 21:10:00,2010,12,7,21,AUBURN GRESHAM,HOMICIDE,HOMICIDE,YES,30-39,M,BLK,1,0,1
HS667446,2010-12-19 03:45:00,2010,12,1,3,AUBURN GRESHAM,BATTERY,BATTERY,YES,UNKNOWN,UNKNOWN,UNKNOWN,0,1,1
HS672919,2010-12-22 23:07:00,2010,12,4,23,AUBURN GRESHAM,BATTERY,BATTERY,YES,20-29,M,BLK,0,1,1
HS681875,2010-12-30 00:40:00,2010,12,5,0,AUBURN GRESHAM,BATTERY,BATTERY,YES,UNKNOWN,UNKNOWN,UNKNOWN,0,1,1
HS681893,2010-12-30 01:53:00,2010,12,5,1,AUBURN GRESHAM,BATTERY,BATTERY,YES,20-29,M,BLK,0,1,1
HS684414,2010-12-31 21:00:00,2010,12,6,21,AUBURN GRESHAM,BATTERY,BATTERY,YES,30-39,M,BLK,0,1,1
HS105401,2010-01-05 01:32:00,2010,1,3,1,AUSTIN,ROBBERY,ROBBERY,YES,20-29,M,BLK,0,1,1
HS106614,2010-01-05 18:45:00,2010,1,3,18,AUSTIN,BATTERY,BATTERY,YES,20-29,M,BLK,0,1,1
HS107693,2010-01-06 14:14:51,2010,1,4,14,AUSTIN,BATTERY,BATTERY,YES,UNKNOWN,UNKNOWN,UNKNOWN,0,1,1
HS111666,2010-01-08 22:55:00,2010,1,6,22,AUSTIN,BATTERY,BATTERY,YES,40-49,M,BLK,0,1,1
HS112636,2010-01-09 17:20:00,2010,1,7,17,AUSTIN,BATTERY,BATTERY,YES,30-39,M,BLK,0,1,1
HS133755,2010-01-23 13:20:00,2010,1,7,13,AUSTIN,BATTERY,BATTERY,YES,30-39,M,BLK,0,1,1
HS134500,2010-01-23 23:23:00,2010,1,7,23,AUSTIN,HOMICIDE,HOMICIDE,YES,0-19,M,BLK,1,0,1
HS134500,2010-01-23 23:23:00,2010,1,7,23,AUSTIN,BATTERY,HOMICIDE,YES,0-19,M,BLK,0,1,1
HS134500,2010-01-23 23:23:00,2010,1,7,23,AUSTIN,BATTERY,HOMICIDE,YES,0-19,M,BLK,0,1,1
HS135673,2010-01-24 20:39:00,2010,1,1,20,AUSTIN,BATTERY,BATTERY,YES,UNKNOWN,UNKNOWN,UNKNOWN,0,1,1
HS146364,2010-02-01 10:55:00,2010,2,2,10,AUSTIN,BATTERY,BATTERY,YES,20-29,M,BLK,0,1,1
HS147186,2010-02-01 19:40:00,2010,2,2,19,AUSTIN,ROBBERY,ROBBERY,YES,20-29,M,WWH,0,1,1
HS147235,2010-02-01 20:35:00,2010,2,2,20,AUSTIN,BATTERY,BATTERY,YES,30-39,M,BLK,0,1,1
HS148147,2010-02-02 15:00:00,2010,2,3,15,AUSTIN,BATTERY,BATTERY,YES,20-29,M,WHI,0,1,1
HS154608,2010-02-06 21:45:00,2010,2,7,21,AUSTIN,HOMICIDE,HOMICIDE,NO,50-59,M,BLK,1,0,1
HS172930,2010-02-20 03:30:00,2010,2,7,3,AUSTIN,BATTERY,BATTERY,YES,50-59,M,WWH,0,1,1
HS172930,2010-02-20 03:30:00,2010,2,7,3,AUSTIN,BATTERY,BATTERY,YES,30-39,F,WWH,0,1,1
HS173762,2010-02-20 17:48:00,2010,2,7,17,AUSTIN,BATTERY,BATTERY,YES,0-19,M,BLK,0,1,1
HS197185,2010-03-08 12:42:00,2010,3,2,12,AUSTIN,BATTERY,BATTERY,YES,30-39,M,BLK,0,1,1
HS201780,2010-03-11 02:28:00,2010,3,5,2,AUSTIN,BATTERY,BATTERY,YES,20-29,M,BLK,0,1,1
HS206127,2010-03-13 16:38:00,2010,3,7,16,AUSTIN,BATTERY,BATTERY,YES,0-19,M,BLK,0,1,1
HS208032,2010-03-15 00:07:00,2010,3,2,0,AUSTIN,BATTERY,BATTERY,YES,20-29,M,BLK,0,1,1
HS214547,2010-03-18 20:41:00,2010,3,5,20,AUSTIN,HOMICIDE,HOMICIDE,YES,20-29,M,BLK,1,0,1
HS214547,2010-03-18 20:41:00,2010,3,5,20,AUSTIN,BATTERY,HOMICIDE,YES,20-29,M,BLK,0,1,1
HS214731,2010-03-18 22:51:00,2010,3,5,22,AUSTIN,BATTERY,BATTERY,YES,0-19,F,BLK,0,1,1
HS214731,2010-03-18 22:51:00,2010,3,5,22,AUSTIN,BATTERY,BATTERY,YES,0-19,M,BLK,0,1,1
HS214731,2010-03-18 22:51:00,2010,3,5,22,AUSTIN,BATTERY,BATTERY,YES,20-29,M,BLK,0,1,1
HS214731,2010-03-18 22:51:00,2010,3,5,22,AUSTIN,BATTERY,BATTERY,YES,20-29,F,BLK,0,1,1
HS225976,2010-03-25 21:52:00,2010,3,5,21,AUSTIN,HOMICIDE,HOMICIDE,YES,20-29,M,BLK,1,0,1
HS227679,2010-03-26 23:18:00,2010,3,6,23,AUSTIN,HOMICIDE,HOMICIDE,YES,0-19,M,BLK,1,0,1
HS227836,2010-03-27 02:15:00,2010,3,7,2,AUSTIN,BATTERY,BATTERY,YES,0-19,F,BLK,0,1,1
HS227883,2010-03-27 02:30:00,2010,3,7,2,AUSTIN,BATTERY,BATTERY,YES,0-19,M,BLK,0,1,1
HS228982,2010-03-27 19:00:00,2010,3,7,19,AUSTIN,BATTERY,BATTERY,YES,20-29,M,BLK,0,1,1
HS231470,2010-03-29 14:15:00,2010,3,2,14,AUSTIN,BATTERY,BATTERY,YES,20-29,M,BLK,0,1,1
HS232272,2010-03-29 22:39:00,2010,3,2,22,AUSTIN,BATTERY,BATTERY,YES,0-19,M,BLK,0,1,1
HS235419,2010-03-31 21:24:00,2010,3,4,21,AUSTIN,HOMICIDE,HOMICIDE,YES,20-29,M,BLK,1,0,1
HS235672,2010-04-01 00:43:00,2010,4,5,0,AUSTIN,HOMICIDE,HOMICIDE,YES,0-19,M,BLK,1,0,1
HS235762,2010-04-01 02:55:00,2010,4,5,2,AUSTIN,BATTERY,BATTERY,YES,20-29,M,BLK,0,1,1
HS239066,2010-04-03 00:01:00,2010,4,7,0,AUSTIN,ROBBERY,ROBBERY,YES,20-29,M,BLK,0,1,1
HS241005,2010-04-04 11:50:00,2010,4,1,11,AUSTIN,BATTERY,BATTERY,YES,20-29,M,BLK,0,1,1
HS243462,2010-04-05 23:30:00,2010,4,2,23,AUSTIN,HOMICIDE,HOMICIDE,YES,50-59,M,BLK,1,0,1
HS243671,2010-04-06 07:55:00,2010,4,3,7,AUSTIN,BATTERY,BATTERY,YES,0-19,M,BLK,0,1,1
HS249982,2010-04-09 22:27:00,2010,4,6,22,AUSTIN,BATTERY,BATTERY,YES,20-29,M,BLK,0,1,1
HS251435,2010-04-10 20:08:00,2010,4,7,20,AUSTIN,BATTERY,BATTERY,YES,0-19,M,BLK,0,1,1
HS251435,2010-04-10 20:08:00,2010,4,7,20,AUSTIN,BATTERY,BATTERY,YES,0-19,M,BLK,0,1,1
HS251620,2010-04-10 22:20:00,2010,4,7,22,AUSTIN,BATTERY,BATTERY,YES,20-29,M,BLK,0,1,1
HS252994,2010-04-11 22:10:00,2010,4,1,22,AUSTIN,BATTERY,BATTERY,YES,0-19,M,BLK,0,1,1
HS253096,2010-04-11 23:56:00,2010,4,1,23,AUSTIN,BATTERY,BATTERY,YES,0-19,M,BLK,0,1,1
HS260050,2010-04-16 01:48:00,2010,4,6,1,AUSTIN,HOMICIDE,HOMICIDE,YES,30-39,M,WHI,1,0,1
HS261835,2010-04-17 01:15:00,2010,4,7,1,AUSTIN,BATTERY,BATTERY,YES,0-19,M,WHI,0,1,1
HS261835,2010-04-17 01:15:00,2010,4,7,1,AUSTIN,BATTERY,BATTERY,YES,20-29,M,BLK,0,1,1
HS264546,2010-04-18 22:40:00,2010,4,1,22,AUSTIN,ROBBERY,ROBBERY,YES,20-29,M,BLK,0,1,1
HS272161,2010-04-23 15:41:00,2010,4,6,15,AUSTIN,BATTERY,BATTERY,YES,30-39,UNKNOWN,BLK,0,1,1
HS274102,2010-04-24 17:15:00,2010,4,7,17,AUSTIN,BATTERY,BATTERY,YES,0-19,M,BLK,0,1,1
HS274548,2010-04-24 23:35:00,2010,4,7,23,AUSTIN,BATTERY,BATTERY,YES,30-39,M,BLK,0,1,1
HS277455,2010-04-26 19:00:00,2010,4,2,19,AUSTIN,ROBBERY,ROBBERY,YES,20-29,M,BLK,0,1,1
HS277869,2010-04-27 00:21:00,2010,4,3,0,AUSTIN,HOMICIDE,HOMICIDE,YES,30-39,M,BLK,1,0,1
HS284908,2010-05-01 00:38:00,2010,5,7,0,AUSTIN,BATTERY,BATTERY,YES,30-39,M,BLK,0,1,1
HS286079,2010-05-01 19:04:00,2010,5,7,19,AUSTIN,BATTERY,BATTERY,YES,20-29,M,BLK,0,1,1
HS291244,2010-05-04 21:36:00,2010,5,3,21,AUSTIN,BATTERY,BATTERY,YES,40-49,M,BLK,0,1,1
HS298916,2010-05-09 11:52:00,2010,5,1,11,AUSTIN,BATTERY,BATTERY,YES,0-19,M,BLK,0,1,1
HS301124,2010-05-10 18:10:00,2010,5,2,18,AUSTIN,BATTERY,BATTERY,YES,30-39,M,BLK,0,1,1
HS301244,2010-05-10 21:15:00,2010,5,2,21,AUSTIN,BATTERY,BATTERY,YES,50-59,F,BLK,0,1,1
HS301244,2010-05-10 21:15:00,2010,5,2,21,AUSTIN,BATTERY,BATTERY,YES,20-29,F,BLK,0,1,1
HS301279,2010-05-10 21:32:00,2010,5,2,21,AUSTIN,BATTERY,BATTERY,YES,20-29,M,BLK,0,1,1
HS301279,2010-05-10 21:32:00,2010,5,2,21,AUSTIN,BATTERY,BATTERY,YES,20-29,M,BLK,0,1,1
HS303131,2010-05-11 22:36:00,2010,5,3,22,AUSTIN,BATTERY,BATTERY,YES,30-39,M,BLK,0,1,1
HS311210,2010-05-16 21:00:00,2010,5,1,21,AUSTIN,ROBBERY,ROBBERY,YES,0-19,M,BLK,0,1,1
HS314889,2010-05-19 03:42:00,2010,5,4,3,AUSTIN,BATTERY,BATTERY,YES,0-19,F,BLK,0,1,1
HS321753,2010-05-23 05:15:00,2010,5,1,5,AUSTIN,HOMICIDE,HOMICIDE,NO,20-29,F,BLK,1,0,1
HS322327,2010-05-23 15:18:00,2010,5,1,15,AUSTIN,BATTERY,BATTERY,YES,20-29,M,BLK,0,1,1
HS322843,2010-05-23 21:56:00,2010,5,1,21,AUSTIN,BATTERY,BATTERY,YES,0-19,M,BLK,0,1,1
HS326768,2010-05-26 03:41:00,2010,5,4,3,AUSTIN,BATTERY,BATTERY,YES,20-29,M,BLK,0,1,1
HS327378,2010-05-26 12:45:00,2010,5,4,12,AUSTIN,BATTERY,BATTERY,YES,30-39,M,BLK,0,1,1
HS328426,2010-05-26 23:39:00,2010,5,4,23,AUSTIN,BATTERY,BATTERY,YES,0-19,M,BLK,0,1,1
HS328485,2010-05-27 00:53:00,2010,5,5,0,AUSTIN,ROBBERY,ROBBERY,YES,30-39,M,BLK,0,1,1
HS332257,2010-05-29 04:31:00,2010,5,7,4,AUSTIN,BATTERY,BATTERY,YES,20-29,M,BLK,0,1,1
HS334985,2010-05-30 23:49:00,2010,5,1,23,AUSTIN,BATTERY,BATTERY,YES,20-29,M,BLK,0,1,1
HS334985,2010-05-30 23:49:00,2010,5,1,23,AUSTIN,BATTERY,BATTERY,YES,30-39,F,BLK,0,1,1
HS334985,2010-05-30 23:49:00,2010,5,1,23,AUSTIN,BATTERY,BATTERY,YES,30-39,F,BLK,0,1,1
HS340813,2010-06-03 15:11:00,2010,6,5,15,AUSTIN,BATTERY,BATTERY,YES,40-49,M,BLK,0,1,1
HS353083,2010-06-10 17:34:00,2010,6,5,17,AUSTIN,BATTERY,BATTERY,YES,30-39,F,BLK,0,1,1
HS353758,2010-06-11 02:15:00,2010,6,6,2,AUSTIN,ROBBERY,ROBBERY,YES,40-49,M,BLK,0,1,1
HS363487,2010-06-16 20:29:00,2010,6,4,20,AUSTIN,BATTERY,BATTERY,YES,50-59,M,WHI,0,1,1
HS363818,2010-06-17 00:58:00,2010,6,5,0,AUSTIN,BATTERY,BATTERY,YES,30-39,M,BLK,0,1,1
HS363911,2010-06-17 03:26:00,2010,6,5,3,AUSTIN,BATTERY,BATTERY,YES,0-19,M,BLK,0,1,1
HS370241,2010-06-20 21:47:00,2010,6,1,21,AUSTIN,BATTERY,BATTERY,YES,20-29,M,BLK,0,1,1
HS370276,2010-06-20 22:00:00,2010,6,1,22,AUSTIN,BATTERY,BATTERY,YES,30-39,M,BLK,0,1,1
HS370282,2010-06-20 22:05:00,2010,6,1,22,AUSTIN,BATTERY,BATTERY,YES,20-29,F,BLK,0,1,1
HS374167,2010-06-23 02:43:00,2010,6,4,2,AUSTIN,BATTERY,BATTERY,YES,0-19,M,BLK,0,1,1
HS379204,2010-06-26 00:13:00,2010,6,7,0,AUSTIN,BATTERY,BATTERY,YES,20-29,M,BLK,0,1,1
HS380987,2010-06-27 02:26:00,2010,6,1,2,AUSTIN,BATTERY,BATTERY,YES,0-19,M,BLK,0,1,1
HS381055,2010-06-27 03:58:00,2010,6,1,3,AUSTIN,BATTERY,BATTERY,YES,0-19,M,BLK,0,1,1
HS381055,2010-06-27 03:58:00,2010,6,1,3,AUSTIN,BATTERY,BATTERY,YES,0-19,M,BLK,0,1,1
HS389748,2010-07-02 00:30:00,2010,7,6,0,AUSTIN,BATTERY,BATTERY,YES,30-39,M,BLK,0,1,1
HS389748,2010-07-02 00:30:00,2010,7,6,0,AUSTIN,BATTERY,BATTERY,YES,20-29,M,BLK,0,1,1
HS392900,2010-07-03 23:50:00,2010,7,7,23,AUSTIN,BATTERY,BATTERY,YES,0-19,M,BLK,0,1,1
HS393273,2010-07-04 07:57:00,2010,7,1,7,AUSTIN,HOMICIDE,HOMICIDE,YES,20-29,M,BLK,1,0,1
HS394579,2010-07-05 06:05:00,2010,7,2,6,AUSTIN,BATTERY,BATTERY,YES,UNKNOWN,UNKNOWN,UNKNOWN,0,1,1
HS395927,2010-07-05 23:50:00,2010,7,2,23,AUSTIN,BATTERY,BATTERY,YES,20-29,M,BLK,0,1,1
HS395927,2010-07-05 23:50:00,2010,7,2,23,AUSTIN,BATTERY,BATTERY,YES,20-29,M,BLK,0,1,1
HS395927,2010-07-05 23:50:00,2010,7,2,23,AUSTIN,BATTERY,BATTERY,YES,20-29,M,BLK,0,1,1
HS397650,2010-07-06 22:40:00,2010,7,3,22,AUSTIN,BATTERY,BATTERY,YES,0-19,M,BLK,0,1,1
HS397650,2010-07-06 22:40:00,2010,7,3,22,AUSTIN,BATTERY,BATTERY,YES,0-19,M,BLK,0,1,1
HS399516,2010-07-08 00:45:00,2010,7,5,0,AUSTIN,BATTERY,BATTERY,YES,20-29,M,BLK,0,1,1
HS400734,2010-07-08 17:33:00,2010,7,5,17,AUSTIN,ROBBERY,ROBBERY,YES,50-59,M,BLK,0,1,1
HS401294,2010-07-08 23:56:00,2010,7,5,23,AUSTIN,BATTERY,BATTERY,YES,20-29,M,BLK,0,1,1
HS403857,2010-07-10 14:08:00,2010,7,7,14,AUSTIN,BATTERY,BATTERY,YES,0-19,M,BLK,0,1,1
HS404376,2010-07-10 20:11:00,2010,7,7,20,AUSTIN,HOMICIDE,HOMICIDE,NO,50-59,M,BLK,1,0,1
HS404698,2010-07-11 01:14:00,2010,7,1,1,AUSTIN,BATTERY,BATTERY,YES,20-29,M,BLK,0,1,1
HS407219,2010-07-12 17:05:00,2010,7,2,17,AUSTIN,ROBBERY,ROBBERY,YES,20-29,M,BLK,0,1,1
HS407788,2010-07-12 22:00:00,2010,7,2,22,AUSTIN,ROBBERY,ROBBERY,YES,30-39,M,WWH,0,1,1
HS407699,2010-07-12 22:40:00,2010,7,2,22,AUSTIN,BATTERY,BATTERY,YES,0-19,M,BLK,0,1,1
HS407699,2010-07-12 22:40:00,2010,7,2,22,AUSTIN,BATTERY,BATTERY,YES,0-19,M,BLK,0,1,1
HS407699,2010-07-12 22:40:00,2010,7,2,22,AUSTIN,BATTERY,BATTERY,YES,0-19,M,BLK,0,1,1
HS407699,2010-07-12 22:40:00,2010,7,2,22,AUSTIN,BATTERY,BATTERY,YES,0-19,M,BLK,0,1,1
HS408505,2010-07-13 13:18:00,2010,7,3,13,AUSTIN,BATTERY,BATTERY,YES,30-39,M,BLK,0,1,1
HS408505,2010-07-13 13:18:00,2010,7,3,13,AUSTIN,BATTERY,BATTERY,YES,0-19,M,BLK,0,1,1
HS414353,2010-07-16 20:01:00,2010,7,6,20,AUSTIN,BATTERY,BATTERY,YES,60-69,M,BLK,0,1,1
HS414353,2010-07-16 20:01:00,2010,7,6,20,AUSTIN,BATTERY,BATTERY,YES,20-29,M,BLK,0,1,1
HS414353,2010-07-16 20:01:00,2010,7,6,20,AUSTIN,BATTERY,BATTERY,YES,20-29,M,BLK,0,1,1
HS414752,2010-07-17 01:02:00,2010,7,7,1,AUSTIN,BATTERY,BATTERY,YES,0-19,F,BLK,0,1,1
HS416766,2010-07-18 15:25:00,2010,7,1,15,AUSTIN,HOMICIDE,HOMICIDE,YES,30-39,M,BLK,1,0,1
HS421313,2010-07-20 23:40:00,2010,7,3,23,AUSTIN,BATTERY,BATTERY,YES,30-39,F,BLK,0,1,1
HS424807,2010-07-22 23:16:00,2010,7,5,23,AUSTIN,BATTERY,BATTERY,YES,20-29,M,BLK,0,1,1
HS428237,2010-07-25 01:42:00,2010,7,1,1,AUSTIN,BATTERY,BATTERY,YES,0-19,F,BLK,0,1,1
HS428773,2010-07-25 12:45:00,2010,7,1,12,AUSTIN,ROBBERY,ROBBERY,YES,20-29,M,UNKNOWN,0,1,1
HS428790,2010-07-25 12:52:00,2010,7,1,12,AUSTIN,BATTERY,BATTERY,YES,20-29,UNKNOWN,UNKNOWN,0,1,1
HS437622,2010-07-30 16:50:00,2010,7,6,16,AUSTIN,HOMICIDE,HOMICIDE,YES,20-29,M,BLK,1,0,1
HS437782,2010-07-30 19:04:00,2010,7,6,19,AUSTIN,BATTERY,BATTERY,YES,30-39,M,BLK,0,1,1
HS438253,2010-07-31 01:28:00,2010,7,7,1,AUSTIN,BATTERY,BATTERY,YES,0-19,M,BLK,0,1,1
HS448226,2010-08-06 04:01:00,2010,8,6,4,AUSTIN,BATTERY,BATTERY,YES,20-29,M,BLK,0,1,1
HS449837,2010-08-07 00:15:00,2010,8,7,0,AUSTIN,BATTERY,BATTERY,YES,0-19,M,BLK,0,1,1
HS450830,2010-08-07 16:00:00,2010,8,7,16,AUSTIN,BATTERY,BATTERY,YES,0-19,M,BLK,0,1,1
HS450881,2010-08-07 17:00:00,2010,8,7,17,AUSTIN,BATTERY,BATTERY,YES,20-29,M,BLK,0,1,1
HS451115,2010-08-07 19:30:00,2010,8,7,19,AUSTIN,ROBBERY,ROBBERY,YES,20-29,M,BLK,0,1,1
HS451559,2010-08-08 02:45:00,2010,8,1,2,AUSTIN,BATTERY,BATTERY,YES,20-29,M,BLK,0,1,1
HS452155,2010-08-08 14:09:00,2010,8,1,14,AUSTIN,HOMICIDE,HOMICIDE,YES,0-19,M,BLK,1,0,1
HS452155,2010-08-08 14:09:00,2010,8,1,14,AUSTIN,BATTERY,HOMICIDE,YES,0-19,F,BLK,0,1,1
HS452208,2010-08-08 14:48:00,2010,8,1,14,AUSTIN,BATTERY,BATTERY,YES,20-29,M,BLK,0,1,1
HS452939,2010-08-09 00:22:00,2010,8,2,0,AUSTIN,BATTERY,HOMICIDE,YES,20-29,M,BLK,0,1,1
HS452939,2010-08-09 00:22:00,2010,8,2,0,AUSTIN,HOMICIDE,HOMICIDE,YES,30-39,M,BLK,1,0,1
HS463361,2010-08-15 04:30:00,2010,8,1,4,AUSTIN,BATTERY,BATTERY,YES,20-29,M,BLK,0,1,1
HS464418,2010-08-15 20:33:00,2010,8,1,20,AUSTIN,BATTERY,BATTERY,YES,0-19,M,BLK,0,1,1
HS465732,2010-08-16 16:45:00,2010,8,2,16,AUSTIN,BATTERY,HOMICIDE,YES,0-19,M,BLK,0,1,1
HS465732,2010-08-16 16:45:00,2010,8,2,16,AUSTIN,HOMICIDE,HOMICIDE,YES,30-39,M,BLK,1,0,1
HS466173,2010-08-16 20:46:00,2010,8,2,20,AUSTIN,HOMICIDE,HOMICIDE,YES,30-39,M,WWH,1,0,1
HS466173,2010-08-16 20:46:00,2010,8,2,20,AUSTIN,BATTERY,HOMICIDE,YES,0-19,M,WWH,0,1,1
HS466770,2010-08-17 05:00:00,2010,8,3,5,AUSTIN,ROBBERY,ROBBERY,YES,40-49,M,BLK,0,1,1
HS473481,2010-08-21 03:00:00,2010,8,7,3,AUSTIN,BATTERY,BATTERY,YES,0-19,M,BLK,0,1,1
HS473481,2010-08-21 03:00:00,2010,8,7,3,AUSTIN,BATTERY,BATTERY,YES,0-19,M,BLK,0,1,1
HS475035,2010-08-22 04:03:00,2010,8,1,4,AUSTIN,BATTERY,BATTERY,YES,40-49,M,BLK,0,1,1
HS475873,2010-08-22 16:55:00,2010,8,1,16,AUSTIN,HOMICIDE,HOMICIDE,YES,20-29,M,BLK,1,0,1
HS477439,2010-08-23 17:28:00,2010,8,2,17,AUSTIN,ROBBERY,ROBBERY,YES,20-29,M,BLK,0,1,1
HS485588,2010-08-27 22:00:00,2010,8,6,22,AUSTIN,ROBBERY,ROBBERY,YES,20-29,M,BLK,0,1,1
HS485949,2010-08-28 03:48:00,2010,8,7,3,AUSTIN,BATTERY,BATTERY,YES,20-29,M,BLK,0,1,1
HS490800,2010-08-30 21:50:00,2010,8,2,21,AUSTIN,BATTERY,BATTERY,YES,0-19,F,BLK,0,1,1
HS490800,2010-08-30 21:50:00,2010,8,2,21,AUSTIN,BATTERY,BATTERY,YES,0-19,F,BLK,0,1,1
HS493668,2010-09-01 14:11:00,2010,9,4,14,AUSTIN,ROBBERY,ROBBERY,YES,40-49,M,BLK,0,1,1
HS494478,2010-09-01 21:55:00,2010,9,4,21,AUSTIN,BATTERY,BATTERY,YES,20-29,M,BLK,0,1,1
HS501099,2010-09-06 02:45:00,2010,9,2,2,AUSTIN,BATTERY,BATTERY,YES,20-29,F,BLK,0,1,1
HS502375,2010-09-06 23:14:00,2010,9,2,23,AUSTIN,BATTERY,BATTERY,YES,30-39,M,BLK,0,1,1
HS502470,2010-09-07 01:18:00,2010,9,3,1,AUSTIN,BATTERY,BATTERY,YES,30-39,M,BLK,0,1,1
HS503666,2010-09-07 17:10:00,2010,9,3,17,AUSTIN,BATTERY,BATTERY,YES,0-19,M,BLK,0,1,1
HS507769,2010-09-10 00:36:00,2010,9,6,0,AUSTIN,ROBBERY,ROBBERY,YES,20-29,M,BLK,0,1,1
HS510862,2010-09-11 23:33:00,2010,9,7,23,AUSTIN,BATTERY,BATTERY,YES,0-19,M,BLK,0,1,1
HS514656,2010-09-14 11:54:00,2010,9,3,11,AUSTIN,BATTERY,BATTERY,YES,30-39,M,BLK,0,1,1
HS518211,2010-09-16 12:45:00,2010,9,5,12,AUSTIN,BATTERY,BATTERY,YES,UNKNOWN,UNKNOWN,UNKNOWN,0,1,1
HS520836,2010-09-17 23:45:00,2010,9,6,23,AUSTIN,BATTERY,BATTERY,YES,30-39,F,BLK,0,1,1
HS520913,2010-09-18 01:00:00,2010,9,7,1,AUSTIN,BATTERY,BATTERY,YES,20-29,M,BLK,0,1,1
HS520913,2010-09-18 01:00:00,2010,9,7,1,AUSTIN,BATTERY,BATTERY,YES,20-29,M,BLK,0,1,1
HS525466,2010-09-20 22:45:00,2010,9,2,22,AUSTIN,BATTERY,BATTERY,YES,20-29,F,BLK,0,1,1
HS525560,2010-09-21 00:21:29,2010,9,3,0,AUSTIN,BATTERY,BATTERY,YES,UNKNOWN,UNKNOWN,UNKNOWN,0,1,1
HS529133,2010-09-23 00:30:00,2010,9,5,0,AUSTIN,BATTERY,BATTERY,YES,20-29,M,BLK,0,1,1
HS530964,2010-09-24 02:25:00,2010,9,6,2,AUSTIN,ROBBERY,ROBBERY,YES,30-39,M,BLK,0,1,1
HS532796,2010-09-25 04:00:00,2010,9,7,4,AUSTIN,BATTERY,HOMICIDE,YES,0-19,F,BLK,0,1,1
HS532796,2010-09-25 04:00:00,2010,9,7,4,AUSTIN,HOMICIDE,HOMICIDE,YES,0-19,M,BLK,1,0,1
HS533404,2010-09-25 14:00:00,2010,9,7,14,AUSTIN,BATTERY,BATTERY,YES,0-19,M,BLK,0,1,1
HS534044,2010-09-25 22:10:00,2010,9,7,22,AUSTIN,BATTERY,BATTERY,YES,40-49,M,BLK,0,1,1
HS534305,2010-09-26 02:31:00,2010,9,1,2,AUSTIN,BATTERY,BATTERY,YES,20-29,M,BLK,0,1,1
HS535947,2010-09-27 08:30:00,2010,9,2,8,AUSTIN,BATTERY,BATTERY,YES,UNKNOWN,UNKNOWN,UNKNOWN,0,1,1
HS540484,2010-09-29 19:00:00,2010,9,4,19,AUSTIN,BATTERY,BATTERY,YES,0-19,M,BLK,0,1,1
HS543952,2010-10-02 00:40:00,2010,10,7,0,AUSTIN,HOMICIDE,HOMICIDE,YES,30-39,M,BLK,1,0,1
HS556873,2010-10-10 01:03:00,2010,10,1,1,AUSTIN,BATTERY,BATTERY,YES,0-19,F,BLK,0,1,1
HS564766,2010-10-14 20:25:00,2010,10,5,20,AUSTIN,HOMICIDE,HOMICIDE,YES,20-29,M,BLK,1,0,1
HS566561,2010-10-15 21:15:00,2010,10,6,21,AUSTIN,BATTERY,BATTERY,YES,20-29,M,BLK,0,1,1
HS566891,2010-10-16 01:40:00,2010,10,7,1,AUSTIN,BATTERY,BATTERY,YES,30-39,M,BLK,0,1,1
HS570987,2010-10-18 19:47:00,2010,10,2,19,AUSTIN,BATTERY,BATTERY,YES,20-29,M,BLK,0,1,1
HS573891,2010-10-20 16:10:00,2010,10,4,16,AUSTIN,BATTERY,BATTERY,YES,20-29,M,BLK,0,1,1
HS577412,2010-10-22 17:41:00,2010,10,6,17,AUSTIN,HOMICIDE,HOMICIDE,YES,20-29,M,WWH,1,0,1
HS580939,2010-10-24 23:12:00,2010,10,1,23,AUSTIN,ROBBERY,ROBBERY,YES,0-19,M,BLK,0,1,1
HS587941,2010-10-27 22:18:00,2010,10,4,22,AUSTIN,BATTERY,BATTERY,YES,30-39,M,BLK,0,1,1
HS595933,2010-11-02 19:48:00,2010,11,3,19,AUSTIN,BATTERY,BATTERY,YES,20-29,M,BLK,0,1,1
HS597968,2010-11-04 00:01:00,2010,11,5,0,AUSTIN,BATTERY,BATTERY,YES,30-39,M,WBH,0,1,1
HS599660,2010-11-04 21:30:00,2010,11,5,21,AUSTIN,BATTERY,BATTERY,YES,30-39,M,BLK,0,1,1
HS608023,2010-11-10 05:02:00,2010,11,4,5,AUSTIN,HOMICIDE,HOMICIDE,YES,50-59,M,BLK,1,0,1
HS610794,2010-11-11 17:40:00,2010,11,5,17,AUSTIN,BATTERY,BATTERY,YES,UNKNOWN,UNKNOWN,UNKNOWN,0,1,1
HS613573,2010-11-13 12:25:00,2010,11,7,12,AUSTIN,HOMICIDE,HOMICIDE,YES,0-19,M,BLK,1,0,1
HS629344,2010-11-23 12:30:00,2010,11,3,12,AUSTIN,ROBBERY,ROBBERY,YES,40-49,M,WWH,0,1,1
HS629914,2010-11-23 18:33:00,2010,11,3,18,AUSTIN,BATTERY,BATTERY,YES,20-29,M,BLK,0,1,1
HS631117,2010-11-24 14:40:00,2010,11,4,14,AUSTIN,BATTERY,BATTERY,YES,20-29,M,BLK,0,1,1
HS640029,2010-11-30 19:27:00,2010,11,3,19,AUSTIN,BATTERY,BATTERY,YES,30-39,M,BLK,0,1,1
HS641929,2010-12-02 02:40:00,2010,12,5,2,AUSTIN,ROBBERY,ROBBERY,YES,0-19,M,BLK,0,1,1
HS656480,2010-12-11 18:18:00,2010,12,7,18,AUSTIN,BATTERY,BATTERY,YES,50-59,M,BLK,0,1,1
HS657732,2010-12-12 18:20:00,2010,12,1,18,AUSTIN,ROBBERY,ROBBERY,YES,40-49,M,BLK,0,1,1
HS664160,2010-12-16 21:28:00,2010,12,5,21,AUSTIN,ROBBERY,ROBBERY,YES,20-29,M,BLK,0,1,1
HS667875,2010-12-19 13:40:00,2010,12,1,13,AUSTIN,BATTERY,BATTERY,YES,20-29,F,BLK,0,1,1
HS672313,2010-12-22 15:00:00,2010,12,4,15,AUSTIN,BATTERY,BATTERY,YES,20-29,M,BLK,0,1,1
HS672362,2010-12-22 15:30:00,2010,12,4,15,AUSTIN,BATTERY,BATTERY,YES,30-39,M,BLK,0,1,1
HS168067,2010-02-16 20:22:00,2010,2,3,20,AVALON PARK,BATTERY,BATTERY,YES,20-29,M,BLK,0,1,1
HS169125,2010-02-17 15:53:00,2010,2,4,15,AVALON PARK,BATTERY,BATTERY,YES,20-29,M,BLK,0,1,1
HS188975,2010-03-03 04:00:00,2010,3,4,4,AVALON PARK,HOMICIDE,HOMICIDE,NO,30-39,M,BLK,1,0,1
HS213586,2010-03-17 23:30:00,2010,3,4,23,AVALON PARK,HOMICIDE,HOMICIDE,YES,30-39,M,BLK,1,0,1
HS227068,2010-03-26 15:37:34,2010,3,6,15,AVALON PARK,BATTERY,BATTERY,YES,UNKNOWN,UNKNOWN,UNKNOWN,0,1,1
HS237281,2010-04-01 22:53:00,2010,4,5,22,AVALON PARK,BATTERY,BATTERY,YES,20-29,M,BLK,0,1,1
HS251737,2010-04-10 23:42:00,2010,4,7,23,AVALON PARK,BATTERY,BATTERY,YES,30-39,F,BLK,0,1,1
HS266648,2010-04-20 10:27:00,2010,4,3,10,AVALON PARK,HOMICIDE,HOMICIDE,YES,30-39,M,BLK,1,0,1
HS274617,2010-04-25 00:54:00,2010,4,1,0,AVALON PARK,HOMICIDE,HOMICIDE,YES,20-29,M,BLK,1,0,1
HS370226,2010-06-20 20:16:00,2010,6,1,20,AVALON PARK,BATTERY,BATTERY,YES,0-19,F,BLK,0,1,1
HS378222,2010-06-25 13:42:00,2010,6,6,13,AVALON PARK,BATTERY,BATTERY,YES,30-39,M,BLK,0,1,1
HS378222,2010-06-25 13:42:00,2010,6,6,13,AVALON PARK,BATTERY,BATTERY,YES,20-29,M,BLK,0,1,1
HS393065,2010-07-03 23:30:00,2010,7,7,23,AVALON PARK,BATTERY,BATTERY,YES,20-29,M,BLK,0,1,1
HS392973,2010-07-04 01:02:00,2010,7,1,1,AVALON PARK,HOMICIDE,HOMICIDE,YES,20-29,M,BLK,1,0,1
HS411797,2010-07-14 18:00:00,2010,7,4,18,AVALON PARK,ROBBERY,ROBBERY,YES,0-19,M,BLK,0,1,1
HS439908,2010-08-01 02:29:00,2010,8,1,2,AVALON PARK,BATTERY,HOMICIDE,YES,20-29,M,BLK,0,1,1
HS439908,2010-08-01 02:29:00,2010,8,1,2,AVALON PARK,HOMICIDE,HOMICIDE,YES,20-29,M,BLK,1,0,1
HS439908,2010-08-01 02:29:00,2010,8,1,2,AVALON PARK,HOMICIDE,HOMICIDE,YES,20-29,M,BLK,1,0,1
HS439908,2010-08-01 02:29:00,2010,8,1,2,AVALON PARK,BATTERY,HOMICIDE,YES,20-29,M,BLK,0,1,1
HS449869,2010-08-07 00:20:00,2010,8,7,0,AVALON PARK,BATTERY,BATTERY,YES,20-29,M,BLK,0,1,1
HS449869,2010-08-07 00:20:00,2010,8,7,0,AVALON PARK,BATTERY,BATTERY,YES,20-29,M,BLK,0,1,1
HS511995,2010-09-12 18:20:00,2010,9,1,18,AVALON PARK,BATTERY,BATTERY,YES,30-39,M,WWH,0,1,1
HS530973,2010-09-24 02:30:00,2010,9,6,2,AVALON PARK,BATTERY,BATTERY,YES,20-29,M,BLK,0,1,1
HS590325,2010-10-30 12:10:00,2010,10,7,12,AVALON PARK,ROBBERY,ROBBERY,YES,30-39,M,BLK,0,1,1
HS590960,2010-10-30 19:37:00,2010,10,7,19,AVALON PARK,BATTERY,BATTERY,YES,0-19,M,BLK,0,1,1
HS617734,2010-11-16 00:17:00,2010,11,3,0,AVALON PARK,BATTERY,BATTERY,YES,20-29,M,BLK,0,1,1
HS164665,2010-02-14 09:30:00,2010,2,1,9,AVONDALE,BATTERY,BATTERY,YES,20-29,M,WHI,0,1,1
HS220351,2010-03-22 15:00:00,2010,3,2,15,AVONDALE,BATTERY,BATTERY,YES,20-29,M,WWH,0,1,1
HS253400,2010-04-12 09:35:00,2010,4,2,9,AVONDALE,BATTERY,BATTERY,YES,20-29,M,WWH,0,1,1
HS311840,2010-05-17 11:20:00,2010,5,2,11,AVONDALE,BATTERY,BATTERY,YES,0-19,M,WWH,0,1,1
HS333342,2010-05-29 20:11:00,2010,5,7,20,AVONDALE,BATTERY,BATTERY,YES,40-49,M,WWH,0,1,1
HS345155,2010-06-06 02:30:00,2010,6,1,2,AVONDALE,BATTERY,BATTERY,YES,0-19,M,WWH,0,1,1
HS355544,2010-06-12 01:10:00,2010,6,7,1,AVONDALE,HOMICIDE,HOMICIDE,NO,20-29,F,WHI,1,0,1
HS363771,2010-06-16 23:47:00,2010,6,4,23,AVONDALE,BATTERY,BATTERY,YES,50-59,M,WHI,0,1,1
HS363771,2010-06-16 23:47:00,2010,6,4,23,AVONDALE,BATTERY,BATTERY,YES,20-29,M,WHI,0,1,1
HS404904,2010-07-11 05:00:00,2010,7,1,5,AVONDALE,BATTERY,BATTERY,YES,20-29,M,WWH,0,1,1
HS446328,2010-08-05 00:15:00,2010,8,5,0,AVONDALE,BATTERY,BATTERY,YES,30-39,M,WWH,0,1,1
HS448088,2010-08-06 00:43:00,2010,8,6,0,AVONDALE,BATTERY,BATTERY,YES,UNKNOWN,UNKNOWN,UNKNOWN,0,1,1
HS520712,2010-09-17 22:39:00,2010,9,6,22,AVONDALE,BATTERY,BATTERY,YES,0-19,M,WWH,0,1,1
HS568260,2010-10-16 11:37:00,2010,10,7,11,AVONDALE,BATTERY,BATTERY,YES,20-29,M,WWH,0,1,1
HS568611,2010-10-17 09:00:00,2010,10,1,9,AVONDALE,BATTERY,BATTERY,YES,30-39,M,WWH,0,1,1
HS578060,2010-10-23 01:44:00,2010,10,7,1,AVONDALE,BATTERY,BATTERY,YES,0-19,M,WWH,0,1,1
HS609714,2010-11-11 00:57:00,2010,11,5,0,AVONDALE,BATTERY,BATTERY,YES,20-29,M,WWH,0,1,1
HS640180,2010-11-30 21:20:00,2010,11,3,21,AVONDALE,BATTERY,BATTERY,YES,0-19,M,WWH,0,1,1
HS640180,2010-11-30 21:20:00,2010,11,3,21,AVONDALE,BATTERY,BATTERY,YES,0-19,M,WWH,0,1,1
HS108226,2010-01-06 19:17:00,2010,1,4,19,BELMONT CRAGIN,BATTERY,BATTERY,YES,UNKNOWN,UNKNOWN,UNKNOWN,0,1,1
HS121694,2010-01-15 15:00:00,2010,1,6,15,BELMONT CRAGIN,BATTERY,BATTERY,YES,0-19,M,WWH,0,1,1
HS124187,2010-01-17 04:00:00,2010,1,1,4,BELMONT CRAGIN,BATTERY,BATTERY,YES,20-29,M,WWH,0,1,1
HS162880,2010-02-12 22:24:00,2010,2,6,22,BELMONT CRAGIN,BATTERY,BATTERY,YES,0-19,M,WWH,0,1,1
HS163154,2010-02-13 02:45:00,2010,2,7,2,BELMONT CRAGIN,HOMICIDE,HOMICIDE,NO,20-29,M,WWH,1,0,1
HS163893,2010-02-13 16:54:00,2010,2,7,16,BELMONT CRAGIN,BATTERY,BATTERY,YES,0-19,M,WWH,0,1,1
HS170820,2010-02-18 17:20:00,2010,2,5,17,BELMONT CRAGIN,BATTERY,BATTERY,YES,0-19,M,WWH,0,1,1
HS188478,2010-03-02 18:30:00,2010,3,3,18,BELMONT CRAGIN,BATTERY,BATTERY,YES,0-19,M,WWH,0,1,1
HS222589,2010-03-23 21:25:00,2010,3,3,21,BELMONT CRAGIN,BATTERY,BATTERY,YES,20-29,M,WWH,0,1,1
HS226587,2010-03-26 05:00:00,2010,3,6,5,BELMONT CRAGIN,BATTERY,BATTERY,YES,40-49,M,BLK,0,1,1
HS227551,2010-03-26 21:30:00,2010,3,6,21,BELMONT CRAGIN,BATTERY,BATTERY,YES,20-29,M,WWH,0,1,1
HS237467,2010-04-01 23:30:00,2010,4,5,23,BELMONT CRAGIN,BATTERY,BATTERY,YES,0-19,M,WWH,0,1,1
HS251986,2010-04-11 05:55:00,2010,4,1,5,BELMONT CRAGIN,BATTERY,BATTERY,YES,20-29,M,WHI,0,1,1
HS272233,2010-04-23 16:23:00,2010,4,6,16,BELMONT CRAGIN,BATTERY,BATTERY,YES,0-19,M,WWH,0,1,1
HS286612,2010-05-02 03:21:00,2010,5,1,3,BELMONT CRAGIN,BATTERY,BATTERY,YES,20-29,M,WWH,0,1,1
HS288793,2010-05-03 15:05:00,2010,5,2,15,BELMONT CRAGIN,BATTERY,BATTERY,YES,20-29,M,WWH,0,1,1
HS303182,2010-05-11 23:30:00,2010,5,3,23,BELMONT CRAGIN,BATTERY,BATTERY,YES,20-29,M,WWH,0,1,1
HS305949,2010-05-13 17:00:00,2010,5,5,17,BELMONT CRAGIN,BATTERY,BATTERY,YES,0-19,M,WWH,0,1,1
HS314675,2010-05-18 21:50:00,2010,5,3,21,BELMONT CRAGIN,BATTERY,BATTERY,YES,20-29,M,WWH,0,1,1
HS348936,2010-06-08 13:00:00,2010,6,3,13,BELMONT CRAGIN,ROBBERY,ROBBERY,YES,UNKNOWN,UNKNOWN,UNKNOWN,0,1,1
HS349853,2010-06-08 21:30:00,2010,6,3,21,BELMONT CRAGIN,HOMICIDE,HOMICIDE,YES,20-29,M,WWH,1,0,1
HS364536,2010-06-17 14:01:00,2010,6,5,14,BELMONT CRAGIN,BATTERY,BATTERY,YES,20-29,M,WHI,0,1,1
HS366236,2010-06-18 12:05:00,2010,6,6,12,BELMONT CRAGIN,BATTERY,BATTERY,YES,20-29,M,BLK,0,1,1
HS366236,2010-06-18 12:05:00,2010,6,6,12,BELMONT CRAGIN,BATTERY,BATTERY,YES,0-19,M,BLK,0,1,1
HS404795,2010-07-11 03:08:00,2010,7,1,3,BELMONT CRAGIN,BATTERY,BATTERY,YES,20-29,M,WWH,0,1,1
HS413625,2010-07-16 12:57:00,2010,7,6,12,BELMONT CRAGIN,BATTERY,BATTERY,YES,0-19,M,WWH,0,1,1
HS448055,2010-08-06 00:05:00,2010,8,6,0,BELMONT CRAGIN,BATTERY,BATTERY,YES,20-29,F,WWH,0,1,1
HS448055,2010-08-06 00:05:00,2010,8,6,0,BELMONT CRAGIN,BATTERY,BATTERY,YES,0-19,M,WWH,0,1,1
HS448246,2010-08-06 04:55:00,2010,8,6,4,BELMONT CRAGIN,BATTERY,BATTERY,YES,20-29,M,WWH,0,1,1
HS448246,2010-08-06 04:55:00,2010,8,6,4,BELMONT CRAGIN,BATTERY,BATTERY,YES,20-29,M,WWH,0,1,1
HS448246,2010-08-06 04:55:00,2010,8,6,4,BELMONT CRAGIN,BATTERY,BATTERY,YES,20-29,M,WWH,0,1,1
HS453058,2010-08-09 03:35:00,2010,8,2,3,BELMONT CRAGIN,BATTERY,BATTERY,YES,20-29,M,BLK,0,1,1
HS457794,2010-08-11 20:30:00,2010,8,4,20,BELMONT CRAGIN,BATTERY,BATTERY,YES,40-49,M,WWH,0,1,1
HS459789,2010-08-13 00:38:00,2010,8,6,0,BELMONT CRAGIN,BATTERY,BATTERY,YES,20-29,M,WWH,0,1,1
HS459789,2010-08-13 00:38:00,2010,8,6,0,BELMONT CRAGIN,BATTERY,BATTERY,YES,20-29,M,API,0,1,1
HS474719,2010-08-21 21:50:00,2010,8,7,21,BELMONT CRAGIN,BATTERY,BATTERY,YES,0-19,M,WWH,0,1,1
HS488845,2010-08-29 20:45:00,2010,8,1,20,BELMONT CRAGIN,BATTERY,BATTERY,YES,UNKNOWN,UNKNOWN,UNKNOWN,0,1,1
HS492020,2010-08-31 14:50:00,2010,8,3,14,BELMONT CRAGIN,BATTERY,BATTERY,YES,0-19,M,WWH,0,1,1
HS499502,2010-09-04 23:35:00,2010,9,7,23,BELMONT CRAGIN,BATTERY,BATTERY,YES,20-29,M,WWH,0,1,1
HS499502,2010-09-04 23:35:00,2010,9,7,23,BELMONT CRAGIN,BATTERY,BATTERY,YES,0-19,M,WWH,0,1,1
HS502028,2010-09-06 18:50:00,2010,9,2,18,BELMONT CRAGIN,BATTERY,BATTERY,YES,40-49,M,WWH,0,1,1
HS502028,2010-09-06 18:50:00,2010,9,2,18,BELMONT CRAGIN,BATTERY,BATTERY,YES,20-29,M,WWH,0,1,1
HS505566,2010-09-08 18:15:00,2010,9,4,18,BELMONT CRAGIN,BATTERY,BATTERY,YES,0-19,M,WWH,0,1,1
HS505566,2010-09-08 18:15:00,2010,9,4,18,BELMONT CRAGIN,BATTERY,BATTERY,YES,0-19,M,WWH,0,1,1
HS521059,2010-09-18 03:52:00,2010,9,7,3,BELMONT CRAGIN,BATTERY,BATTERY,YES,20-29,M,WWH,0,1,1
HS523862,2010-09-20 01:23:00,2010,9,2,1,BELMONT CRAGIN,BATTERY,BATTERY,YES,20-29,M,BLK,0,1,1
HS523862,2010-09-20 01:23:00,2010,9,2,1,BELMONT CRAGIN,BATTERY,BATTERY,YES,20-29,M,WHI,0,1,1
HS540211,2010-09-29 18:05:00,2010,9,4,18,BELMONT CRAGIN,BATTERY,BATTERY,YES,20-29,M,WWH,0,1,1
HS540211,2010-09-29 18:05:00,2010,9,4,18,BELMONT CRAGIN,BATTERY,BATTERY,YES,50-59,F,WWH,0,1,1
HS542899,2010-10-01 12:20:00,2010,10,6,12,BELMONT CRAGIN,BATTERY,BATTERY,YES,30-39,M,WWH,0,1,1
HS555263,2010-10-09 01:50:40,2010,10,7,1,BELMONT CRAGIN,BATTERY,BATTERY,YES,UNKNOWN,UNKNOWN,UNKNOWN,0,1,1
HS563179,2010-10-14 20:40:00,2010,10,5,20,BELMONT CRAGIN,HOMICIDE,HOMICIDE,NO,80+,M,WHI,1,0,1
HS565927,2010-10-15 14:15:00,2010,10,6,14,BELMONT CRAGIN,BATTERY,BATTERY,YES,0-19,M,WWH,0,1,1
HS600772,2010-11-05 16:00:00,2010,11,6,16,BELMONT CRAGIN,BATTERY,BATTERY,YES,0-19,M,BLK,0,1,1
HS600772,2010-11-05 16:00:00,2010,11,6,16,BELMONT CRAGIN,BATTERY,BATTERY,YES,0-19,F,BLK,0,1,1
HS605841,2010-11-08 20:36:00,2010,11,2,20,BELMONT CRAGIN,BATTERY,BATTERY,YES,20-29,M,WWH,0,1,1
HS611601,2010-11-11 14:40:00,2010,11,5,14,BELMONT CRAGIN,HOMICIDE,HOMICIDE,NO,50-59,M,WHI,1,0,1
HS613114,2010-11-13 03:35:00,2010,11,7,3,BELMONT CRAGIN,HOMICIDE,HOMICIDE,NO,40-49,M,WWH,1,0,1
HS683202,2010-12-30 22:35:00,2010,12,5,22,BELMONT CRAGIN,HOMICIDE,HOMICIDE,YES,30-39,M,WWH,1,0,1
HS114304,2010-01-10 22:45:00,2010,1,1,22,BRIDGEPORT,BATTERY,BATTERY,YES,0-19,M,WWH,0,1,1
HS117175,2010-01-12 18:46:00,2010,1,3,18,BRIDGEPORT,BATTERY,BATTERY,YES,0-19,M,WWH,0,1,1
HS197985,2010-03-08 21:00:00,2010,3,2,21,BRIDGEPORT,BATTERY,BATTERY,YES,20-29,M,WWH,0,1,1
HS350138,2010-06-09 03:00:00,2010,6,4,3,BRIDGEPORT,BATTERY,BATTERY,YES,0-19,M,WHI,0,1,1
HS390824,2010-07-02 17:30:00,2010,7,6,17,BRIDGEPORT,BATTERY,BATTERY,YES,0-19,M,WWH,0,1,1
HS402713,2010-07-09 20:04:00,2010,7,6,20,BRIDGEPORT,BATTERY,BATTERY,YES,0-19,M,BLK,0,1,1
HS505927,2010-09-08 20:25:00,2010,9,4,20,BRIDGEPORT,HOMICIDE,HOMICIDE,NO,0-19,M,WHI,1,0,1
HS640234,2010-11-30 21:47:00,2010,11,3,21,BRIDGEPORT,BATTERY,BATTERY,YES,0-19,M,WWH,0,1,1
HS683187,2010-12-30 22:14:00,2010,12,5,22,BRIDGEPORT,HOMICIDE,HOMICIDE,YES,20-29,M,WWH,1,0,1
HS162672,2010-02-12 17:20:00,2010,2,6,17,BRIGHTON PARK,BATTERY,BATTERY,YES,0-19,M,WWH,0,1,1
HS216080,2010-03-19 17:46:00,2010,3,6,17,BRIGHTON PARK,HOMICIDE,HOMICIDE,YES,0-19,M,WWH,1,0,1
HS224873,2010-03-25 10:05:00,2010,3,5,10,BRIGHTON PARK,HOMICIDE,HOMICIDE,YES,20-29,M,WWH,1,0,1
HS235660,2010-03-31 23:53:00,2010,3,4,23,BRIGHTON PARK,BATTERY,BATTERY,YES,30-39,F,WHI,0,1,1
HS235660,2010-03-31 23:53:00,2010,3,4,23,BRIGHTON PARK,BATTERY,BATTERY,YES,20-29,M,WWH,0,1,1
HS250110,2010-04-09 22:53:00,2010,4,6,22,BRIGHTON PARK,BATTERY,BATTERY,YES,30-39,M,WWH,0,1,1
HS252857,2010-04-11 19:50:00,2010,4,1,19,BRIGHTON PARK,BATTERY,BATTERY,YES,40-49,M,WWH,0,1,1
HS285765,2010-05-01 15:22:00,2010,5,7,15,BRIGHTON PARK,BATTERY,BATTERY,YES,20-29,F,WWH,0,1,1
HS313197,2010-05-18 06:37:00,2010,5,3,6,BRIGHTON PARK,HOMICIDE,HOMICIDE,YES,40-49,M,WWH,1,0,1
HS313197,2010-05-18 06:37:00,2010,5,3,6,BRIGHTON PARK,HOMICIDE,HOMICIDE,NO,30-39,M,WWH,1,0,1
HS313197,2010-05-18 06:37:00,2010,5,3,6,BRIGHTON PARK,HOMICIDE,HOMICIDE,YES,20-29,M,WWH,1,0,1
HS334825,2010-05-30 21:24:00,2010,5,1,21,BRIGHTON PARK,HOMICIDE,HOMICIDE,YES,0-19,M,WWH,1,0,1
HS351598,2010-06-09 20:00:00,2010,6,4,20,BRIGHTON PARK,BATTERY,BATTERY,YES,0-19,M,WWH,0,1,1
HS355112,2010-06-11 19:42:00,2010,6,6,19,BRIGHTON PARK,BATTERY,BATTERY,YES,20-29,M,WWH,0,1,1
HS356823,2010-06-12 20:30:00,2010,6,7,20,BRIGHTON PARK,BATTERY,BATTERY,YES,0-19,M,WWH,0,1,1
HS364407,2010-06-17 12:40:00,2010,6,5,12,BRIGHTON PARK,BATTERY,BATTERY,YES,0-19,M,WWH,0,1,1
HS461202,2010-08-13 20:02:00,2010,8,6,20,BRIGHTON PARK,BATTERY,BATTERY,YES,20-29,F,WWH,0,1,1
HS473417,2010-08-21 02:10:00,2010,8,7,2,BRIGHTON PARK,BATTERY,HOMICIDE,YES,0-19,M,WWH,0,1,1
HS473417,2010-08-21 02:10:00,2010,8,7,2,BRIGHTON PARK,HOMICIDE,HOMICIDE,YES,20-29,M,WWH,1,0,1
HS473417,2010-08-21 02:10:00,2010,8,7,2,BRIGHTON PARK,BATTERY,HOMICIDE,YES,20-29,M,WWH,0,1,1
HS487563,2010-08-29 02:20:00,2010,8,1,2,BRIGHTON PARK,BATTERY,BATTERY,YES,20-29,M,WWH,0,1,1
HS501120,2010-09-06 03:40:00,2010,9,2,3,BRIGHTON PARK,BATTERY,BATTERY,YES,20-29,M,WWH,0,1,1
HS523507,2010-09-19 19:27:00,2010,9,1,19,BRIGHTON PARK,BATTERY,BATTERY,YES,0-19,M,WWH,0,1,1
HS545739,2010-10-03 06:40:00,2010,10,1,6,BRIGHTON PARK,BATTERY,BATTERY,YES,20-29,M,WWH,0,1,1
HS561124,2010-10-12 17:20:00,2010,10,3,17,BRIGHTON PARK,BATTERY,BATTERY,YES,20-29,M,WWH,0,1,1
HS561124,2010-10-12 17:20:00,2010,10,3,17,BRIGHTON PARK,BATTERY,BATTERY,YES,20-29,M,WWH,0,1,1
HS589715,2010-10-29 23:45:00,2010,10,6,23,BRIGHTON PARK,BATTERY,BATTERY,YES,30-39,M,WWH,0,1,1
HS602845,2010-11-07 01:38:00,2010,11,1,1,BRIGHTON PARK,BATTERY,BATTERY,YES,20-29,M,WWH,0,1,1
HS605821,2010-11-08 21:08:00,2010,11,2,21,BRIGHTON PARK,BATTERY,BATTERY,YES,30-39,M,WWH,0,1,1
HS592242,2010-10-31 17:03:00,2010,10,1,17,BURNSIDE,HOMICIDE,HOMICIDE,YES,0-19,M,BLK,1,0,1
HS123972,2010-01-16 23:20:00,2010,1,7,23,CALUMET HEIGHTS,BATTERY,BATTERY,YES,20-29,M,BLK,0,1,1
HS254899,2010-04-13 05:00:00,2010,4,3,5,CALUMET HEIGHTS,BATTERY,BATTERY,YES,20-29,M,BLK,0,1,1
HS259457,2010-04-15 18:08:00,2010,4,5,18,CALUMET HEIGHTS,BATTERY,BATTERY,YES,20-29,M,WWH,0,1,1
HS259457,2010-04-15 18:08:00,2010,4,5,18,CALUMET HEIGHTS,BATTERY,BATTERY,YES,0-19,M,WWH,0,1,1
HS273207,2010-04-24 04:42:00,2010,4,7,4,CALUMET HEIGHTS,BATTERY,BATTERY,YES,20-29,M,BLK,0,1,1
HS296927,2010-05-08 02:10:00,2010,5,7,2,CALUMET HEIGHTS,ROBBERY,ROBBERY,YES,20-29,UNKNOWN,UNKNOWN,0,1,1
HS333695,2010-05-29 00:49:00,2010,5,7,0,CALUMET HEIGHTS,BATTERY,BATTERY,YES,0-19,M,BLK,0,1,1
HS333695,2010-05-29 00:49:00,2010,5,7,0,CALUMET HEIGHTS,BATTERY,BATTERY,YES,0-19,M,BLK,0,1,1
HS333695,2010-05-29 00:49:00,2010,5,7,0,CALUMET HEIGHTS,BATTERY,BATTERY,YES,20-29,M,BLK,0,1,1
HS341454,2010-06-03 20:30:00,2010,6,5,20,CALUMET HEIGHTS,HOMICIDE,HOMICIDE,YES,40-49,F,BLK,1,0,1
HS416434,2010-07-18 01:01:00,2010,7,1,1,CALUMET HEIGHTS,BATTERY,BATTERY,YES,20-29,F,BLK,0,1,1
HS488950,2010-08-29 22:00:00,2010,8,1,22,CALUMET HEIGHTS,BATTERY,BATTERY,YES,0-19,F,BLK,0,1,1
HS488950,2010-08-29 22:00:00,2010,8,1,22,CALUMET HEIGHTS,BATTERY,BATTERY,YES,0-19,M,BLK,0,1,1
HS508897,2010-09-10 17:25:00,2010,9,6,17,CALUMET HEIGHTS,BATTERY,BATTERY,YES,20-29,M,BLK,0,1,1
HS508897,2010-09-10 17:25:00,2010,9,6,17,CALUMET HEIGHTS,BATTERY,BATTERY,YES,20-29,M,BLK,0,1,1
HS511042,2010-09-12 02:35:00,2010,9,1,2,CALUMET HEIGHTS,BATTERY,BATTERY,YES,30-39,M,BLK,0,1,1
HS519059,2010-09-16 23:00:00,2010,9,5,23,CALUMET HEIGHTS,BATTERY,BATTERY,YES,20-29,M,BLK,0,1,1
HS529101,2010-09-22 22:53:00,2010,9,4,22,CALUMET HEIGHTS,BATTERY,BATTERY,YES,30-39,M,BLK,0,1,1
HS530187,2010-09-23 16:41:00,2010,9,5,16,CALUMET HEIGHTS,BATTERY,BATTERY,YES,0-19,M,BLK,0,1,1
HS652568,2010-12-09 10:20:00,2010,12,5,10,CALUMET HEIGHTS,ROBBERY,ROBBERY,YES,30-39,M,BLK,0,1,1
HS665828,2010-12-17 22:15:00,2010,12,6,22,CALUMET HEIGHTS,BATTERY,BATTERY,YES,20-29,M,BLK,0,1,1
HS125082,2010-01-17 18:50:00,2010,1,1,18,CHATHAM,BATTERY,BATTERY,YES,20-29,M,BLK,0,1,1
HS169697,2010-02-17 23:00:00,2010,2,4,23,CHATHAM,HOMICIDE,HOMICIDE,NO,40-49,M,BLK,1,0,1
HS184635,2010-02-28 07:09:00,2010,2,1,7,CHATHAM,HOMICIDE,HOMICIDE,NO,50-59,M,BLK,1,0,1
HS188579,2010-03-02 19:25:00,2010,3,3,19,CHATHAM,BATTERY,BATTERY,YES,20-29,M,BLK,0,1,1
HS190848,2010-03-03 23:30:00,2010,3,4,23,CHATHAM,BATTERY,BATTERY,YES,UNKNOWN,UNKNOWN,UNKNOWN,0,1,1
HS195356,2010-03-07 01:41:00,2010,3,1,1,CHATHAM,BATTERY,BATTERY,YES,20-29,M,BLK,0,1,1
HS201249,2010-03-10 19:05:00,2010,3,4,19,CHATHAM,BATTERY,BATTERY,YES,UNKNOWN,UNKNOWN,UNKNOWN,0,1,1
HS212262,2010-03-17 14:38:00,2010,3,4,14,CHATHAM,HOMICIDE,HOMICIDE,YES,20-29,M,BLK,1,0,1
HS214435,2010-03-18 17:56:00,2010,3,5,17,CHATHAM,BATTERY,BATTERY,YES,0-19,M,BLK,0,1,1
HS215843,2010-03-19 15:13:00,2010,3,6,15,CHATHAM,BATTERY,BATTERY,YES,0-19,M,BLK,0,1,1
HS217524,2010-03-20 15:20:00,2010,3,7,15,CHATHAM,BATTERY,BATTERY,YES,20-29,F,BLK,0,1,1
HS218324,2010-03-21 05:39:00,2010,3,1,5,CHATHAM,HOMICIDE,HOMICIDE,YES,30-39,M,BLK,1,0,1
HS218324,2010-03-21 05:39:00,2010,3,1,5,CHATHAM,BATTERY,HOMICIDE,YES,30-39,M,BLK,0,1,1
HS236605,2010-04-01 15:58:00,2010,4,5,15,CHATHAM,BATTERY,BATTERY,YES,0-19,M,BLK,0,1,1
HS238647,2010-04-02 19:15:00,2010,4,6,19,CHATHAM,BATTERY,BATTERY,YES,20-29,M,BLK,0,1,1
HS259586,2010-04-15 19:25:00,2010,4,5,19,CHATHAM,BATTERY,BATTERY,YES,0-19,M,BLK,0,1,1
HS259586,2010-04-15 19:25:00,2010,4,5,19,CHATHAM,BATTERY,BATTERY,YES,0-19,M,BLK,0,1,1
HS259617,2010-04-15 19:33:00,2010,4,5,19,CHATHAM,BATTERY,BATTERY,YES,20-29,M,BLK,0,1,1
HS260120,2010-04-16 03:48:00,2010,4,6,3,CHATHAM,BATTERY,BATTERY,YES,20-29,M,BLK,0,1,1
HS261724,2010-04-17 02:32:00,2010,4,7,2,CHATHAM,HOMICIDE,HOMICIDE,YES,30-39,M,BLK,1,0,1
HS268041,2010-04-21 01:04:00,2010,4,4,1,CHATHAM,HOMICIDE,HOMICIDE,YES,20-29,M,BLK,1,0,1
HS269519,2010-04-21 23:05:00,2010,4,4,23,CHATHAM,HOMICIDE,HOMICIDE,YES,0-19,F,BLK,1,0,1
HS292897,2010-05-05 18:53:00,2010,5,4,18,CHATHAM,BATTERY,BATTERY,YES,0-19,F,BLK,0,1,1
HS292897,2010-05-05 18:53:00,2010,5,4,18,CHATHAM,BATTERY,BATTERY,YES,0-19,M,BLK,0,1,1
HS294111,2010-05-06 13:10:00,2010,5,5,13,CHATHAM,BATTERY,BATTERY,YES,60-69,M,BLK,0,1,1
HS316438,2010-05-19 23:25:00,2010,5,4,23,CHATHAM,HOMICIDE,HOMICIDE,YES,30-39,M,BLK,1,0,1
HS328237,2010-05-26 21:21:00,2010,5,4,21,CHATHAM,HOMICIDE,HOMICIDE,YES,20-29,F,BLK,1,0,1
HS334241,2010-05-30 12:15:00,2010,5,1,12,CHATHAM,BATTERY,BATTERY,YES,30-39,M,BLK,0,1,1
HS370745,2010-06-21 08:40:00,2010,6,2,8,CHATHAM,HOMICIDE,HOMICIDE,YES,0-19,M,BLK,1,0,1
HS370745,2010-06-21 08:40:00,2010,6,2,8,CHATHAM,HOMICIDE,HOMICIDE,YES,0-19,M,BLK,1,0,1
HS427050,2010-06-27 01:30:00,2010,6,1,1,CHATHAM,BATTERY,BATTERY,YES,30-39,M,BLK,0,1,1
HS394177,2010-07-04 22:25:00,2010,7,1,22,CHATHAM,BATTERY,BATTERY,YES,UNKNOWN,UNKNOWN,UNKNOWN,0,1,1
HS394539,2010-07-05 05:06:00,2010,7,2,5,CHATHAM,HOMICIDE,HOMICIDE,YES,30-39,M,BLK,1,0,1
HS396082,2010-07-06 03:56:00,2010,7,3,3,CHATHAM,BATTERY,BATTERY,YES,0-19,F,BLK,0,1,1
HS403041,2010-07-09 23:00:00,2010,7,6,23,CHATHAM,BATTERY,BATTERY,YES,20-29,M,BLK,0,1,1
HS449561,2010-08-06 21:00:00,2010,8,6,21,CHATHAM,ROBBERY,ROBBERY,YES,0-19,M,BLK,0,1,1
HS452713,2010-08-08 21:05:00,2010,8,1,21,CHATHAM,BATTERY,BATTERY,YES,50-59,M,BLK,0,1,1
HS459931,2010-08-13 04:38:00,2010,8,6,4,CHATHAM,HOMICIDE,HOMICIDE,YES,20-29,M,BLK,1,0,1
HS480338,2010-08-25 08:55:00,2010,8,4,8,CHATHAM,BATTERY,BATTERY,YES,20-29,M,BLK,0,1,1
HS487014,2010-08-28 18:41:00,2010,8,7,18,CHATHAM,BATTERY,BATTERY,YES,0-19,F,BLK,0,1,1
HS492919,2010-09-01 03:46:00,2010,9,4,3,CHATHAM,BATTERY,BATTERY,YES,20-29,M,BLK,0,1,1
HS519161,2010-09-17 00:10:00,2010,9,6,0,CHATHAM,BATTERY,BATTERY,YES,30-39,M,BLK,0,1,1
HS528303,2010-09-21 18:30:00,2010,9,3,18,CHATHAM,BATTERY,BATTERY,YES,UNKNOWN,UNKNOWN,UNKNOWN,0,1,1
HS529222,2010-09-23 03:41:00,2010,9,5,3,CHATHAM,BATTERY,BATTERY,YES,20-29,M,BLK,0,1,1
HS542278,2010-09-30 22:05:00,2010,9,5,22,CHATHAM,ROBBERY,ROBBERY,YES,20-29,M,BLK,0,1,1
HS543455,2010-10-01 11:30:00,2010,10,6,11,CHATHAM,BATTERY,BATTERY,YES,20-29,M,BLK,0,1,1
HS544072,2010-10-02 01:00:00,2010,10,7,1,CHATHAM,ROBBERY,ROBBERY,YES,0-19,M,BLK,0,1,1
HS554736,2010-10-08 19:40:00,2010,10,6,19,CHATHAM,BATTERY,BATTERY,YES,20-29,M,BLK,0,1,1
HS556996,2010-10-10 03:30:00,2010,10,1,3,CHATHAM,BATTERY,BATTERY,YES,20-29,M,BLK,0,1,1
HS582681,2010-10-25 20:50:00,2010,10,2,20,CHATHAM,BATTERY,BATTERY,YES,0-19,M,BLK,0,1,1
HS582515,2010-10-25 21:08:00,2010,10,2,21,CHATHAM,BATTERY,BATTERY,YES,0-19,M,BLK,0,1,1
HS643247,2010-12-02 20:53:00,2010,12,5,20,CHATHAM,BATTERY,BATTERY,YES,0-19,M,BLK,0,1,1
HS658790,2010-12-10 10:00:00,2010,12,6,10,CHATHAM,BATTERY,BATTERY,YES,30-39,F,BLK,0,1,1
HS657674,2010-12-12 17:00:00,2010,12,1,17,CHATHAM,BATTERY,BATTERY,YES,UNKNOWN,UNKNOWN,UNKNOWN,0,1,1
HS671307,2010-12-21 21:45:00,2010,12,3,21,CHATHAM,BATTERY,BATTERY,YES,30-39,M,BLK,0,1,1
HS104874,2010-01-04 17:15:00,2010,1,2,17,CHICAGO LAWN,HOMICIDE,HOMICIDE,YES,0-19,M,WWH,1,0,1
HS105845,2010-01-05 11:43:00,2010,1,3,11,CHICAGO LAWN,BATTERY,BATTERY,YES,20-29,M,BLK,0,1,1
HS109979,2010-01-07 21:33:04,2010,1,5,21,CHICAGO LAWN,ROBBERY,ROBBERY,YES,UNKNOWN,UNKNOWN,UNKNOWN,0,1,1
HS118983,2010-01-13 20:54:00,2010,1,4,20,CHICAGO LAWN,ROBBERY,ROBBERY,YES,30-39,M,BLK,0,1,1
HS121742,2010-01-15 15:23:00,2010,1,6,15,CHICAGO LAWN,BATTERY,BATTERY,YES,20-29,M,BLK,0,1,1
HS123223,2010-01-16 13:43:00,2010,1,7,13,CHICAGO LAWN,BATTERY,BATTERY,YES,20-29,M,BLK,0,1,1
HS126431,2010-01-18 19:07:00,2010,1,2,19,CHICAGO LAWN,BATTERY,BATTERY,YES,30-39,M,BLK,0,1,1
HS144799,2010-01-31 03:54:00,2010,1,1,3,CHICAGO LAWN,BATTERY,BATTERY,YES,0-19,F,BLK,0,1,1
HS150374,2010-02-04 00:53:00,2010,2,5,0,CHICAGO LAWN,BATTERY,BATTERY,YES,30-39,M,BLK,0,1,1
HS164445,2010-02-14 02:00:00,2010,2,1,2,CHICAGO LAWN,BATTERY,BATTERY,YES,20-29,M,WWH,0,1,1
HS193199,2010-03-05 16:48:00,2010,3,6,16,CHICAGO LAWN,BATTERY,BATTERY,YES,20-29,M,BLK,0,1,1
HS193461,2010-03-05 19:31:34,2010,3,6,19,CHICAGO LAWN,BATTERY,BATTERY,YES,UNKNOWN,UNKNOWN,UNKNOWN,0,1,1
HS196730,2010-03-08 07:40:00,2010,3,2,7,CHICAGO LAWN,BATTERY,BATTERY,YES,0-19,M,BLK,0,1,1
HS202526,2010-03-11 14:53:00,2010,3,5,14,CHICAGO LAWN,BATTERY,BATTERY,YES,20-29,M,BLK,0,1,1
HS202526,2010-03-11 14:53:00,2010,3,5,14,CHICAGO LAWN,BATTERY,BATTERY,YES,20-29,M,BLK,0,1,1
HS210818,2010-03-16 17:00:00,2010,3,3,17,CHICAGO LAWN,BATTERY,BATTERY,YES,30-39,M,WWH,0,1,1
HS210818,2010-03-16 17:00:00,2010,3,3,17,CHICAGO LAWN,BATTERY,BATTERY,YES,0-19,M,BLK,0,1,1
HS219093,2010-03-21 18:15:00,2010,3,1,18,CHICAGO LAWN,BATTERY,BATTERY,YES,0-19,M,BLK,0,1,1
HS222649,2010-03-23 21:55:00,2010,3,3,21,CHICAGO LAWN,ROBBERY,ROBBERY,YES,20-29,M,BLK,0,1,1
HS227537,2010-03-26 21:12:00,2010,3,6,21,CHICAGO LAWN,BATTERY,BATTERY,YES,0-19,M,BLK,0,1,1
HS228752,2010-03-27 16:15:00,2010,3,7,16,CHICAGO LAWN,ROBBERY,ROBBERY,YES,20-29,M,BLK,0,1,1
HS229048,2010-03-27 20:00:00,2010,3,7,20,CHICAGO LAWN,ROBBERY,ROBBERY,YES,UNKNOWN,UNKNOWN,UNKNOWN,0,1,1
HS229556,2010-03-28 03:46:00,2010,3,1,3,CHICAGO LAWN,HOMICIDE,HOMICIDE,YES,20-29,M,WWH,1,0,1
HS235730,2010-04-01 01:47:00,2010,4,5,1,CHICAGO LAWN,BATTERY,BATTERY,YES,20-29,M,BLK,0,1,1
HS241629,2010-04-04 18:30:00,2010,4,1,18,CHICAGO LAWN,BATTERY,BATTERY,YES,30-39,M,BLK,0,1,1
HS242997,2010-04-05 18:05:00,2010,4,2,18,CHICAGO LAWN,BATTERY,BATTERY,YES,0-19,M,BLK,0,1,1
HS243072,2010-04-05 18:45:00,2010,4,2,18,CHICAGO LAWN,BATTERY,BATTERY,YES,0-19,F,BLK,0,1,1
HS254127,2010-04-08 09:05:00,2010,4,5,9,CHICAGO LAWN,HOMICIDE,HOMICIDE,NO,0-19,F,BLK,1,0,1
HS249996,2010-04-09 22:20:00,2010,4,6,22,CHICAGO LAWN,BATTERY,BATTERY,YES,20-29,F,BLK,0,1,1
HS249996,2010-04-09 22:20:00,2010,4,6,22,CHICAGO LAWN,BATTERY,BATTERY,YES,0-19,M,BLK,0,1,1
HS250818,2010-04-10 12:30:00,2010,4,7,12,CHICAGO LAWN,BATTERY,BATTERY,YES,50-59,M,WWH,0,1,1
HS254489,2010-04-12 20:40:00,2010,4,2,20,CHICAGO LAWN,BATTERY,BATTERY,YES,20-29,F,BLK,0,1,1
HS256531,2010-04-14 04:25:00,2010,4,4,4,CHICAGO LAWN,HOMICIDE,HOMICIDE,YES,0-19,F,BLK,1,0,1
HS256531,2010-04-14 04:25:00,2010,4,4,4,CHICAGO LAWN,HOMICIDE,HOMICIDE,YES,0-19,M,BLK,1,0,1
HS256531,2010-04-14 04:25:00,2010,4,4,4,CHICAGO LAWN,HOMICIDE,HOMICIDE,YES,0-19,F,BLK,1,0,1
HS256531,2010-04-14 04:25:00,2010,4,4,4,CHICAGO LAWN,HOMICIDE,HOMICIDE,YES,0-19,F,BLK,1,0,1
HS256531,2010-04-14 04:25:00,2010,4,4,4,CHICAGO LAWN,HOMICIDE,HOMICIDE,YES,50-59,F,BLK,1,0,1
HS259410,2010-04-15 17:32:00,2010,4,5,17,CHICAGO LAWN,BATTERY,BATTERY,YES,0-19,M,BLK,0,1,1
HS259515,2010-04-15 18:27:00,2010,4,5,18,CHICAGO LAWN,BATTERY,BATTERY,YES,40-49,M,WWH,0,1,1
HS259515,2010-04-15 18:27:00,2010,4,5,18,CHICAGO LAWN,BATTERY,BATTERY,YES,20-29,M,BLK,0,1,1
HS263839,2010-04-18 13:05:00,2010,4,1,13,CHICAGO LAWN,BATTERY,BATTERY,YES,UNKNOWN,UNKNOWN,UNKNOWN,0,1,1
HS266152,2010-04-19 21:40:00,2010,4,2,21,CHICAGO LAWN,BATTERY,BATTERY,YES,0-19,M,BLK,0,1,1
HS268559,2010-04-21 15:16:57,2010,4,4,15,CHICAGO LAWN,BATTERY,BATTERY,YES,0-19,M,BLK,0,1,1
HS269410,2010-04-21 22:35:40,2010,4,4,22,CHICAGO LAWN,BATTERY,BATTERY,YES,UNKNOWN,UNKNOWN,UNKNOWN,0,1,1
HS271173,2010-04-22 23:43:00,2010,4,5,23,CHICAGO LAWN,BATTERY,BATTERY,YES,30-39,M,BLK,0,1,1
HS293249,2010-05-05 22:33:00,2010,5,4,22,CHICAGO LAWN,BATTERY,BATTERY,YES,20-29,M,BLK,0,1,1
HS306377,2010-05-13 21:40:00,2010,5,5,21,CHICAGO LAWN,BATTERY,BATTERY,YES,0-19,M,BLK,0,1,1
HS314592,2010-05-18 21:20:00,2010,5,3,21,CHICAGO LAWN,HOMICIDE,HOMICIDE,YES,30-39,M,BLK,1,0,1
HS325539,2010-05-25 12:50:39,2010,5,3,12,CHICAGO LAWN,BATTERY,BATTERY,YES,UNKNOWN,UNKNOWN,UNKNOWN,0,1,1
HS326752,2010-05-26 03:10:00,2010,5,4,3,CHICAGO LAWN,BATTERY,BATTERY,YES,20-29,M,BLK,0,1,1
HS330200,2010-05-27 22:49:00,2010,5,5,22,CHICAGO LAWN,BATTERY,BATTERY,YES,0-19,M,WWH,0,1,1
HS330200,2010-05-27 22:49:00,2010,5,5,22,CHICAGO LAWN,BATTERY,BATTERY,YES,0-19,M,WWH,0,1,1
HS334969,2010-05-30 23:30:00,2010,5,1,23,CHICAGO LAWN,BATTERY,BATTERY,YES,UNKNOWN,UNKNOWN,UNKNOWN,0,1,1
HS336320,2010-05-31 22:14:00,2010,5,2,22,CHICAGO LAWN,BATTERY,BATTERY,YES,20-29,M,WWH,0,1,1
HS336320,2010-05-31 22:14:00,2010,5,2,22,CHICAGO LAWN,BATTERY,BATTERY,YES,40-49,F,WWH,0,1,1
HS340777,2010-06-03 14:41:00,2010,6,5,14,CHICAGO LAWN,BATTERY,BATTERY,YES,UNKNOWN,UNKNOWN,UNKNOWN,0,1,1
HS351147,2010-06-09 17:35:00,2010,6,4,17,CHICAGO LAWN,BATTERY,BATTERY,YES,20-29,M,BLK,0,1,1
HS351634,2010-06-09 22:28:00,2010,6,4,22,CHICAGO LAWN,BATTERY,BATTERY,YES,0-19,F,WWH,0,1,1
HS351634,2010-06-09 22:28:00,2010,6,4,22,CHICAGO LAWN,BATTERY,BATTERY,YES,0-19,F,WWH,0,1,1
HS357848,2010-06-13 15:50:00,2010,6,1,15,CHICAGO LAWN,BATTERY,BATTERY,YES,0-19,M,BLK,0,1,1
HS363653,2010-06-16 22:30:00,2010,6,4,22,CHICAGO LAWN,BATTERY,BATTERY,YES,20-29,M,WWH,0,1,1
HS368808,2010-06-19 23:10:00,2010,6,7,23,CHICAGO LAWN,BATTERY,BATTERY,YES,0-19,M,BLK,0,1,1
HS370284,2010-06-20 22:20:00,2010,6,1,22,CHICAGO LAWN,BATTERY,BATTERY,YES,20-29,M,BLK,0,1,1
HS370291,2010-06-20 22:28:00,2010,6,1,22,CHICAGO LAWN,BATTERY,BATTERY,YES,0-19,M,WWH,0,1,1
HS370291,2010-06-20 22:28:00,2010,6,1,22,CHICAGO LAWN,BATTERY,BATTERY,YES,0-19,M,WWH,0,1,1
HS372343,2010-06-22 01:20:00,2010,6,3,1,CHICAGO LAWN,BATTERY,BATTERY,YES,20-29,M,BLK,0,1,1
HS375309,2010-06-23 18:00:00,2010,6,4,18,CHICAGO LAWN,BATTERY,BATTERY,YES,30-39,M,WWH,0,1,1
HS380889,2010-06-27 00:50:00,2010,6,1,0,CHICAGO LAWN,BATTERY,BATTERY,YES,0-19,M,BLK,0,1,1
HS389185,2010-07-01 18:09:00,2010,7,5,18,CHICAGO LAWN,BATTERY,BATTERY,YES,70-79,M,BLK,0,1,1
HS397518,2010-07-06 21:00:00,2010,7,3,21,CHICAGO LAWN,BATTERY,BATTERY,YES,20-29,M,BLK,0,1,1
HS403075,2010-07-10 00:28:00,2010,7,7,0,CHICAGO LAWN,BATTERY,BATTERY,YES,30-39,F,BLK,0,1,1
HS403075,2010-07-10 00:28:00,2010,7,7,0,CHICAGO LAWN,BATTERY,BATTERY,YES,20-29,F,BLK,0,1,1
HS404276,2010-07-10 19:10:00,2010,7,7,19,CHICAGO LAWN,BATTERY,BATTERY,YES,0-19,M,WWH,0,1,1
HS407180,2010-07-12 16:52:00,2010,7,2,16,CHICAGO LAWN,BATTERY,BATTERY,YES,20-29,M,BLK,0,1,1
HS414601,2010-07-16 23:00:00,2010,7,6,23,CHICAGO LAWN,BATTERY,BATTERY,YES,0-19,M,BLK,0,1,1
HS414601,2010-07-16 23:00:00,2010,7,6,23,CHICAGO LAWN,BATTERY,BATTERY,YES,0-19,M,BLK,0,1,1
HS418562,2010-07-19 12:02:00,2010,7,2,12,CHICAGO LAWN,BATTERY,BATTERY,YES,0-19,M,BLK,0,1,1
HS422904,2010-07-21 21:58:00,2010,7,4,21,CHICAGO LAWN,BATTERY,BATTERY,YES,0-19,M,BLK,0,1,1
HS424489,2010-07-22 19:30:00,2010,7,5,19,CHICAGO LAWN,BATTERY,BATTERY,YES,0-19,M,WWH,0,1,1
HS425093,2010-07-23 06:27:00,2010,7,6,6,CHICAGO LAWN,HOMICIDE,HOMICIDE,NO,30-39,M,WWH,1,0,1
HS440295,2010-08-01 11:28:00,2010,8,1,11,CHICAGO LAWN,ROBBERY,ROBBERY,YES,50-59,M,BLK,0,1,1
HS442154,2010-08-02 17:36:48,2010,8,2,17,CHICAGO LAWN,BATTERY,BATTERY,YES,UNKNOWN,UNKNOWN,UNKNOWN,0,1,1
HS449423,2010-08-06 19:10:00,2010,8,6,19,CHICAGO LAWN,BATTERY,BATTERY,YES,0-19,M,BLK,0,1,1
HS451372,2010-08-07 23:40:00,2010,8,7,23,CHICAGO LAWN,BATTERY,BATTERY,YES,0-19,M,BLK,0,1,1
HS451513,2010-08-08 00:30:00,2010,8,1,0,CHICAGO LAWN,BATTERY,BATTERY,YES,20-29,M,BLK,0,1,1
HS451524,2010-08-08 02:36:00,2010,8,1,2,CHICAGO LAWN,BATTERY,BATTERY,YES,20-29,M,BLK,0,1,1
HS456153,2010-08-10 21:26:00,2010,8,3,21,CHICAGO LAWN,BATTERY,BATTERY,YES,0-19,M,BLK,0,1,1
HS456153,2010-08-10 21:26:00,2010,8,3,21,CHICAGO LAWN,BATTERY,BATTERY,YES,20-29,M,BLK,0,1,1
HS458202,2010-08-12 02:15:00,2010,8,5,2,CHICAGO LAWN,BATTERY,BATTERY,YES,20-29,F,BLK,0,1,1
HS461667,2010-08-14 03:04:00,2010,8,7,3,CHICAGO LAWN,HOMICIDE,HOMICIDE,NO,20-29,M,WWH,1,0,1
HS462819,2010-08-14 20:45:00,2010,8,7,20,CHICAGO LAWN,BATTERY,BATTERY,YES,30-39,M,BLK,0,1,1
HS462819,2010-08-14 20:45:00,2010,8,7,20,CHICAGO LAWN,BATTERY,BATTERY,YES,0-19,M,BLK,0,1,1
HS462819,2010-08-14 20:45:00,2010,8,7,20,CHICAGO LAWN,BATTERY,BATTERY,YES,0-19,F,BLK,0,1,1
HS469786,2010-08-18 22:00:00,2010,8,4,22,CHICAGO LAWN,BATTERY,BATTERY,YES,40-49,M,BLK,0,1,1
HS469782,2010-08-18 22:29:00,2010,8,4,22,CHICAGO LAWN,HOMICIDE,HOMICIDE,YES,20-29,M,BLK,1,0,1
HS478718,2010-08-24 12:10:00,2010,8,3,12,CHICAGO LAWN,BATTERY,BATTERY,YES,40-49,M,WWH,0,1,1
HS487033,2010-08-28 18:33:00,2010,8,7,18,CHICAGO LAWN,BATTERY,BATTERY,YES,0-19,F,WWH,0,1,1
HS494558,2010-09-01 23:57:48,2010,9,4,23,CHICAGO LAWN,BATTERY,BATTERY,YES,UNKNOWN,UNKNOWN,UNKNOWN,0,1,1
HS496483,2010-09-03 03:58:00,2010,9,6,3,CHICAGO LAWN,BATTERY,BATTERY,YES,30-39,M,BLK,0,1,1
HS507139,2010-09-09 15:55:00,2010,9,5,15,CHICAGO LAWN,BATTERY,BATTERY,YES,20-29,M,WWH,0,1,1
HS526973,2010-09-21 19:11:00,2010,9,3,19,CHICAGO LAWN,BATTERY,BATTERY,YES,40-49,F,BLK,0,1,1
HS535126,2010-09-26 17:08:00,2010,9,1,17,CHICAGO LAWN,BATTERY,BATTERY,YES,0-19,M,BLK,0,1,1
HS547786,2010-10-04 16:00:00,2010,10,2,16,CHICAGO LAWN,BATTERY,BATTERY,YES,40-49,M,WWH,0,1,1
HS561315,2010-10-12 18:45:00,2010,10,3,18,CHICAGO LAWN,BATTERY,BATTERY,YES,20-29,M,WWH,0,1,1
HS561505,2010-10-12 20:20:00,2010,10,3,20,CHICAGO LAWN,BATTERY,BATTERY,YES,0-19,M,BLK,0,1,1
HS569394,2010-10-17 20:25:00,2010,10,1,20,CHICAGO LAWN,HOMICIDE,HOMICIDE,YES,0-19,M,BLK,1,0,1
HS575860,2010-10-21 18:20:00,2010,10,5,18,CHICAGO LAWN,BATTERY,BATTERY,YES,30-39,M,BLK,0,1,1
HS581316,2010-10-25 09:41:00,2010,10,2,9,CHICAGO LAWN,BATTERY,BATTERY,YES,20-29,M,BLK,0,1,1
HS587680,2010-10-28 19:10:00,2010,10,5,19,CHICAGO LAWN,BATTERY,BATTERY,YES,0-19,M,BLK,0,1,1
HS591385,2010-10-31 01:57:00,2010,10,1,1,CHICAGO LAWN,BATTERY,BATTERY,YES,20-29,M,BLK,0,1,1
HS591385,2010-10-31 01:57:00,2010,10,1,1,CHICAGO LAWN,BATTERY,BATTERY,YES,30-39,F,BLK,0,1,1
HS591385,2010-10-31 01:57:00,2010,10,1,1,CHICAGO LAWN,BATTERY,BATTERY,YES,20-29,M,BLK,0,1,1
HS591385,2010-10-31 01:57:00,2010,10,1,1,CHICAGO LAWN,BATTERY,BATTERY,YES,30-39,M,BLK,0,1,1
HS592132,2010-10-31 14:44:00,2010,10,1,14,CHICAGO LAWN,BATTERY,BATTERY,YES,0-19,M,BLK,0,1,1
HS613289,2010-11-13 08:52:00,2010,11,7,8,CHICAGO LAWN,ROBBERY,ROBBERY,YES,40-49,M,WWH,0,1,1
HS619406,2010-11-16 23:05:00,2010,11,3,23,CHICAGO LAWN,BATTERY,BATTERY,YES,20-29,M,WBH,0,1,1
HS626450,2010-11-21 17:45:00,2010,11,1,17,CHICAGO LAWN,HOMICIDE,HOMICIDE,YES,0-19,M,BLK,1,0,1
HS628275,2010-11-22 17:30:00,2010,11,2,17,CHICAGO LAWN,ROBBERY,ROBBERY,YES,0-19,M,BLK,0,1,1
HS633750,2010-11-26 15:14:00,2010,11,6,15,CHICAGO LAWN,BATTERY,BATTERY,YES,20-29,M,BLK,0,1,1
HS636459,2010-11-28 15:11:00,2010,11,1,15,CHICAGO LAWN,HOMICIDE,HOMICIDE,YES,0-19,M,BLK,1,0,1
HS663906,2010-12-16 18:10:00,2010,12,5,18,CHICAGO LAWN,BATTERY,BATTERY,YES,0-19,M,BLK,0,1,1
HS665769,2010-12-17 21:00:00,2010,12,6,21,CHICAGO LAWN,ROBBERY,ROBBERY,YES,0-19,M,BLK,0,1,1
HS667942,2010-12-19 14:43:00,2010,12,1,14,CHICAGO LAWN,BATTERY,BATTERY,YES,20-29,M,BLK,0,1,1
HS679806,2010-12-28 16:41:00,2010,12,3,16,CHICAGO LAWN,NON-FATAL,HOMICIDE,YES,20-29,M,BLK,0,1,1
HS679806,2010-12-28 16:41:00,2010,12,3,16,CHICAGO LAWN,HOMICIDE,HOMICIDE,YES,0-19,M,BLK,1,0,1
HS679806,2010-12-28 16:41:00,2010,12,3,16,CHICAGO LAWN,NON-FATAL,HOMICIDE,YES,0-19,M,BLK,0,1,1
HS309440,2010-05-15 17:12:00,2010,5,7,17,CLEARING,BATTERY,BATTERY,YES,0-19,M,WWH,0,1,1
HS170930,2010-02-18 18:14:00,2010,2,5,18,DOUGLAS,BATTERY,BATTERY,YES,0-19,M,BLK,0,1,1
HS212793,2010-03-17 19:41:00,2010,3,4,19,DOUGLAS,ROBBERY,ROBBERY,YES,20-29,M,BLK,0,1,1
HS237377,2010-04-02 00:17:00,2010,4,6,0,DOUGLAS,HOMICIDE,HOMICIDE,YES,20-29,M,BLK,1,0,1
HS306120,2010-05-13 18:40:00,2010,5,5,18,DOUGLAS,BATTERY,BATTERY,YES,0-19,M,BLK,0,1,1
HS309692,2010-05-15 19:00:00,2010,5,7,19,DOUGLAS,BATTERY,BATTERY,YES,20-29,M,BLK,0,1,1
HS337384,2010-06-01 15:30:00,2010,6,3,15,DOUGLAS,BATTERY,BATTERY,YES,30-39,M,BLK,0,1,1
HS383765,2010-06-28 17:00:00,2010,6,2,17,DOUGLAS,BATTERY,BATTERY,YES,20-29,M,BLK,0,1,1
HS451085,2010-08-07 19:40:00,2010,8,7,19,DOUGLAS,BATTERY,BATTERY,YES,0-19,M,BLK,0,1,1
HS451085,2010-08-07 19:40:00,2010,8,7,19,DOUGLAS,BATTERY,BATTERY,YES,20-29,M,BLK,0,1,1
HS451085,2010-08-07 19:40:00,2010,8,7,19,DOUGLAS,BATTERY,BATTERY,YES,20-29,M,BLK,0,1,1
HS497555,2010-09-03 18:12:00,2010,9,6,18,DOUGLAS,BATTERY,BATTERY,YES,0-19,M,BLK,0,1,1
HS499650,2010-09-05 01:58:00,2010,9,1,1,DOUGLAS,BATTERY,BATTERY,YES,0-19,M,BLK,0,1,1
HS499650,2010-09-05 01:58:00,2010,9,1,1,DOUGLAS,BATTERY,BATTERY,YES,0-19,M,BLK,0,1,1
HS512027,2010-09-12 18:43:00,2010,9,1,18,DOUGLAS,BATTERY,BATTERY,YES,0-19,M,BLK,0,1,1
HS522663,2010-09-19 03:30:00,2010,9,1,3,DOUGLAS,BATTERY,BATTERY,YES,20-29,M,BLK,0,1,1
HS681382,2010-12-29 17:54:00,2010,12,4,17,DOUGLAS,BATTERY,BATTERY,YES,20-29,M,BLK,0,1,1
HS681382,2010-12-29 17:54:00,2010,12,4,17,DOUGLAS,BATTERY,BATTERY,YES,20-29,M,BLK,0,1,1
HS171479,2010-02-19 05:50:00,2010,2,6,5,DUNNING,HOMICIDE,HOMICIDE,NO,0-19,M,WWH,1,0,1
HS232310,2010-03-29 23:07:00,2010,3,2,23,DUNNING,HOMICIDE,HOMICIDE,NO,30-39,M,WHI,1,0,1
HS251007,2010-04-10 14:55:00,2010,4,7,14,DUNNING,HOMICIDE,HOMICIDE,NO,30-39,M,WHI,1,0,1
HS531704,2010-09-24 13:30:00,2010,9,6,13,DUNNING,BATTERY,BATTERY,YES,30-39,M,WWH,0,1,1
HS148837,2010-02-03 00:15:00,2010,2,4,0,EAST GARFIELD PARK,BATTERY,BATTERY,YES,0-19,M,BLK,0,1,1
HS155269,2010-02-07 12:25:00,2010,2,1,12,EAST GARFIELD PARK,ROBBERY,ROBBERY,YES,50-59,M,BLK,0,1,1
HS161420,2010-02-11 22:00:00,2010,2,5,22,EAST GARFIELD PARK,BATTERY,BATTERY,YES,30-39,M,BLK,0,1,1
HS165145,2010-02-14 17:55:00,2010,2,1,17,EAST GARFIELD PARK,BATTERY,BATTERY,YES,UNKNOWN,UNKNOWN,UNKNOWN,0,1,1
HS199591,2010-03-09 19:15:00,2010,3,3,19,EAST GARFIELD PARK,BATTERY,BATTERY,YES,UNKNOWN,UNKNOWN,UNKNOWN,0,1,1
HS231101,2010-03-29 10:09:00,2010,3,2,10,EAST GARFIELD PARK,BATTERY,BATTERY,YES,30-39,M,BLK,0,1,1
HS233615,2010-03-30 19:53:00,2010,3,3,19,EAST GARFIELD PARK,BATTERY,BATTERY,YES,30-39,M,BLK,0,1,1
HS254453,2010-04-13 06:39:00,2010,4,3,6,EAST GARFIELD PARK,HOMICIDE,HOMICIDE,NO,50-59,F,BLK,1,0,1
HS265447,2010-04-19 15:00:00,2010,4,2,15,EAST GARFIELD PARK,HOMICIDE,HOMICIDE,YES,30-39,M,BLK,1,0,1
HS272984,2010-04-23 23:45:00,2010,4,6,23,EAST GARFIELD PARK,BATTERY,BATTERY,YES,UNKNOWN,UNKNOWN,UNKNOWN,0,1,1
HS305155,2010-05-13 09:24:00,2010,5,5,9,EAST GARFIELD PARK,BATTERY,BATTERY,YES,20-29,M,BLK,0,1,1
HS307928,2010-05-14 18:50:00,2010,5,6,18,EAST GARFIELD PARK,BATTERY,BATTERY,YES,20-29,M,BLK,0,1,1
HS314585,2010-05-18 21:13:00,2010,5,3,21,EAST GARFIELD PARK,BATTERY,BATTERY,YES,0-19,M,BLK,0,1,1
HS336464,2010-06-01 01:50:00,2010,6,3,1,EAST GARFIELD PARK,ROBBERY,ROBBERY,YES,20-29,M,BLK,0,1,1
HS355592,2010-06-12 01:50:00,2010,6,7,1,EAST GARFIELD PARK,HOMICIDE,HOMICIDE,YES,20-29,M,BLK,1,0,1
HS390601,2010-07-02 15:12:00,2010,7,6,15,EAST GARFIELD PARK,HOMICIDE,HOMICIDE,NO,50-59,M,BLK,1,0,1
HS399468,2010-07-07 23:45:00,2010,7,4,23,EAST GARFIELD PARK,BATTERY,BATTERY,YES,30-39,M,BLK,0,1,1
HS407813,2010-07-13 00:01:00,2010,7,3,0,EAST GARFIELD PARK,BATTERY,BATTERY,YES,30-39,M,BLK,0,1,1
HS407857,2010-07-13 01:08:00,2010,7,3,1,EAST GARFIELD PARK,BATTERY,BATTERY,YES,20-29,M,BLK,0,1,1
HS419955,2010-07-20 09:10:00,2010,7,3,9,EAST GARFIELD PARK,ROBBERY,ROBBERY,YES,20-29,M,BLK,0,1,1
HS431582,2010-07-27 02:35:00,2010,7,3,2,EAST GARFIELD PARK,BATTERY,BATTERY,YES,30-39,M,BLK,0,1,1
HS431582,2010-07-27 02:35:00,2010,7,3,2,EAST GARFIELD PARK,BATTERY,BATTERY,YES,20-29,M,BLK,0,1,1
HS432987,2010-07-27 21:20:00,2010,7,3,21,EAST GARFIELD PARK,BATTERY,BATTERY,YES,20-29,M,BLK,0,1,1
HS432987,2010-07-27 21:20:00,2010,7,3,21,EAST GARFIELD PARK,BATTERY,BATTERY,YES,0-19,M,BLK,0,1,1
HS433673,2010-07-28 10:45:00,2010,7,4,10,EAST GARFIELD PARK,BATTERY,BATTERY,YES,UNKNOWN,UNKNOWN,UNKNOWN,0,1,1
HS450660,2010-08-07 13:45:00,2010,8,7,13,EAST GARFIELD PARK,BATTERY,BATTERY,YES,40-49,M,BLK,0,1,1
HS485995,2010-08-28 04:39:00,2010,8,7,4,EAST GARFIELD PARK,HOMICIDE,HOMICIDE,NO,30-39,F,WWH,1,0,1
HS494639,2010-09-01 23:58:00,2010,9,4,23,EAST GARFIELD PARK,HOMICIDE,HOMICIDE,YES,30-39,M,BLK,1,0,1
HS504276,2010-09-07 23:35:00,2010,9,3,23,EAST GARFIELD PARK,BATTERY,BATTERY,YES,30-39,M,BLK,0,1,1
HS520686,2010-09-17 22:07:00,2010,9,6,22,EAST GARFIELD PARK,BATTERY,BATTERY,YES,20-29,M,BLK,0,1,1
HS529083,2010-09-22 22:49:00,2010,9,4,22,EAST GARFIELD PARK,HOMICIDE,HOMICIDE,YES,20-29,M,BLK,1,0,1
HS546784,2010-10-04 00:22:00,2010,10,2,0,EAST GARFIELD PARK,BATTERY,BATTERY,YES,20-29,M,BLK,0,1,1
HS551337,2010-10-06 19:22:00,2010,10,4,19,EAST GARFIELD PARK,BATTERY,BATTERY,YES,20-29,M,BLK,0,1,1
HS551337,2010-10-06 19:22:00,2010,10,4,19,EAST GARFIELD PARK,BATTERY,BATTERY,YES,50-59,M,BLK,0,1,1
HS551337,2010-10-06 19:22:00,2010,10,4,19,EAST GARFIELD PARK,BATTERY,BATTERY,YES,20-29,M,BLK,0,1,1
HS557009,2010-10-10 03:55:00,2010,10,1,3,EAST GARFIELD PARK,BATTERY,BATTERY,YES,60-69,M,BLK,0,1,1
HS558098,2010-10-10 20:50:00,2010,10,1,20,EAST GARFIELD PARK,BATTERY,BATTERY,YES,0-19,F,BLK,0,1,1
HS559622,2010-10-11 19:44:00,2010,10,2,19,EAST GARFIELD PARK,NON-FATAL,HOMICIDE,YES,30-39,M,BLK,0,1,1
HS559622,2010-10-11 19:44:00,2010,10,2,19,EAST GARFIELD PARK,HOMICIDE,HOMICIDE,YES,30-39,M,BLK,1,0,1
HS561167,2010-10-12 16:00:00,2010,10,3,16,EAST GARFIELD PARK,BATTERY,BATTERY,YES,40-49,M,BLK,0,1,1
HS568457,2010-10-17 03:20:00,2010,10,1,3,EAST GARFIELD PARK,ROBBERY,ROBBERY,YES,30-39,M,BLK,0,1,1
HS575692,2010-10-21 16:56:00,2010,10,5,16,EAST GARFIELD PARK,ROBBERY,ROBBERY,YES,40-49,M,WWH,0,1,1
HS586940,2010-10-28 12:00:00,2010,10,5,12,EAST GARFIELD PARK,HOMICIDE,HOMICIDE,NO,50-59,M,WHI,1,0,1
HS590836,2010-10-30 17:00:00,2010,10,7,17,EAST GARFIELD PARK,BATTERY,BATTERY,YES,0-19,M,BLK,0,1,1
HS593925,2010-11-01 16:35:00,2010,11,2,16,EAST GARFIELD PARK,BATTERY,BATTERY,YES,0-19,M,BLK,0,1,1
HS258090,2010-04-14 22:58:00,2010,4,4,22,EAST SIDE,BATTERY,BATTERY,YES,30-39,M,WWH,0,1,1
HS399337,2010-07-07 22:00:00,2010,7,4,22,EAST SIDE,BATTERY,BATTERY,YES,0-19,M,WWH,0,1,1
HS416405,2010-07-18 00:54:00,2010,7,1,0,EAST SIDE,BATTERY,BATTERY,YES,20-29,M,WHI,0,1,1
HS451481,2010-08-08 00:40:00,2010,8,1,0,EAST SIDE,BATTERY,BATTERY,YES,20-29,M,WWH,0,1,1
HS473310,2010-08-21 00:28:00,2010,8,7,0,EAST SIDE,BATTERY,BATTERY,YES,20-29,M,WWH,0,1,1
HS568264,2010-10-16 23:50:00,2010,10,7,23,EAST SIDE,BATTERY,BATTERY,YES,0-19,M,WWH,0,1,1
HS592598,2010-10-31 21:36:00,2010,10,1,21,EAST SIDE,BATTERY,BATTERY,YES,20-29,M,WWH,0,1,1
HS636483,2010-11-28 15:25:00,2010,11,1,15,EAST SIDE,BATTERY,BATTERY,YES,0-19,M,WWH,0,1,1
HS684370,2010-12-31 20:00:00,2010,12,6,20,EAST SIDE,BATTERY,BATTERY,YES,0-19,M,WWH,0,1,1
HS172448,2010-02-18 22:35:00,2010,2,5,22,EDGEWATER,HOMICIDE,HOMICIDE,NO,0-19,F,WWH,1,0,1
HS184336,2010-02-27 23:06:00,2010,2,7,23,EDGEWATER,BATTERY,BATTERY,YES,UNKNOWN,UNKNOWN,UNKNOWN,0,1,1
HS260300,2010-04-16 17:24:00,2010,4,6,17,EDGEWATER,HOMICIDE,HOMICIDE,NO,70-79,F,WWH,1,0,1
HS307684,2010-05-14 17:25:00,2010,5,6,17,EDGEWATER,HOMICIDE,HOMICIDE,YES,20-29,M,BLK,1,0,1
HS404465,2010-07-10 20:10:00,2010,7,7,20,EDGEWATER,BATTERY,BATTERY,YES,0-19,F,BLK,0,1,1
HS444712,2010-08-04 04:34:00,2010,8,4,4,EDGEWATER,BATTERY,BATTERY,YES,20-29,M,BLK,0,1,1
HS469995,2010-08-19 02:22:00,2010,8,5,2,EDGEWATER,HOMICIDE,HOMICIDE,YES,20-29,M,BLK,1,0,1
HS559185,2010-10-11 15:21:00,2010,10,2,15,EDGEWATER,HOMICIDE,HOMICIDE,YES,50-59,F,WWH,1,0,1
HS634431,2010-11-27 02:19:00,2010,11,7,2,EDGEWATER,BATTERY,BATTERY,YES,30-39,M,BLK,0,1,1
HS122300,2010-01-15 20:19:00,2010,1,6,20,ENGLEWOOD,ROBBERY,ROBBERY,YES,30-39,M,BLK,0,1,1
HS124145,2010-01-17 02:53:00,2010,1,1,2,ENGLEWOOD,BATTERY,BATTERY,YES,20-29,M,BLK,0,1,1
HS124145,2010-01-17 02:53:00,2010,1,1,2,ENGLEWOOD,BATTERY,BATTERY,YES,0-19,M,BLK,0,1,1
HS130478,2010-01-21 12:35:00,2010,1,5,12,ENGLEWOOD,ROBBERY,ROBBERY,YES,UNKNOWN,UNKNOWN,UNKNOWN,0,1,1
HS143351,2010-01-30 02:15:00,2010,1,7,2,ENGLEWOOD,BATTERY,BATTERY,YES,20-29,M,BLK,0,1,1
HS143351,2010-01-30 02:15:00,2010,1,7,2,ENGLEWOOD,BATTERY,BATTERY,YES,30-39,M,BLK,0,1,1
HS143351,2010-01-30 02:15:00,2010,1,7,2,ENGLEWOOD,BATTERY,BATTERY,YES,20-29,M,BLK,0,1,1
HS146807,2010-02-01 15:47:00,2010,2,2,15,ENGLEWOOD,BATTERY,BATTERY,YES,UNKNOWN,UNKNOWN,UNKNOWN,0,1,1
HS173837,2010-02-20 19:10:00,2010,2,7,19,ENGLEWOOD,BATTERY,BATTERY,YES,30-39,M,BLK,0,1,1
HS174920,2010-02-21 14:51:00,2010,2,1,14,ENGLEWOOD,BATTERY,BATTERY,YES,0-19,M,BLK,0,1,1
HS184359,2010-02-27 23:50:00,2010,2,7,23,ENGLEWOOD,BATTERY,BATTERY,YES,20-29,M,BLK,0,1,1
HS190609,2010-03-04 04:00:00,2010,3,5,4,ENGLEWOOD,BATTERY,BATTERY,YES,0-19,M,BLK,0,1,1
HS197526,2010-03-08 15:30:00,2010,3,2,15,ENGLEWOOD,ROBBERY,ROBBERY,YES,20-29,M,BLK,0,1,1
HS201283,2010-03-10 19:17:00,2010,3,4,19,ENGLEWOOD,BATTERY,BATTERY,YES,UNKNOWN,UNKNOWN,UNKNOWN,0,1,1
HS207738,2010-03-14 17:30:00,2010,3,1,17,ENGLEWOOD,BATTERY,BATTERY,YES,30-39,M,BLK,0,1,1
HS217618,2010-03-20 16:50:00,2010,3,7,16,ENGLEWOOD,BATTERY,BATTERY,YES,0-19,M,UNKNOWN,0,1,1
HS220862,2010-03-22 20:24:00,2010,3,2,20,ENGLEWOOD,BATTERY,BATTERY,YES,20-29,M,WHI,0,1,1
HS220862,2010-03-22 20:24:00,2010,3,2,20,ENGLEWOOD,BATTERY,BATTERY,YES,20-29,M,BLK,0,1,1
HS222789,2010-03-23 21:50:00,2010,3,3,21,ENGLEWOOD,BATTERY,BATTERY,YES,0-19,M,BLK,0,1,1
HS225939,2010-03-25 13:30:00,2010,3,5,13,ENGLEWOOD,BATTERY,BATTERY,YES,20-29,M,BLK,0,1,1
HS250189,2010-04-10 01:13:00,2010,4,7,1,ENGLEWOOD,BATTERY,BATTERY,YES,0-19,M,BLK,0,1,1
HS252875,2010-04-11 20:15:00,2010,4,1,20,ENGLEWOOD,BATTERY,BATTERY,YES,40-49,M,BLK,0,1,1
HS252875,2010-04-11 20:15:00,2010,4,1,20,ENGLEWOOD,BATTERY,BATTERY,YES,60-69,M,BLK,0,1,1
HS252875,2010-04-11 20:15:00,2010,4,1,20,ENGLEWOOD,BATTERY,BATTERY,YES,30-39,M,BLK,0,1,1
HS252875,2010-04-11 20:15:00,2010,4,1,20,ENGLEWOOD,BATTERY,BATTERY,YES,40-49,M,BLK,0,1,1
HS252875,2010-04-11 20:15:00,2010,4,1,20,ENGLEWOOD,BATTERY,BATTERY,YES,50-59,M,BLK,0,1,1
HS254947,2010-04-13 08:14:00,2010,4,3,8,ENGLEWOOD,BATTERY,BATTERY,YES,0-19,M,BLK,0,1,1
HS254947,2010-04-13 08:14:00,2010,4,3,8,ENGLEWOOD,BATTERY,BATTERY,YES,20-29,M,BLK,0,1,1
HS258005,2010-04-14 22:10:00,2010,4,4,22,ENGLEWOOD,BATTERY,BATTERY,YES,20-29,M,BLK,0,1,1
HS258111,2010-04-14 23:30:00,2010,4,4,23,ENGLEWOOD,ROBBERY,ROBBERY,YES,30-39,M,BLK,0,1,1
HS261399,2010-04-16 17:36:00,2010,4,6,17,ENGLEWOOD,BATTERY,BATTERY,YES,0-19,M,BLK,0,1,1
HS264156,2010-04-18 16:50:00,2010,4,1,16,ENGLEWOOD,BATTERY,BATTERY,YES,20-29,M,BLK,0,1,1
HS270985,2010-04-22 21:06:00,2010,4,5,21,ENGLEWOOD,BATTERY,BATTERY,YES,20-29,M,BLK,0,1,1
HS274694,2010-04-25 02:15:00,2010,4,1,2,ENGLEWOOD,BATTERY,BATTERY,YES,20-29,M,BLK,0,1,1
HS274694,2010-04-25 02:15:00,2010,4,1,2,ENGLEWOOD,BATTERY,BATTERY,YES,20-29,M,BLK,0,1,1
HS283959,2010-04-30 14:00:00,2010,4,6,14,ENGLEWOOD,BATTERY,BATTERY,YES,20-29,M,BLK,0,1,1
HS284441,2010-04-30 18:55:00,2010,4,6,18,ENGLEWOOD,BATTERY,BATTERY,YES,30-39,M,BLK,0,1,1
HS284955,2010-05-01 00:15:00,2010,5,7,0,ENGLEWOOD,BATTERY,BATTERY,YES,20-29,M,BLK,0,1,1
HS289669,2010-05-04 00:01:00,2010,5,3,0,ENGLEWOOD,BATTERY,BATTERY,YES,20-29,M,BLK,0,1,1
HS294900,2010-05-06 21:07:00,2010,5,5,21,ENGLEWOOD,HOMICIDE,HOMICIDE,YES,20-29,M,BLK,1,0,1
HS301336,2010-05-10 22:20:00,2010,5,2,22,ENGLEWOOD,HOMICIDE,HOMICIDE,YES,20-29,M,BLK,1,0,1
HS302204,2010-05-11 13:45:00,2010,5,3,13,ENGLEWOOD,BATTERY,BATTERY,YES,0-19,M,BLK,0,1,1
HS315725,2010-05-19 16:00:00,2010,5,4,16,ENGLEWOOD,BATTERY,BATTERY,YES,20-29,M,BLK,0,1,1
HS317786,2010-05-20 18:50:00,2010,5,5,18,ENGLEWOOD,HOMICIDE,HOMICIDE,YES,30-39,M,BLK,1,0,1
HS319979,2010-05-22 01:30:00,2010,5,7,1,ENGLEWOOD,BATTERY,BATTERY,YES,20-29,M,BLK,0,1,1
HS326368,2010-05-25 20:50:00,2010,5,3,20,ENGLEWOOD,BATTERY,BATTERY,YES,UNKNOWN,UNKNOWN,UNKNOWN,0,1,1
HS326707,2010-05-26 01:40:00,2010,5,4,1,ENGLEWOOD,BATTERY,BATTERY,YES,0-19,M,BLK,0,1,1
HS344684,2010-06-05 19:13:00,2010,6,7,19,ENGLEWOOD,HOMICIDE,HOMICIDE,YES,50-59,M,BLK,1,0,1
HS345029,2010-06-05 23:30:00,2010,6,7,23,ENGLEWOOD,BATTERY,BATTERY,YES,20-29,M,BLK,0,1,1
HS345067,2010-06-06 00:45:00,2010,6,1,0,ENGLEWOOD,HOMICIDE,HOMICIDE,YES,30-39,M,BLK,1,0,1
HS351160,2010-06-09 17:45:00,2010,6,4,17,ENGLEWOOD,BATTERY,BATTERY,YES,30-39,M,BLK,0,1,1
HS371347,2010-06-21 14:45:00,2010,6,2,14,ENGLEWOOD,BATTERY,BATTERY,YES,0-19,M,BLK,0,1,1
HS372737,2010-06-22 11:02:00,2010,6,3,11,ENGLEWOOD,HOMICIDE,HOMICIDE,YES,20-29,M,BLK,1,0,1
HS373986,2010-06-22 22:57:00,2010,6,3,22,ENGLEWOOD,BATTERY,BATTERY,YES,20-29,M,BLK,0,1,1
HS377122,2010-06-24 20:47:00,2010,6,5,20,ENGLEWOOD,BATTERY,BATTERY,YES,20-29,M,BLK,0,1,1
HS379368,2010-06-26 03:20:00,2010,6,7,3,ENGLEWOOD,BATTERY,BATTERY,YES,0-19,M,BLK,0,1,1
HS389602,2010-07-01 22:36:00,2010,7,5,22,ENGLEWOOD,BATTERY,BATTERY,YES,20-29,F,BLK,0,1,1
HS391350,2010-07-02 23:18:00,2010,7,6,23,ENGLEWOOD,BATTERY,BATTERY,YES,0-19,F,BLK,0,1,1
HS393088,2010-07-04 03:09:00,2010,7,1,3,ENGLEWOOD,BATTERY,BATTERY,YES,0-19,M,BLK,0,1,1
HS394515,2010-07-05 04:30:00,2010,7,2,4,ENGLEWOOD,BATTERY,BATTERY,YES,20-29,M,BLK,0,1,1
HS397085,2010-07-06 17:02:00,2010,7,3,17,ENGLEWOOD,BATTERY,BATTERY,YES,20-29,M,BLK,0,1,1
HS401462,2010-07-09 03:20:00,2010,7,6,3,ENGLEWOOD,BATTERY,BATTERY,YES,20-29,M,BLK,0,1,1
HS410964,2010-07-14 20:59:00,2010,7,4,20,ENGLEWOOD,BATTERY,BATTERY,YES,20-29,M,BLK,0,1,1
HS411407,2010-07-15 06:50:00,2010,7,5,6,ENGLEWOOD,HOMICIDE,HOMICIDE,YES,0-19,M,BLK,1,0,1
HS412994,2010-07-16 01:30:00,2010,7,6,1,ENGLEWOOD,BATTERY,BATTERY,YES,20-29,M,BLK,0,1,1
HS413611,2010-07-16 12:55:00,2010,7,6,12,ENGLEWOOD,HOMICIDE,HOMICIDE,NO,30-39,F,BLK,1,0,1
HS441228,2010-08-02 01:33:00,2010,8,2,1,ENGLEWOOD,BATTERY,BATTERY,YES,0-19,M,BLK,0,1,1
HS441246,2010-08-02 02:00:00,2010,8,2,2,ENGLEWOOD,BATTERY,BATTERY,YES,30-39,M,BLK,0,1,1
HS442290,2010-08-02 18:00:00,2010,8,2,18,ENGLEWOOD,HOMICIDE,HOMICIDE,YES,30-39,M,BLK,1,0,1
HS449732,2010-08-06 22:50:00,2010,8,6,22,ENGLEWOOD,BATTERY,BATTERY,YES,20-29,M,BLK,0,1,1
HS449858,2010-08-07 00:47:00,2010,8,7,0,ENGLEWOOD,HOMICIDE,HOMICIDE,YES,20-29,M,BLK,1,0,1
HS451594,2010-08-08 03:30:00,2010,8,1,3,ENGLEWOOD,BATTERY,BATTERY,YES,40-49,M,WHI,0,1,1
HS454812,2010-08-10 03:50:00,2010,8,3,3,ENGLEWOOD,BATTERY,BATTERY,YES,30-39,M,BLK,0,1,1
HS457882,2010-08-11 21:52:00,2010,8,4,21,ENGLEWOOD,BATTERY,BATTERY,YES,0-19,M,BLK,0,1,1
HS468948,2010-08-18 14:31:00,2010,8,4,14,ENGLEWOOD,BATTERY,BATTERY,YES,20-29,M,BLK,0,1,1
HS469315,2010-08-18 17:16:00,2010,8,4,17,ENGLEWOOD,BATTERY,BATTERY,YES,0-19,M,BLK,0,1,1
HS469609,2010-08-18 20:29:00,2010,8,4,20,ENGLEWOOD,BATTERY,BATTERY,YES,20-29,M,BLK,0,1,1
HS474702,2010-08-21 22:10:00,2010,8,7,22,ENGLEWOOD,BATTERY,BATTERY,YES,20-29,M,BLK,0,1,1
HS474768,2010-08-21 23:00:00,2010,8,7,23,ENGLEWOOD,BATTERY,BATTERY,YES,20-29,M,BLK,0,1,1
HS474768,2010-08-21 23:00:00,2010,8,7,23,ENGLEWOOD,BATTERY,BATTERY,YES,0-19,M,BLK,0,1,1
HS475642,2010-08-22 15:02:00,2010,8,1,15,ENGLEWOOD,BATTERY,BATTERY,YES,0-19,M,BLK,0,1,1
HS475642,2010-08-22 15:02:00,2010,8,1,15,ENGLEWOOD,BATTERY,BATTERY,YES,30-39,F,BLK,0,1,1
HS479033,2010-08-24 14:57:00,2010,8,3,14,ENGLEWOOD,BATTERY,BATTERY,YES,0-19,M,BLK,0,1,1
HS479040,2010-08-24 15:07:00,2010,8,3,15,ENGLEWOOD,BATTERY,BATTERY,YES,0-19,M,BLK,0,1,1
HS479040,2010-08-24 15:07:00,2010,8,3,15,ENGLEWOOD,BATTERY,BATTERY,YES,30-39,M,BLK,0,1,1
HS487542,2010-08-29 01:50:00,2010,8,1,1,ENGLEWOOD,ROBBERY,ROBBERY,YES,20-29,M,BLK,0,1,1
HS496490,2010-09-03 02:55:00,2010,9,6,2,ENGLEWOOD,BATTERY,BATTERY,YES,0-19,M,BLK,0,1,1
HS498160,2010-09-04 02:52:00,2010,9,7,2,ENGLEWOOD,HOMICIDE,HOMICIDE,YES,20-29,F,BLK,1,0,1
HS500646,2010-09-05 19:42:00,2010,9,1,19,ENGLEWOOD,BATTERY,BATTERY,YES,0-19,M,BLK,0,1,1
HS501006,2010-09-06 01:00:00,2010,9,2,1,ENGLEWOOD,BATTERY,BATTERY,YES,0-19,M,BLK,0,1,1
HS506204,2010-09-09 01:40:00,2010,9,5,1,ENGLEWOOD,BATTERY,BATTERY,YES,20-29,M,BLK,0,1,1
HS506204,2010-09-09 01:40:00,2010,9,5,1,ENGLEWOOD,BATTERY,BATTERY,YES,20-29,M,BLK,0,1,1
HS508981,2010-09-10 18:37:00,2010,9,6,18,ENGLEWOOD,BATTERY,BATTERY,YES,20-29,M,BLK,0,1,1
HS510454,2010-09-11 17:30:00,2010,9,7,17,ENGLEWOOD,BATTERY,BATTERY,YES,20-29,M,BLK,0,1,1
HS525638,2010-09-20 09:30:00,2010,9,2,9,ENGLEWOOD,BATTERY,BATTERY,YES,70-79,M,BLK,0,1,1
HS530408,2010-09-23 19:00:00,2010,9,5,19,ENGLEWOOD,BATTERY,BATTERY,YES,20-29,M,BLK,0,1,1
HS530408,2010-09-23 19:00:00,2010,9,5,19,ENGLEWOOD,BATTERY,BATTERY,YES,20-29,M,BLK,0,1,1
HS530641,2010-09-23 21:31:00,2010,9,5,21,ENGLEWOOD,BATTERY,BATTERY,YES,30-39,M,BLK,0,1,1
HS530641,2010-09-23 21:31:00,2010,9,5,21,ENGLEWOOD,BATTERY,BATTERY,YES,30-39,M,BLK,0,1,1
HS536244,2010-09-27 12:55:00,2010,9,2,12,ENGLEWOOD,BATTERY,BATTERY,YES,20-29,M,BLK,0,1,1
HS537114,2010-09-27 21:10:00,2010,9,2,21,ENGLEWOOD,BATTERY,BATTERY,YES,20-29,M,BLK,0,1,1
HS545615,2010-10-03 01:58:00,2010,10,1,1,ENGLEWOOD,BATTERY,BATTERY,YES,20-29,M,BLK,0,1,1
HS550931,2010-10-06 15:25:00,2010,10,4,15,ENGLEWOOD,BATTERY,BATTERY,YES,0-19,M,BLK,0,1,1
HS555024,2010-10-08 22:44:00,2010,10,6,22,ENGLEWOOD,BATTERY,BATTERY,YES,20-29,M,BLK,0,1,1
HS557295,2010-10-10 10:30:00,2010,10,1,10,ENGLEWOOD,BATTERY,BATTERY,YES,UNKNOWN,UNKNOWN,UNKNOWN,0,1,1
HS562153,2010-10-13 10:35:00,2010,10,4,10,ENGLEWOOD,BATTERY,BATTERY,YES,30-39,M,BLK,0,1,1
HS567251,2010-10-16 11:05:00,2010,10,7,11,ENGLEWOOD,BATTERY,BATTERY,YES,0-19,M,BLK,0,1,1
HS568080,2010-10-16 21:30:00,2010,10,7,21,ENGLEWOOD,BATTERY,BATTERY,YES,0-19,M,BLK,0,1,1
HS568080,2010-10-16 21:30:00,2010,10,7,21,ENGLEWOOD,BATTERY,BATTERY,YES,0-19,M,BLK,0,1,1
HS568380,2010-10-17 02:17:00,2010,10,1,2,ENGLEWOOD,BATTERY,BATTERY,YES,20-29,M,BLK,0,1,1
HS582868,2010-10-26 02:41:00,2010,10,3,2,ENGLEWOOD,BATTERY,BATTERY,YES,20-29,M,BLK,0,1,1
HS585538,2010-10-27 15:06:00,2010,10,4,15,ENGLEWOOD,BATTERY,BATTERY,YES,0-19,M,BLK,0,1,1
HS588991,2010-10-29 15:55:00,2010,10,6,15,ENGLEWOOD,BATTERY,BATTERY,YES,40-49,M,BLK,0,1,1
HS591094,2010-10-30 21:24:00,2010,10,7,21,ENGLEWOOD,BATTERY,BATTERY,YES,20-29,M,BLK,0,1,1
HS591094,2010-10-30 21:24:00,2010,10,7,21,ENGLEWOOD,BATTERY,BATTERY,YES,20-29,M,BLK,0,1,1
HS596840,2010-11-03 12:09:00,2010,11,4,12,ENGLEWOOD,BATTERY,BATTERY,YES,40-49,M,BLK,0,1,1
HS600811,2010-11-05 16:41:00,2010,11,6,16,ENGLEWOOD,HOMICIDE,HOMICIDE,YES,20-29,M,BLK,1,0,1
HS605356,2010-11-08 16:51:00,2010,11,2,16,ENGLEWOOD,BATTERY,BATTERY,YES,30-39,M,BLK,0,1,1
HS612430,2010-11-12 17:30:00,2010,11,6,17,ENGLEWOOD,BATTERY,BATTERY,YES,0-19,M,BLK,0,1,1
HS625601,2010-11-21 01:57:00,2010,11,1,1,ENGLEWOOD,BATTERY,BATTERY,YES,30-39,M,BLK,0,1,1
HS626678,2010-11-21 21:15:00,2010,11,1,21,ENGLEWOOD,BATTERY,BATTERY,YES,0-19,M,BLK,0,1,1
HS633018,2010-11-26 00:35:00,2010,11,6,0,ENGLEWOOD,BATTERY,BATTERY,YES,30-39,M,BLK,0,1,1
HS645073,2010-12-04 00:20:00,2010,12,7,0,ENGLEWOOD,BATTERY,BATTERY,YES,30-39,M,BLK,0,1,1
HS645215,2010-12-04 04:37:00,2010,12,7,4,ENGLEWOOD,BATTERY,BATTERY,YES,40-49,M,BLK,0,1,1
HS645215,2010-12-04 04:37:00,2010,12,7,4,ENGLEWOOD,BATTERY,BATTERY,YES,30-39,M,BLK,0,1,1
HS645215,2010-12-04 04:37:00,2010,12,7,4,ENGLEWOOD,BATTERY,BATTERY,YES,40-49,M,BLK,0,1,1
HS651513,2010-12-08 14:50:00,2010,12,4,14,ENGLEWOOD,BATTERY,BATTERY,YES,20-29,M,BLK,0,1,1
HS658658,2010-12-13 13:05:00,2010,12,2,13,ENGLEWOOD,BATTERY,BATTERY,YES,0-19,M,BLK,0,1,1
HS662072,2010-12-15 14:20:00,2010,12,4,14,ENGLEWOOD,ROBBERY,ROBBERY,YES,20-29,M,BLK,0,1,1
HS680354,2010-12-29 00:28:00,2010,12,4,0,ENGLEWOOD,BATTERY,BATTERY,YES,0-19,M,BLK,0,1,1
HS681865,2010-12-30 01:10:00,2010,12,5,1,ENGLEWOOD,BATTERY,BATTERY,YES,20-29,M,BLK,0,1,1
HS684556,2010-12-31 23:28:00,2010,12,6,23,ENGLEWOOD,HOMICIDE,HOMICIDE,NO,40-49,M,BLK,1,0,1
HS586272,2010-10-27 21:00:00,2010,10,4,21,FOREST GLEN,HOMICIDE,HOMICIDE,NO,50-59,M,WHI,1,0,1
HS153874,2010-02-06 12:05:00,2010,2,7,12,FULLER PARK,ROBBERY,ROBBERY,YES,50-59,M,BLK,0,1,1
HS237504,2010-04-02 01:23:00,2010,4,6,1,FULLER PARK,BATTERY,BATTERY,YES,30-39,M,BLK,0,1,1
HS237504,2010-04-02 01:23:00,2010,4,6,1,FULLER PARK,BATTERY,BATTERY,YES,20-29,M,BLK,0,1,1
HS237504,2010-04-02 01:23:00,2010,4,6,1,FULLER PARK,BATTERY,BATTERY,YES,30-39,M,BLK,0,1,1
HS313966,2010-05-18 15:35:00,2010,5,3,15,FULLER PARK,HOMICIDE,HOMICIDE,YES,40-49,M,BLK,1,0,1
HS374960,2010-06-23 14:54:00,2010,6,4,14,FULLER PARK,BATTERY,BATTERY,YES,20-29,M,BLK,0,1,1
HS408993,2010-07-13 18:10:00,2010,7,3,18,FULLER PARK,BATTERY,BATTERY,YES,0-19,M,BLK,0,1,1
HS429856,2010-07-25 22:40:00,2010,7,1,22,FULLER PARK,BATTERY,BATTERY,YES,30-39,M,BLK,0,1,1
HS463000,2010-08-14 23:04:00,2010,8,7,23,FULLER PARK,BATTERY,BATTERY,YES,50-59,M,BLK,0,1,1
HS463229,2010-08-15 01:45:00,2010,8,1,1,FULLER PARK,BATTERY,BATTERY,YES,30-39,M,BLK,0,1,1
HS579478,2010-10-23 21:30:00,2010,10,7,21,FULLER PARK,BATTERY,BATTERY,YES,0-19,M,BLK,0,1,1
HS609254,2010-11-10 19:12:00,2010,11,4,19,FULLER PARK,BATTERY,BATTERY,YES,20-29,M,BLK,0,1,1
HS621188,2010-11-18 06:30:00,2010,11,5,6,FULLER PARK,BATTERY,BATTERY,YES,UNKNOWN,UNKNOWN,UNKNOWN,0,1,1
HS113945,2010-01-10 17:39:00,2010,1,1,17,GAGE PARK,BATTERY,BATTERY,YES,0-19,M,BLK,0,1,1
HS132307,2010-01-22 16:00:00,2010,1,6,16,GAGE PARK,BATTERY,BATTERY,YES,0-19,F,BLK,0,1,1
HS134611,2010-01-24 01:43:00,2010,1,1,1,GAGE PARK,BATTERY,BATTERY,YES,40-49,M,BLK,0,1,1
HS140312,2010-01-28 01:00:00,2010,1,5,1,GAGE PARK,BATTERY,BATTERY,YES,0-19,M,BLK,0,1,1
HS144789,2010-01-31 03:00:00,2010,1,1,3,GAGE PARK,BATTERY,BATTERY,YES,0-19,M,WWH,0,1,1
HS144789,2010-01-31 03:00:00,2010,1,1,3,GAGE PARK,BATTERY,BATTERY,YES,0-19,M,WWH,0,1,1
HS161218,2010-02-11 19:25:00,2010,2,5,19,GAGE PARK,BATTERY,BATTERY,YES,20-29,M,BLK,0,1,1
HS163032,2010-02-13 00:16:00,2010,2,7,0,GAGE PARK,BATTERY,BATTERY,YES,20-29,M,BLK,0,1,1
HS165876,2010-02-15 11:15:00,2010,2,2,11,GAGE PARK,BATTERY,BATTERY,YES,UNKNOWN,UNKNOWN,UNKNOWN,0,1,1
HS186496,2010-03-01 14:10:00,2010,3,2,14,GAGE PARK,HOMICIDE,HOMICIDE,NO,20-29,F,WBH,1,0,1
HS212350,2010-03-17 15:24:00,2010,3,4,15,GAGE PARK,BATTERY,BATTERY,YES,20-29,M,WWH,0,1,1
HS212350,2010-03-17 15:24:00,2010,3,4,15,GAGE PARK,BATTERY,BATTERY,YES,0-19,M,UNKNOWN,0,1,1
HS254474,2010-04-12 18:00:00,2010,4,2,18,GAGE PARK,BATTERY,BATTERY,YES,0-19,F,BLK,0,1,1
HS267514,2010-04-20 18:19:00,2010,4,3,18,GAGE PARK,BATTERY,BATTERY,YES,30-39,M,BLK,0,1,1
HS296618,2010-05-07 20:33:00,2010,5,6,20,GAGE PARK,BATTERY,BATTERY,YES,0-19,M,WWH,0,1,1
HS301171,2010-05-10 20:23:00,2010,5,2,20,GAGE PARK,BATTERY,BATTERY,YES,0-19,M,WWH,0,1,1
HS301171,2010-05-10 20:23:00,2010,5,2,20,GAGE PARK,BATTERY,BATTERY,YES,0-19,M,WWH,0,1,1
HS308242,2010-05-14 22:45:00,2010,5,6,22,GAGE PARK,BATTERY,BATTERY,YES,0-19,M,WWH,0,1,1
HS310113,2010-05-16 05:05:00,2010,5,1,5,GAGE PARK,ROBBERY,ROBBERY,YES,0-19,M,WWH,0,1,1
HS310113,2010-05-16 05:05:00,2010,5,1,5,GAGE PARK,ROBBERY,ROBBERY,YES,20-29,M,WWH,0,1,1
HS325264,2010-05-18 14:24:00,2010,5,3,14,GAGE PARK,BATTERY,BATTERY,YES,UNKNOWN,UNKNOWN,UNKNOWN,0,1,1
HS323860,2010-05-24 13:31:00,2010,5,2,13,GAGE PARK,BATTERY,BATTERY,YES,0-19,M,WWH,0,1,1
HS324735,2010-05-24 22:10:00,2010,5,2,22,GAGE PARK,BATTERY,BATTERY,YES,0-19,M,WWH,0,1,1
HS324735,2010-05-24 22:10:00,2010,5,2,22,GAGE PARK,BATTERY,BATTERY,YES,0-19,M,WWH,0,1,1
HS351386,2010-06-09 19:45:00,2010,6,4,19,GAGE PARK,BATTERY,BATTERY,YES,20-29,M,WWH,0,1,1
HS355878,2010-06-12 10:15:00,2010,6,7,10,GAGE PARK,HOMICIDE,HOMICIDE,NO,0-19,M,WWH,1,0,1
HS369006,2010-06-20 02:07:00,2010,6,1,2,GAGE PARK,BATTERY,BATTERY,YES,UNKNOWN,UNKNOWN,UNKNOWN,0,1,1
HS369228,2010-06-20 05:27:00,2010,6,1,5,GAGE PARK,BATTERY,BATTERY,YES,UNKNOWN,UNKNOWN,UNKNOWN,0,1,1
HS380837,2010-06-27 00:10:00,2010,6,1,0,GAGE PARK,HOMICIDE,HOMICIDE,YES,30-39,M,WWH,1,0,1
HS428354,2010-07-25 01:00:00,2010,7,1,1,GAGE PARK,BATTERY,BATTERY,YES,20-29,M,WWH,0,1,1
HS429016,2010-07-25 15:50:00,2010,7,1,15,GAGE PARK,BATTERY,BATTERY,YES,0-19,M,WWH,0,1,1
HS446350,2010-08-05 00:50:00,2010,8,5,0,GAGE PARK,BATTERY,BATTERY,YES,20-29,M,BLK,0,1,1
HS446398,2010-08-05 02:00:00,2010,8,5,2,GAGE PARK,BATTERY,BATTERY,YES,20-29,M,WWH,0,1,1
HS448002,2010-08-05 23:25:00,2010,8,5,23,GAGE PARK,BATTERY,BATTERY,YES,30-39,M,WBH,0,1,1
HS448002,2010-08-05 23:25:00,2010,8,5,23,GAGE PARK,BATTERY,BATTERY,YES,40-49,F,WBH,0,1,1
HS448230,2010-08-06 04:00:00,2010,8,6,4,GAGE PARK,BATTERY,BATTERY,YES,0-19,M,BLK,0,1,1
HS453190,2010-08-09 07:50:00,2010,8,2,7,GAGE PARK,BATTERY,BATTERY,YES,0-19,M,BLK,0,1,1
HS468401,2010-08-18 08:00:00,2010,8,4,8,GAGE PARK,BATTERY,BATTERY,YES,0-19,M,BLK,0,1,1
HS481104,2010-08-25 16:39:00,2010,8,4,16,GAGE PARK,HOMICIDE,HOMICIDE,YES,0-19,M,WWH,1,0,1
HS487375,2010-08-28 23:30:00,2010,8,7,23,GAGE PARK,HOMICIDE,HOMICIDE,YES,0-19,M,WWH,1,0,1
HS494235,2010-09-01 19:28:00,2010,9,4,19,GAGE PARK,BATTERY,BATTERY,YES,0-19,M,WWH,0,1,1
HS494235,2010-09-01 19:28:00,2010,9,4,19,GAGE PARK,BATTERY,BATTERY,YES,20-29,M,WWH,0,1,1
HS505849,2010-09-08 19:58:00,2010,9,4,19,GAGE PARK,HOMICIDE,HOMICIDE,YES,30-39,M,WWH,1,0,1
HS522673,2010-09-19 04:50:00,2010,9,1,4,GAGE PARK,BATTERY,BATTERY,YES,20-29,M,WWH,0,1,1
HS528532,2010-09-22 17:09:00,2010,9,4,17,GAGE PARK,BATTERY,BATTERY,YES,0-19,M,WWH,0,1,1
HS538734,2010-09-28 19:37:00,2010,9,3,19,GAGE PARK,BATTERY,BATTERY,YES,20-29,M,WWH,0,1,1
HS554762,2010-10-08 19:49:00,2010,10,6,19,GAGE PARK,BATTERY,BATTERY,YES,20-29,M,WWH,0,1,1
HS554762,2010-10-08 19:49:00,2010,10,6,19,GAGE PARK,BATTERY,BATTERY,YES,30-39,M,WWH,0,1,1
HS557633,2010-10-10 15:27:00,2010,10,1,15,GAGE PARK,HOMICIDE,HOMICIDE,YES,0-19,M,WWH,1,0,1
HS557633,2010-10-10 15:27:00,2010,10,1,15,GAGE PARK,NON-FATAL,HOMICIDE,YES,0-19,M,WWH,0,1,1
HS574561,2010-10-20 23:30:00,2010,10,4,23,GAGE PARK,BATTERY,BATTERY,YES,20-29,M,WWH,0,1,1
HS633950,2010-11-26 17:08:00,2010,11,6,17,GAGE PARK,BATTERY,BATTERY,YES,20-29,M,WWH,0,1,1
HS643996,2010-12-03 12:00:00,2010,12,6,12,GAGE PARK,ROBBERY,ROBBERY,YES,30-39,M,WWH,0,1,1
HS677233,2010-12-26 19:30:00,2010,12,1,19,GAGE PARK,HOMICIDE,HOMICIDE,YES,20-29,M,WWH,1,0,1
HS113348,2010-01-10 14:20:00,2010,1,1,14,GARFIELD RIDGE,HOMICIDE,HOMICIDE,NO,30-39,F,WWH,1,0,1
HS273145,2010-04-24 03:39:00,2010,4,7,3,GARFIELD RIDGE,ROBBERY,ROBBERY,YES,60-69,F,BLK,0,1,1
HS278642,2010-04-27 11:34:00,2010,4,3,11,GARFIELD RIDGE,BATTERY,BATTERY,YES,20-29,M,BLK,0,1,1
HS542341,2010-10-01 00:50:00,2010,10,6,0,GARFIELD RIDGE,BATTERY,BATTERY,YES,40-49,M,BLK,0,1,1
HS572713,2010-10-19 20:25:00,2010,10,3,20,GARFIELD RIDGE,BATTERY,BATTERY,YES,20-29,M,WHI,0,1,1
HS127991,2010-01-19 18:30:00,2010,1,3,18,GRAND BOULEVARD,BATTERY,BATTERY,YES,20-29,M,BLK,0,1,1
HS201315,2010-03-10 19:42:00,2010,3,4,19,GRAND BOULEVARD,BATTERY,BATTERY,YES,20-29,M,BLK,0,1,1
HS277346,2010-04-26 18:09:00,2010,4,2,18,GRAND BOULEVARD,HOMICIDE,HOMICIDE,YES,30-39,M,BLK,1,0,1
HS294611,2010-05-06 17:45:00,2010,5,5,17,GRAND BOULEVARD,BATTERY,BATTERY,YES,20-29,M,BLK,0,1,1
HS309556,2010-05-15 18:58:00,2010,5,7,18,GRAND BOULEVARD,HOMICIDE,HOMICIDE,YES,0-19,M,BLK,1,0,1
HS315600,2010-05-19 14:16:24,2010,5,4,14,GRAND BOULEVARD,BATTERY,BATTERY,YES,UNKNOWN,UNKNOWN,UNKNOWN,0,1,1
HS323180,2010-05-24 02:59:00,2010,5,2,2,GRAND BOULEVARD,HOMICIDE,HOMICIDE,YES,20-29,M,BLK,1,0,1
HS350729,2010-06-09 13:32:00,2010,6,4,13,GRAND BOULEVARD,HOMICIDE,HOMICIDE,YES,20-29,M,BLK,1,0,1
HS350729,2010-06-09 13:32:00,2010,6,4,13,GRAND BOULEVARD,HOMICIDE,HOMICIDE,YES,20-29,M,BLK,1,0,1
HS395770,2010-07-05 21:49:00,2010,7,2,21,GRAND BOULEVARD,BATTERY,BATTERY,YES,20-29,M,BLK,0,1,1
HS415484,2010-07-18 11:30:00,2010,7,1,11,GRAND BOULEVARD,HOMICIDE,HOMICIDE,NO,0-19,M,BLK,1,0,1
HS441000,2010-08-01 21:42:00,2010,8,1,21,GRAND BOULEVARD,BATTERY,BATTERY,YES,30-39,M,BLK,0,1,1
HS457975,2010-08-11 22:43:00,2010,8,4,22,GRAND BOULEVARD,BATTERY,BATTERY,YES,0-19,M,BLK,0,1,1
HS473377,2010-08-21 01:35:00,2010,8,7,1,GRAND BOULEVARD,HOMICIDE,HOMICIDE,YES,30-39,M,BLK,1,0,1
HS483012,2010-08-26 16:11:00,2010,8,5,16,GRAND BOULEVARD,BATTERY,BATTERY,YES,60-69,M,BLK,0,1,1
HS550809,2010-10-06 14:00:00,2010,10,4,14,GRAND BOULEVARD,BATTERY,BATTERY,YES,20-29,F,BLK,0,1,1
HS550809,2010-10-06 14:00:00,2010,10,4,14,GRAND BOULEVARD,BATTERY,BATTERY,YES,0-19,M,BLK,0,1,1
HS551088,2010-10-06 16:53:00,2010,10,4,16,GRAND BOULEVARD,BATTERY,BATTERY,YES,0-19,M,BLK,0,1,1
HS551418,2010-10-06 20:11:00,2010,10,4,20,GRAND BOULEVARD,BATTERY,BATTERY,YES,0-19,M,BLK,0,1,1
HS551418,2010-10-06 20:11:00,2010,10,4,20,GRAND BOULEVARD,BATTERY,BATTERY,YES,0-19,M,BLK,0,1,1
HS572168,2010-10-19 15:02:00,2010,10,3,15,GRAND BOULEVARD,BATTERY,BATTERY,YES,0-19,M,BLK,0,1,1
HS597260,2010-11-03 16:34:00,2010,11,4,16,GRAND BOULEVARD,HOMICIDE,HOMICIDE,YES,0-19,M,BLK,1,0,1
HS597260,2010-11-03 16:34:00,2010,11,4,16,GRAND BOULEVARD,BATTERY,HOMICIDE,YES,0-19,M,BLK,0,1,1
HS636715,2010-11-28 18:25:00,2010,11,1,18,GRAND BOULEVARD,BATTERY,BATTERY,YES,0-19,M,BLK,0,1,1
HS637383,2010-11-29 09:55:00,2010,11,2,9,GRAND BOULEVARD,BATTERY,BATTERY,YES,20-29,M,BLK,0,1,1
HS639831,2010-11-30 17:12:00,2010,11,3,17,GRAND BOULEVARD,BATTERY,BATTERY,YES,0-19,M,BLK,0,1,1
HS663944,2010-12-16 18:00:00,2010,12,5,18,GRAND BOULEVARD,HOMICIDE,HOMICIDE,YES,20-29,M,BLK,1,0,1
HS670403,2010-12-21 11:30:00,2010,12,3,11,GRAND BOULEVARD,BATTERY,BATTERY,YES,0-19,M,BLK,0,1,1
HS681439,2010-12-29 18:20:00,2010,12,4,18,GRAND BOULEVARD,BATTERY,BATTERY,YES,20-29,M,BLK,0,1,1
HS103194,2010-01-03 14:12:00,2010,1,1,14,GREATER GRAND CROSSING,BATTERY,HOMICIDE,YES,20-29,M,BLK,0,1,1
HS103194,2010-01-03 14:12:00,2010,1,1,14,GREATER GRAND CROSSING,HOMICIDE,HOMICIDE,YES,20-29,M,BLK,1,0,1
HS104234,2010-01-04 11:00:00,2010,1,2,11,GREATER GRAND CROSSING,BATTERY,BATTERY,YES,30-39,M,BLK,0,1,1
HS110088,2010-01-07 23:10:00,2010,1,5,23,GREATER GRAND CROSSING,BATTERY,BATTERY,YES,20-29,M,BLK,0,1,1
HS110088,2010-01-07 23:10:00,2010,1,5,23,GREATER GRAND CROSSING,BATTERY,BATTERY,YES,20-29,M,BLK,0,1,1
HS116692,2010-01-12 13:00:00,2010,1,3,13,GREATER GRAND CROSSING,HOMICIDE,HOMICIDE,NO,50-59,F,BLK,1,0,1
HS123276,2010-01-16 14:12:00,2010,1,7,14,GREATER GRAND CROSSING,BATTERY,BATTERY,YES,UNKNOWN,UNKNOWN,UNKNOWN,0,1,1
HS126174,2010-01-18 16:05:00,2010,1,2,16,GREATER GRAND CROSSING,BATTERY,BATTERY,YES,UNKNOWN,UNKNOWN,UNKNOWN,0,1,1
HS129937,2010-01-20 23:10:00,2010,1,4,23,GREATER GRAND CROSSING,BATTERY,BATTERY,YES,30-39,F,BLK,0,1,1
HS129937,2010-01-20 23:10:00,2010,1,4,23,GREATER GRAND CROSSING,BATTERY,BATTERY,YES,20-29,M,BLK,0,1,1
HS129937,2010-01-20 23:10:00,2010,1,4,23,GREATER GRAND CROSSING,BATTERY,BATTERY,YES,20-29,M,BLK,0,1,1
HS137251,2010-01-26 00:01:00,2010,1,3,0,GREATER GRAND CROSSING,ROBBERY,ROBBERY,YES,0-19,F,UNKNOWN,0,1,1
HS137414,2010-01-26 07:30:00,2010,1,3,7,GREATER GRAND CROSSING,ROBBERY,ROBBERY,YES,20-29,M,API,0,1,1
HS139646,2010-01-27 14:24:00,2010,1,4,14,GREATER GRAND CROSSING,BATTERY,BATTERY,YES,20-29,M,BLK,0,1,1
HS143410,2010-01-30 04:00:00,2010,1,7,4,GREATER GRAND CROSSING,BATTERY,BATTERY,YES,UNKNOWN,UNKNOWN,UNKNOWN,0,1,1
HS154766,2010-02-07 00:55:00,2010,2,1,0,GREATER GRAND CROSSING,BATTERY,BATTERY,YES,0-19,M,BLK,0,1,1
HS154766,2010-02-07 00:55:00,2010,2,1,0,GREATER GRAND CROSSING,BATTERY,BATTERY,YES,20-29,M,BLK,0,1,1
HS154766,2010-02-07 00:55:00,2010,2,1,0,GREATER GRAND CROSSING,BATTERY,BATTERY,YES,0-19,M,BLK,0,1,1
HS154766,2010-02-07 00:55:00,2010,2,1,0,GREATER GRAND CROSSING,BATTERY,BATTERY,YES,0-19,M,BLK,0,1,1
HS173256,2010-02-20 09:40:00,2010,2,7,9,GREATER GRAND CROSSING,BATTERY,BATTERY,YES,0-19,M,BLK,0,1,1
HS173414,2010-02-20 13:18:00,2010,2,7,13,GREATER GRAND CROSSING,HOMICIDE,HOMICIDE,YES,30-39,M,BLK,1,0,1
HS216766,2010-03-20 03:05:00,2010,3,7,3,GREATER GRAND CROSSING,BATTERY,BATTERY,YES,30-39,M,BLK,0,1,1
HS238692,2010-04-02 19:35:00,2010,4,6,19,GREATER GRAND CROSSING,HOMICIDE,HOMICIDE,YES,0-19,M,BLK,1,0,1
HS238772,2010-04-02 21:02:00,2010,4,6,21,GREATER GRAND CROSSING,BATTERY,BATTERY,YES,30-39,M,BLK,0,1,1
HS253020,2010-04-11 22:39:00,2010,4,1,22,GREATER GRAND CROSSING,BATTERY,BATTERY,YES,20-29,M,BLK,0,1,1
HS259430,2010-04-15 17:57:00,2010,4,5,17,GREATER GRAND CROSSING,HOMICIDE,HOMICIDE,YES,20-29,M,BLK,1,0,1
HS259852,2010-04-15 22:25:00,2010,4,5,22,GREATER GRAND CROSSING,HOMICIDE,HOMICIDE,YES,20-29,M,BLK,1,0,1
HS261900,2010-04-17 04:17:00,2010,4,7,4,GREATER GRAND CROSSING,BATTERY,BATTERY,YES,20-29,M,BLK,0,1,1
HS282301,2010-04-29 14:45:00,2010,4,5,14,GREATER GRAND CROSSING,BATTERY,BATTERY,YES,30-39,M,BLK,0,1,1
HS286572,2010-05-02 02:37:00,2010,5,1,2,GREATER GRAND CROSSING,BATTERY,BATTERY,YES,0-19,M,BLK,0,1,1
HS288769,2010-05-03 14:50:00,2010,5,2,14,GREATER GRAND CROSSING,BATTERY,BATTERY,YES,20-29,M,BLK,0,1,1
HS288769,2010-05-03 14:50:00,2010,5,2,14,GREATER GRAND CROSSING,BATTERY,BATTERY,YES,0-19,F,BLK,0,1,1
HS296034,2010-05-07 15:24:00,2010,5,6,15,GREATER GRAND CROSSING,BATTERY,BATTERY,YES,20-29,M,BLK,0,1,1
HS306975,2010-05-14 10:23:00,2010,5,6,10,GREATER GRAND CROSSING,ROBBERY,ROBBERY,YES,40-49,M,BLK,0,1,1
HS333275,2010-05-29 19:28:00,2010,5,7,19,GREATER GRAND CROSSING,BATTERY,BATTERY,YES,0-19,M,BLK,0,1,1
HS337170,2010-05-31 08:50:00,2010,5,2,8,GREATER GRAND CROSSING,HOMICIDE,HOMICIDE,YES,20-29,M,BLK,1,0,1
HS347622,2010-06-07 11:00:00,2010,6,2,11,GREATER GRAND CROSSING,BATTERY,BATTERY,YES,UNKNOWN,UNKNOWN,UNKNOWN,0,1,1
HS349671,2010-06-08 17:00:00,2010,6,3,17,GREATER GRAND CROSSING,BATTERY,BATTERY,YES,0-19,M,BLK,0,1,1
HS357245,2010-06-13 03:22:00,2010,6,1,3,GREATER GRAND CROSSING,HOMICIDE,HOMICIDE,YES,20-29,M,BLK,1,0,1
HS358546,2010-06-14 04:30:00,2010,6,2,4,GREATER GRAND CROSSING,BATTERY,BATTERY,YES,30-39,M,BLK,0,1,1
HS363301,2010-06-16 18:32:00,2010,6,4,18,GREATER GRAND CROSSING,BATTERY,BATTERY,YES,0-19,M,BLK,0,1,1
HS364710,2010-06-17 15:10:00,2010,6,5,15,GREATER GRAND CROSSING,ROBBERY,ROBBERY,YES,30-39,M,BLK,0,1,1
HS365118,2010-06-17 19:30:00,2010,6,5,19,GREATER GRAND CROSSING,BATTERY,BATTERY,YES,0-19,M,BLK,0,1,1
HS372210,2010-06-21 22:35:00,2010,6,2,22,GREATER GRAND CROSSING,ROBBERY,ROBBERY,YES,50-59,M,BLK,0,1,1
HS376113,2010-06-24 10:35:00,2010,6,5,10,GREATER GRAND CROSSING,BATTERY,BATTERY,YES,20-29,M,BLK,0,1,1
HS383401,2010-06-28 11:00:00,2010,6,2,11,GREATER GRAND CROSSING,BATTERY,BATTERY,YES,30-39,M,BLK,0,1,1
HS391679,2010-07-03 02:30:00,2010,7,7,2,GREATER GRAND CROSSING,BATTERY,BATTERY,YES,20-29,M,BLK,0,1,1
HS391598,2010-07-03 02:30:00,2010,7,7,2,GREATER GRAND CROSSING,BATTERY,BATTERY,YES,20-29,M,BLK,0,1,1
HS394110,2010-07-04 22:15:00,2010,7,1,22,GREATER GRAND CROSSING,BATTERY,BATTERY,YES,0-19,M,BLK,0,1,1
HS402715,2010-07-09 20:02:00,2010,7,6,20,GREATER GRAND CROSSING,BATTERY,BATTERY,YES,0-19,M,BLK,0,1,1
HS414975,2010-07-17 05:28:00,2010,7,7,5,GREATER GRAND CROSSING,BATTERY,BATTERY,YES,20-29,M,BLK,0,1,1
HS416020,2010-07-17 19:47:00,2010,7,7,19,GREATER GRAND CROSSING,BATTERY,BATTERY,YES,0-19,M,BLK,0,1,1
HS416526,2010-07-18 03:14:00,2010,7,1,3,GREATER GRAND CROSSING,BATTERY,BATTERY,YES,30-39,M,BLK,0,1,1
HS416643,2010-07-18 06:00:00,2010,7,1,6,GREATER GRAND CROSSING,HOMICIDE,HOMICIDE,YES,60-69,M,BLK,1,0,1
HS417909,2010-07-18 23:55:00,2010,7,1,23,GREATER GRAND CROSSING,BATTERY,BATTERY,YES,0-19,F,BLK,0,1,1
HS424681,2010-07-22 21:29:00,2010,7,5,21,GREATER GRAND CROSSING,BATTERY,BATTERY,YES,20-29,M,BLK,0,1,1
HS441297,2010-08-02 03:23:00,2010,8,2,3,GREATER GRAND CROSSING,BATTERY,BATTERY,YES,20-29,M,BLK,0,1,1
HS442251,2010-08-02 17:34:00,2010,8,2,17,GREATER GRAND CROSSING,BATTERY,BATTERY,YES,20-29,M,BLK,0,1,1
HS451419,2010-08-08 00:15:00,2010,8,1,0,GREATER GRAND CROSSING,BATTERY,BATTERY,YES,20-29,M,BLK,0,1,1
HS474261,2010-08-21 15:48:00,2010,8,7,15,GREATER GRAND CROSSING,ROBBERY,ROBBERY,YES,20-29,M,BLK,0,1,1
HS477382,2010-08-23 15:45:00,2010,8,2,15,GREATER GRAND CROSSING,BATTERY,BATTERY,YES,0-19,M,BLK,0,1,1
HS480135,2010-08-25 03:41:00,2010,8,4,3,GREATER GRAND CROSSING,HOMICIDE,HOMICIDE,NO,40-49,F,BLK,1,0,1
HS481845,2010-08-25 23:35:00,2010,8,4,23,GREATER GRAND CROSSING,HOMICIDE,HOMICIDE,YES,20-29,M,BLK,1,0,1
HS486686,2010-08-28 15:20:00,2010,8,7,15,GREATER GRAND CROSSING,BATTERY,BATTERY,YES,50-59,M,BLK,0,1,1
HS489081,2010-08-29 23:56:00,2010,8,1,23,GREATER GRAND CROSSING,BATTERY,BATTERY,YES,20-29,M,BLK,0,1,1
HS495470,2010-09-02 14:14:00,2010,9,5,14,GREATER GRAND CROSSING,HOMICIDE,HOMICIDE,YES,0-19,M,BLK,1,0,1
HS500062,2010-09-05 12:03:00,2010,9,1,12,GREATER GRAND CROSSING,BATTERY,BATTERY,YES,30-39,M,BLK,0,1,1
HS501807,2010-09-06 15:55:00,2010,9,2,15,GREATER GRAND CROSSING,BATTERY,BATTERY,YES,0-19,M,BLK,0,1,1
HS501807,2010-09-06 15:55:00,2010,9,2,15,GREATER GRAND CROSSING,BATTERY,BATTERY,YES,0-19,M,BLK,0,1,1
HS504352,2010-09-07 23:00:00,2010,9,3,23,GREATER GRAND CROSSING,BATTERY,BATTERY,YES,20-29,M,API,0,1,1
HS504241,2010-09-07 23:22:00,2010,9,3,23,GREATER GRAND CROSSING,BATTERY,BATTERY,YES,0-19,M,BLK,0,1,1
HS507030,2010-09-09 15:07:00,2010,9,5,15,GREATER GRAND CROSSING,BATTERY,BATTERY,YES,0-19,M,BLK,0,1,1
HS507030,2010-09-09 15:07:00,2010,9,5,15,GREATER GRAND CROSSING,BATTERY,BATTERY,YES,0-19,M,BLK,0,1,1
HS507556,2010-09-09 20:51:00,2010,9,5,20,GREATER GRAND CROSSING,BATTERY,BATTERY,YES,0-19,M,BLK,0,1,1
HS513964,2010-09-13 22:01:00,2010,9,2,22,GREATER GRAND CROSSING,BATTERY,BATTERY,YES,20-29,M,BLK,0,1,1
HS516702,2010-09-15 15:18:00,2010,9,4,15,GREATER GRAND CROSSING,BATTERY,BATTERY,YES,20-29,M,BLK,0,1,1
HS524794,2010-09-20 16:04:00,2010,9,2,16,GREATER GRAND CROSSING,BATTERY,BATTERY,YES,0-19,M,BLK,0,1,1
HS529020,2010-09-22 22:19:00,2010,9,4,22,GREATER GRAND CROSSING,BATTERY,BATTERY,YES,0-19,M,BLK,0,1,1
HS529055,2010-09-22 23:00:00,2010,9,4,23,GREATER GRAND CROSSING,BATTERY,BATTERY,YES,0-19,M,BLK,0,1,1
HS532655,2010-09-25 00:58:00,2010,9,7,0,GREATER GRAND CROSSING,BATTERY,BATTERY,YES,20-29,M,BLK,0,1,1
HS540405,2010-09-29 20:00:00,2010,9,4,20,GREATER GRAND CROSSING,HOMICIDE,HOMICIDE,YES,20-29,M,BLK,1,0,1
HS541937,2010-09-30 18:30:00,2010,9,5,18,GREATER GRAND CROSSING,HOMICIDE,HOMICIDE,YES,0-19,M,BLK,1,0,1
HS549409,2010-10-05 16:41:00,2010,10,3,16,GREATER GRAND CROSSING,BATTERY,BATTERY,YES,0-19,M,BLK,0,1,1
HS549569,2010-10-05 17:15:00,2010,10,3,17,GREATER GRAND CROSSING,BATTERY,BATTERY,YES,20-29,M,BLK,0,1,1
HS559227,2010-10-11 15:40:00,2010,10,2,15,GREATER GRAND CROSSING,ROBBERY,ROBBERY,YES,30-39,M,BLK,0,1,1
HS562743,2010-10-13 15:00:00,2010,10,4,15,GREATER GRAND CROSSING,BATTERY,BATTERY,YES,20-29,M,WBH,0,1,1
HS569479,2010-10-14 19:15:00,2010,10,5,19,GREATER GRAND CROSSING,BATTERY,BATTERY,YES,40-49,M,BLK,0,1,1
HS565134,2010-10-15 05:09:00,2010,10,6,5,GREATER GRAND CROSSING,BATTERY,BATTERY,YES,20-29,M,BLK,0,1,1
HS578130,2010-10-23 02:06:00,2010,10,7,2,GREATER GRAND CROSSING,ROBBERY,ROBBERY,YES,0-19,M,BLK,0,1,1
HS578130,2010-10-23 02:06:00,2010,10,7,2,GREATER GRAND CROSSING,ROBBERY,ROBBERY,YES,20-29,M,BLK,0,1,1
HS578130,2010-10-23 02:06:00,2010,10,7,2,GREATER GRAND CROSSING,ROBBERY,ROBBERY,YES,20-29,M,BLK,0,1,1
HS591539,2010-10-31 04:35:00,2010,10,1,4,GREATER GRAND CROSSING,BATTERY,BATTERY,YES,30-39,M,BLK,0,1,1
HS599237,2010-11-04 18:15:00,2010,11,5,18,GREATER GRAND CROSSING,BATTERY,BATTERY,YES,20-29,M,BLK,0,1,1
HS602182,2010-11-06 15:35:00,2010,11,7,15,GREATER GRAND CROSSING,BATTERY,BATTERY,YES,30-39,M,BLK,0,1,1
HS610552,2010-11-11 15:42:00,2010,11,5,15,GREATER GRAND CROSSING,ROBBERY,ROBBERY,YES,30-39,M,BLK,0,1,1
HS612604,2010-11-12 19:28:00,2010,11,6,19,GREATER GRAND CROSSING,BATTERY,BATTERY,YES,20-29,M,BLK,0,1,1
HS613107,2010-11-13 03:56:00,2010,11,7,3,GREATER GRAND CROSSING,BATTERY,BATTERY,YES,30-39,F,BLK,0,1,1
HS614410,2010-11-14 00:26:00,2010,11,1,0,GREATER GRAND CROSSING,BATTERY,BATTERY,YES,20-29,M,BLK,0,1,1
HS615655,2010-11-14 19:45:00,2010,11,1,19,GREATER GRAND CROSSING,BATTERY,BATTERY,YES,20-29,F,BLK,0,1,1
HS622317,2010-11-18 20:40:00,2010,11,5,20,GREATER GRAND CROSSING,BATTERY,BATTERY,YES,20-29,M,BLK,0,1,1
HS635516,2010-11-27 20:41:00,2010,11,7,20,GREATER GRAND CROSSING,BATTERY,BATTERY,YES,20-29,M,BLK,0,1,1
HS667487,2010-12-19 05:10:00,2010,12,1,5,GREATER GRAND CROSSING,BATTERY,BATTERY,YES,30-39,M,BLK,0,1,1
HS674194,2010-12-23 20:30:00,2010,12,5,20,GREATER GRAND CROSSING,BATTERY,BATTERY,YES,30-39,M,BLK,0,1,1
HS675138,2010-12-24 12:00:00,2010,12,6,12,GREATER GRAND CROSSING,BATTERY,BATTERY,YES,20-29,M,BLK,0,1,1
HS281129,2010-04-28 21:09:00,2010,4,4,21,HEGEWISCH,BATTERY,BATTERY,YES,0-19,M,WWH,0,1,1
HS281129,2010-04-28 21:09:00,2010,4,4,21,HEGEWISCH,BATTERY,BATTERY,YES,0-19,F,WHI,0,1,1
HS636445,2010-11-28 13:30:00,2010,11,1,13,HEGEWISCH,BATTERY,BATTERY,YES,20-29,F,WHI,0,1,1
HS119205,2010-01-14 00:44:00,2010,1,5,0,HERMOSA,BATTERY,BATTERY,YES,0-19,M,WWH,0,1,1
HS119205,2010-01-14 00:44:00,2010,1,5,0,HERMOSA,BATTERY,BATTERY,YES,0-19,M,WWH,0,1,1
HS133028,2010-01-23 00:27:00,2010,1,7,0,HERMOSA,BATTERY,BATTERY,YES,0-19,M,WHI,0,1,1
HS161284,2010-02-11 20:28:00,2010,2,5,20,HERMOSA,BATTERY,BATTERY,YES,0-19,M,WWH,0,1,1
HS161284,2010-02-11 20:28:00,2010,2,5,20,HERMOSA,BATTERY,BATTERY,YES,0-19,M,WWH,0,1,1
HS172980,2010-02-20 04:30:00,2010,2,7,4,HERMOSA,BATTERY,BATTERY,YES,20-29,M,WWH,0,1,1
HS172980,2010-02-20 04:30:00,2010,2,7,4,HERMOSA,BATTERY,BATTERY,YES,20-29,M,WHI,0,1,1
HS214359,2010-03-18 18:48:00,2010,3,5,18,HERMOSA,BATTERY,BATTERY,YES,20-29,M,WWH,0,1,1
HS257950,2010-04-14 21:24:00,2010,4,4,21,HERMOSA,BATTERY,BATTERY,YES,20-29,M,WWH,0,1,1
HS320049,2010-05-22 02:44:00,2010,5,7,2,HERMOSA,BATTERY,BATTERY,YES,20-29,M,WWH,0,1,1
HS339261,2010-06-02 16:13:00,2010,6,4,16,HERMOSA,BATTERY,BATTERY,YES,20-29,M,WHI,0,1,1
HS371929,2010-06-21 20:04:00,2010,6,2,20,HERMOSA,BATTERY,HOMICIDE,YES,20-29,F,WWH,0,1,1
HS371929,2010-06-21 20:04:00,2010,6,2,20,HERMOSA,HOMICIDE,HOMICIDE,YES,30-39,M,WWH,1,0,1
HS379280,2010-06-26 01:30:00,2010,6,7,1,HERMOSA,BATTERY,BATTERY,YES,0-19,M,WWH,0,1,1
HS386604,2010-06-30 10:55:00,2010,6,4,10,HERMOSA,BATTERY,BATTERY,YES,0-19,M,WWH,0,1,1
HS393186,2010-07-04 05:05:00,2010,7,1,5,HERMOSA,BATTERY,BATTERY,YES,30-39,M,BLK,0,1,1
HS441137,2010-08-01 23:27:00,2010,8,1,23,HERMOSA,BATTERY,BATTERY,YES,20-29,M,BLK,0,1,1
HS466443,2010-08-17 00:07:00,2010,8,3,0,HERMOSA,NON-FATAL,HOMICIDE,YES,20-29,M,WWH,0,1,1
HS466443,2010-08-17 00:07:00,2010,8,3,0,HERMOSA,NON-FATAL,HOMICIDE,YES,30-39,M,WWH,0,1,1
HS466443,2010-08-17 00:07:00,2010,8,3,0,HERMOSA,HOMICIDE,HOMICIDE,YES,20-29,M,WWH,1,0,1
HS492723,2010-08-31 22:52:00,2010,8,3,22,HERMOSA,BATTERY,BATTERY,YES,20-29,M,WHI,0,1,1
HS510837,2010-09-11 23:18:00,2010,9,7,23,HERMOSA,BATTERY,BATTERY,YES,20-29,M,UNKNOWN,0,1,1
HS517492,2010-09-16 01:07:00,2010,9,5,1,HERMOSA,BATTERY,BATTERY,YES,20-29,M,WWH,0,1,1
HS523835,2010-09-19 23:00:00,2010,9,1,23,HERMOSA,BATTERY,BATTERY,YES,20-29,M,WHI,0,1,1
HS544223,2010-10-02 08:05:00,2010,10,7,8,HERMOSA,BATTERY,BATTERY,YES,30-39,M,WWH,0,1,1
HS609699,2010-11-10 12:45:00,2010,11,4,12,HERMOSA,BATTERY,BATTERY,YES,20-29,M,WWH,0,1,1
HS100445,2010-01-01 06:09:00,2010,1,6,6,HUMBOLDT PARK,BATTERY,BATTERY,YES,20-29,M,BLK,0,1,1
HS100912,2010-01-01 15:06:00,2010,1,6,15,HUMBOLDT PARK,BATTERY,BATTERY,YES,40-49,M,BLK,0,1,1
HS108656,2010-01-07 03:40:00,2010,1,5,3,HUMBOLDT PARK,BATTERY,HOMICIDE,YES,0-19,M,WWH,0,1,1
HS108656,2010-01-07 03:40:00,2010,1,5,3,HUMBOLDT PARK,HOMICIDE,HOMICIDE,YES,20-29,M,WWH,1,0,1
HS112109,2010-01-09 10:50:00,2010,1,7,10,HUMBOLDT PARK,BATTERY,BATTERY,YES,20-29,M,WWH,0,1,1
HS112109,2010-01-09 10:50:00,2010,1,7,10,HUMBOLDT PARK,BATTERY,BATTERY,YES,20-29,M,WWH,0,1,1
HS112924,2010-01-09 21:28:00,2010,1,7,21,HUMBOLDT PARK,BATTERY,BATTERY,YES,0-19,M,WWH,0,1,1
HS115397,2010-01-11 15:47:00,2010,1,2,15,HUMBOLDT PARK,BATTERY,BATTERY,YES,0-19,M,BLK,0,1,1
HS118133,2010-01-13 12:33:42,2010,1,4,12,HUMBOLDT PARK,BATTERY,BATTERY,YES,20-29,M,BLK,0,1,1
HS121793,2010-01-15 15:40:00,2010,1,6,15,HUMBOLDT PARK,BATTERY,BATTERY,YES,20-29,M,BLK,0,1,1
HS130559,2010-01-21 13:34:00,2010,1,5,13,HUMBOLDT PARK,BATTERY,BATTERY,YES,20-29,M,BLK,0,1,1
HS131581,2010-01-21 22:53:00,2010,1,5,22,HUMBOLDT PARK,BATTERY,BATTERY,YES,UNKNOWN,UNKNOWN,UNKNOWN,0,1,1
HS131582,2010-01-22 02:30:00,2010,1,6,2,HUMBOLDT PARK,HOMICIDE,HOMICIDE,YES,40-49,M,BLK,1,0,1
HS132694,2010-01-22 19:21:00,2010,1,6,19,HUMBOLDT PARK,BATTERY,BATTERY,YES,UNKNOWN,UNKNOWN,UNKNOWN,0,1,1
HS134178,2010-01-23 18:53:00,2010,1,7,18,HUMBOLDT PARK,HOMICIDE,HOMICIDE,YES,20-29,M,BLK,1,0,1
HS146640,2010-02-01 13:42:00,2010,2,2,13,HUMBOLDT PARK,HOMICIDE,HOMICIDE,YES,0-19,M,BLK,1,0,1
HS148408,2010-02-02 17:10:00,2010,2,3,17,HUMBOLDT PARK,BATTERY,BATTERY,YES,40-49,M,BLK,0,1,1
HS169499,2010-02-17 19:59:00,2010,2,4,19,HUMBOLDT PARK,BATTERY,BATTERY,YES,20-29,M,BLK,0,1,1
HS174391,2010-02-21 04:15:00,2010,2,1,4,HUMBOLDT PARK,BATTERY,HOMICIDE,YES,0-19,M,WWH,0,1,1
HS174391,2010-02-21 04:15:00,2010,2,1,4,HUMBOLDT PARK,HOMICIDE,HOMICIDE,YES,0-19,M,WWH,1,0,1
HS174391,2010-02-21 04:15:00,2010,2,1,4,HUMBOLDT PARK,BATTERY,HOMICIDE,YES,0-19,M,WWH,0,1,1
HS177297,2010-02-23 10:34:00,2010,2,3,10,HUMBOLDT PARK,BATTERY,BATTERY,YES,20-29,M,BLK,0,1,1
HS179078,2010-02-24 12:49:00,2010,2,4,12,HUMBOLDT PARK,BATTERY,BATTERY,YES,0-19,M,WBH,0,1,1
HS193412,2010-03-05 18:55:00,2010,3,6,18,HUMBOLDT PARK,BATTERY,BATTERY,YES,20-29,M,BLK,0,1,1
HS193969,2010-03-06 04:00:00,2010,3,7,4,HUMBOLDT PARK,BATTERY,BATTERY,YES,UNKNOWN,UNKNOWN,UNKNOWN,0,1,1
HS194006,2010-03-06 04:21:00,2010,3,7,4,HUMBOLDT PARK,BATTERY,BATTERY,YES,UNKNOWN,UNKNOWN,UNKNOWN,0,1,1
HS200965,2010-03-10 16:22:00,2010,3,4,16,HUMBOLDT PARK,BATTERY,BATTERY,YES,UNKNOWN,UNKNOWN,UNKNOWN,0,1,1
HS204230,2010-03-12 14:24:00,2010,3,6,14,HUMBOLDT PARK,HOMICIDE,HOMICIDE,YES,30-39,M,BLK,1,0,1
HS214392,2010-03-18 19:00:00,2010,3,5,19,HUMBOLDT PARK,BATTERY,BATTERY,YES,0-19,M,WWH,0,1,1
HS214392,2010-03-18 19:00:00,2010,3,5,19,HUMBOLDT PARK,BATTERY,BATTERY,YES,0-19,M,BLK,0,1,1
HS215591,2010-03-19 13:10:00,2010,3,6,13,HUMBOLDT PARK,BATTERY,BATTERY,YES,20-29,M,WWH,0,1,1
HS216770,2010-03-20 03:03:00,2010,3,7,3,HUMBOLDT PARK,BATTERY,BATTERY,YES,30-39,M,BLK,0,1,1
HS224170,2010-03-24 19:46:00,2010,3,4,19,HUMBOLDT PARK,HOMICIDE,HOMICIDE,YES,0-19,M,BLK,1,0,1
HS231670,2010-03-29 16:06:00,2010,3,2,16,HUMBOLDT PARK,HOMICIDE,HOMICIDE,YES,20-29,M,BLK,1,0,1
HS234047,2010-03-31 02:55:00,2010,3,4,2,HUMBOLDT PARK,BATTERY,BATTERY,YES,30-39,M,BLK,0,1,1
HS237478,2010-04-02 00:30:00,2010,4,6,0,HUMBOLDT PARK,BATTERY,BATTERY,YES,UNKNOWN,UNKNOWN,UNKNOWN,0,1,1
HS238877,2010-04-02 22:10:00,2010,4,6,22,HUMBOLDT PARK,BATTERY,BATTERY,YES,0-19,M,BLK,0,1,1
HS245279,2010-04-07 03:15:00,2010,4,4,3,HUMBOLDT PARK,BATTERY,BATTERY,YES,20-29,M,WWH,0,1,1
HS245279,2010-04-07 03:15:00,2010,4,4,3,HUMBOLDT PARK,BATTERY,BATTERY,YES,20-29,M,WWH,0,1,1
HS249151,2010-04-09 13:22:00,2010,4,6,13,HUMBOLDT PARK,BATTERY,BATTERY,YES,UNKNOWN,M,BLK,0,1,1
HS249151,2010-04-09 13:22:00,2010,4,6,13,HUMBOLDT PARK,BATTERY,BATTERY,YES,30-39,M,BLK,0,1,1
HS254264,2010-04-12 18:30:00,2010,4,2,18,HUMBOLDT PARK,HOMICIDE,HOMICIDE,YES,0-19,M,BLK,1,0,1
HS272959,2010-04-23 23:40:00,2010,4,6,23,HUMBOLDT PARK,BATTERY,BATTERY,YES,20-29,M,BLK,0,1,1
HS273811,2010-04-24 14:13:00,2010,4,7,14,HUMBOLDT PARK,HOMICIDE,HOMICIDE,YES,20-29,M,BLK,1,0,1
HS273811,2010-04-24 14:13:00,2010,4,7,14,HUMBOLDT PARK,NON-FATAL,HOMICIDE,YES,20-29,M,BLK,0,1,1
HS283019,2010-04-29 23:20:00,2010,4,5,23,HUMBOLDT PARK,BATTERY,BATTERY,YES,20-29,F,BLK,0,1,1
HS283019,2010-04-29 23:20:00,2010,4,5,23,HUMBOLDT PARK,BATTERY,BATTERY,YES,20-29,M,BLK,0,1,1
HS308427,2010-05-15 01:47:00,2010,5,7,1,HUMBOLDT PARK,BATTERY,BATTERY,YES,20-29,M,BLK,0,1,1
HS309684,2010-05-15 20:47:00,2010,5,7,20,HUMBOLDT PARK,BATTERY,BATTERY,YES,50-59,M,BLK,0,1,1
HS314633,2010-05-18 21:40:00,2010,5,3,21,HUMBOLDT PARK,BATTERY,BATTERY,YES,20-29,M,BLK,0,1,1
HS319702,2010-05-21 21:00:00,2010,5,6,21,HUMBOLDT PARK,BATTERY,BATTERY,YES,0-19,M,BLK,0,1,1
HS319669,2010-05-21 21:13:00,2010,5,6,21,HUMBOLDT PARK,BATTERY,BATTERY,YES,UNKNOWN,UNKNOWN,UNKNOWN,0,1,1
HS319882,2010-05-21 23:40:00,2010,5,6,23,HUMBOLDT PARK,BATTERY,BATTERY,YES,30-39,M,BLK,0,1,1
HS320036,2010-05-22 01:30:00,2010,5,7,1,HUMBOLDT PARK,BATTERY,BATTERY,YES,20-29,M,BLK,0,1,1
HS320133,2010-05-22 04:00:00,2010,5,7,4,HUMBOLDT PARK,HOMICIDE,HOMICIDE,NO,60-69,M,WWH,1,0,1
HS325000,2010-05-25 02:20:00,2010,5,3,2,HUMBOLDT PARK,BATTERY,BATTERY,YES,30-39,M,BLK,0,1,1
HS326802,2010-05-26 05:20:00,2010,5,4,5,HUMBOLDT PARK,HOMICIDE,HOMICIDE,YES,20-29,M,BLK,1,0,1
HS328320,2010-05-26 21:46:00,2010,5,4,21,HUMBOLDT PARK,BATTERY,BATTERY,YES,20-29,M,WWH,0,1,1
HS328320,2010-05-26 21:46:00,2010,5,4,21,HUMBOLDT PARK,BATTERY,BATTERY,YES,0-19,M,WWH,0,1,1
HS330054,2010-05-27 21:30:00,2010,5,5,21,HUMBOLDT PARK,HOMICIDE,HOMICIDE,YES,30-39,M,WWH,1,0,1
HS338269,2010-06-02 00:45:00,2010,6,4,0,HUMBOLDT PARK,BATTERY,BATTERY,YES,40-49,M,BLK,0,1,1
HS339760,2010-06-02 21:30:00,2010,6,4,21,HUMBOLDT PARK,HOMICIDE,HOMICIDE,YES,0-19,M,BLK,1,0,1
HS343596,2010-06-05 02:00:00,2010,6,7,2,HUMBOLDT PARK,BATTERY,BATTERY,YES,30-39,F,BLK,0,1,1
HS343586,2010-06-05 02:10:00,2010,6,7,2,HUMBOLDT PARK,BATTERY,BATTERY,YES,UNKNOWN,UNKNOWN,UNKNOWN,0,1,1
HS347267,2010-06-07 13:30:00,2010,6,2,13,HUMBOLDT PARK,BATTERY,BATTERY,YES,40-49,M,BLK,0,1,1
HS349558,2010-06-08 18:28:00,2010,6,3,18,HUMBOLDT PARK,HOMICIDE,HOMICIDE,YES,20-29,M,BLK,1,0,1
HS349558,2010-06-08 18:28:00,2010,6,3,18,HUMBOLDT PARK,HOMICIDE,HOMICIDE,YES,20-29,M,BLK,1,0,1
HS351039,2010-06-09 16:45:00,2010,6,4,16,HUMBOLDT PARK,BATTERY,BATTERY,YES,0-19,M,BLK,0,1,1
HS356283,2010-06-12 13:54:00,2010,6,7,13,HUMBOLDT PARK,BATTERY,BATTERY,YES,20-29,M,BLK,0,1,1
HS358350,2010-06-13 23:06:00,2010,6,1,23,HUMBOLDT PARK,HOMICIDE,HOMICIDE,YES,30-39,M,BLK,1,0,1
HS361595,2010-06-15 19:15:00,2010,6,3,19,HUMBOLDT PARK,HOMICIDE,HOMICIDE,YES,20-29,M,WWH,1,0,1
HS362465,2010-06-16 10:00:00,2010,6,4,10,HUMBOLDT PARK,BATTERY,BATTERY,YES,0-19,M,BLK,0,1,1
HS364698,2010-06-17 15:40:00,2010,6,5,15,HUMBOLDT PARK,ROBBERY,ROBBERY,YES,0-19,F,BLK,0,1,1
HS367104,2010-06-18 20:00:00,2010,6,6,20,HUMBOLDT PARK,BATTERY,BATTERY,YES,20-29,M,BLK,0,1,1
HS368641,2010-06-19 21:10:00,2010,6,7,21,HUMBOLDT PARK,BATTERY,BATTERY,YES,UNKNOWN,UNKNOWN,UNKNOWN,0,1,1
HS368774,2010-06-19 22:48:00,2010,6,7,22,HUMBOLDT PARK,BATTERY,BATTERY,YES,30-39,M,BLK,0,1,1
HS368919,2010-06-20 01:02:00,2010,6,1,1,HUMBOLDT PARK,BATTERY,BATTERY,YES,0-19,M,WWH,0,1,1
HS371856,2010-06-21 19:11:00,2010,6,2,19,HUMBOLDT PARK,BATTERY,BATTERY,YES,0-19,M,BLK,0,1,1
HS376981,2010-06-24 19:26:00,2010,6,5,19,HUMBOLDT PARK,BATTERY,BATTERY,YES,40-49,M,WWH,0,1,1
HS381081,2010-06-27 04:00:00,2010,6,1,4,HUMBOLDT PARK,BATTERY,BATTERY,YES,20-29,M,WWH,0,1,1
HS363938,2010-07-07 03:30:00,2010,7,4,3,HUMBOLDT PARK,HOMICIDE,HOMICIDE,NO,40-49,M,BLK,1,0,1
HS399890,2010-07-08 10:04:00,2010,7,5,10,HUMBOLDT PARK,BATTERY,BATTERY,YES,0-19,M,BLK,0,1,1
HS403211,2010-07-10 02:49:00,2010,7,7,2,HUMBOLDT PARK,BATTERY,BATTERY,YES,20-29,M,BLK,0,1,1
HS404527,2010-07-10 22:42:00,2010,7,7,22,HUMBOLDT PARK,BATTERY,BATTERY,YES,0-19,M,WWH,0,1,1
HS404749,2010-07-11 02:00:00,2010,7,1,2,HUMBOLDT PARK,BATTERY,BATTERY,YES,20-29,M,BLK,0,1,1
HS407419,2010-07-12 18:50:00,2010,7,2,18,HUMBOLDT PARK,ROBBERY,ROBBERY,YES,UNKNOWN,UNKNOWN,UNKNOWN,0,1,1
HS419583,2010-07-19 22:16:00,2010,7,2,22,HUMBOLDT PARK,BATTERY,BATTERY,YES,0-19,M,WWH,0,1,1
HS433058,2010-07-27 21:50:00,2010,7,3,21,HUMBOLDT PARK,BATTERY,BATTERY,YES,UNKNOWN,UNKNOWN,UNKNOWN,0,1,1
HS434898,2010-07-29 00:20:00,2010,7,5,0,HUMBOLDT PARK,BATTERY,BATTERY,YES,0-19,M,BLK,0,1,1
HS439124,2010-07-31 16:30:00,2010,7,7,16,HUMBOLDT PARK,BATTERY,BATTERY,YES,30-39,M,BLK,0,1,1
HS439833,2010-08-01 01:16:00,2010,8,1,1,HUMBOLDT PARK,BATTERY,BATTERY,YES,20-29,F,BLK,0,1,1
HS439833,2010-08-01 01:16:00,2010,8,1,1,HUMBOLDT PARK,BATTERY,BATTERY,YES,20-29,F,BLK,0,1,1
HS439833,2010-08-01 01:16:00,2010,8,1,1,HUMBOLDT PARK,BATTERY,BATTERY,YES,20-29,F,BLK,0,1,1
HS439833,2010-08-01 01:16:00,2010,8,1,1,HUMBOLDT PARK,BATTERY,BATTERY,YES,20-29,F,BLK,0,1,1
HS449249,2010-08-06 17:37:00,2010,8,6,17,HUMBOLDT PARK,HOMICIDE,HOMICIDE,YES,30-39,M,WWH,1,0,1
HS451349,2010-08-07 23:23:00,2010,8,7,23,HUMBOLDT PARK,BATTERY,BATTERY,YES,20-29,F,WWH,0,1,1
HS456021,2010-08-10 20:00:00,2010,8,3,20,HUMBOLDT PARK,BATTERY,BATTERY,YES,30-39,M,WWH,0,1,1
HS458773,2010-08-12 13:08:00,2010,8,5,13,HUMBOLDT PARK,HOMICIDE,HOMICIDE,YES,30-39,M,BLK,1,0,1
HS463341,2010-08-15 04:15:00,2010,8,1,4,HUMBOLDT PARK,BATTERY,BATTERY,YES,20-29,M,BLK,0,1,1
HS475053,2010-08-22 04:10:00,2010,8,1,4,HUMBOLDT PARK,BATTERY,BATTERY,YES,UNKNOWN,UNKNOWN,UNKNOWN,0,1,1
HS475766,2010-08-22 16:00:00,2010,8,1,16,HUMBOLDT PARK,BATTERY,BATTERY,YES,20-29,M,BLK,0,1,1
HS475895,2010-08-22 17:20:00,2010,8,1,17,HUMBOLDT PARK,BATTERY,BATTERY,YES,20-29,M,WWH,0,1,1
HS479727,2010-08-24 20:46:00,2010,8,3,20,HUMBOLDT PARK,BATTERY,BATTERY,YES,30-39,M,BLK,0,1,1
HS479727,2010-08-24 20:46:00,2010,8,3,20,HUMBOLDT PARK,BATTERY,BATTERY,YES,30-39,M,BLK,0,1,1
HS481040,2010-08-25 16:05:00,2010,8,4,16,HUMBOLDT PARK,BATTERY,BATTERY,YES,20-29,M,BLK,0,1,1
HS485564,2010-08-27 01:30:00,2010,8,6,1,HUMBOLDT PARK,BATTERY,BATTERY,YES,20-29,F,WWH,0,1,1
HS485937,2010-08-28 03:05:00,2010,8,7,3,HUMBOLDT PARK,BATTERY,BATTERY,YES,20-29,M,BLK,0,1,1
HS487157,2010-08-28 20:39:00,2010,8,7,20,HUMBOLDT PARK,HOMICIDE,HOMICIDE,YES,0-19,M,BLK,1,0,1
HS488003,2010-08-29 11:19:00,2010,8,1,11,HUMBOLDT PARK,BATTERY,BATTERY,YES,0-19,M,BLK,0,1,1
HS489575,2010-08-30 10:13:00,2010,8,2,10,HUMBOLDT PARK,BATTERY,BATTERY,YES,40-49,M,BLK,0,1,1
HS489575,2010-08-30 10:13:00,2010,8,2,10,HUMBOLDT PARK,BATTERY,BATTERY,YES,0-19,M,BLK,0,1,1
HS491817,2010-08-31 13:50:00,2010,8,3,13,HUMBOLDT PARK,BATTERY,BATTERY,YES,40-49,M,BLK,0,1,1
HS493380,2010-09-01 11:31:00,2010,9,4,11,HUMBOLDT PARK,BATTERY,BATTERY,YES,30-39,M,BLK,0,1,1
HS494144,2010-09-01 18:29:00,2010,9,4,18,HUMBOLDT PARK,BATTERY,BATTERY,YES,20-29,M,BLK,0,1,1
HS494144,2010-09-01 18:29:00,2010,9,4,18,HUMBOLDT PARK,BATTERY,BATTERY,YES,20-29,M,BLK,0,1,1
HS494144,2010-09-01 18:29:00,2010,9,4,18,HUMBOLDT PARK,BATTERY,BATTERY,YES,20-29,M,BLK,0,1,1
HS494144,2010-09-01 18:29:00,2010,9,4,18,HUMBOLDT PARK,BATTERY,BATTERY,YES,20-29,M,BLK,0,1,1
HS506788,2010-09-09 11:30:00,2010,9,5,11,HUMBOLDT PARK,BATTERY,BATTERY,YES,20-29,M,BLK,0,1,1
HS507295,2010-09-09 17:24:00,2010,9,5,17,HUMBOLDT PARK,BATTERY,BATTERY,YES,30-39,M,BLK,0,1,1
HS509232,2010-09-10 21:43:00,2010,9,6,21,HUMBOLDT PARK,BATTERY,BATTERY,YES,20-29,M,BLK,0,1,1
HS509232,2010-09-10 21:43:00,2010,9,6,21,HUMBOLDT PARK,BATTERY,BATTERY,YES,0-19,M,WWH,0,1,1
HS510146,2010-09-11 13:30:00,2010,9,7,13,HUMBOLDT PARK,BATTERY,BATTERY,YES,20-29,M,BLK,0,1,1
HS511067,2010-09-12 03:51:00,2010,9,1,3,HUMBOLDT PARK,BATTERY,BATTERY,YES,20-29,M,WWH,0,1,1
HS511067,2010-09-12 03:51:00,2010,9,1,3,HUMBOLDT PARK,BATTERY,BATTERY,YES,20-29,M,WWH,0,1,1
HS511463,2010-09-12 11:40:00,2010,9,1,11,HUMBOLDT PARK,BATTERY,BATTERY,YES,30-39,M,BLK,0,1,1
HS527394,2010-09-22 00:20:00,2010,9,4,0,HUMBOLDT PARK,BATTERY,BATTERY,YES,20-29,M,WWH,0,1,1
HS529806,2010-09-23 13:01:00,2010,9,5,13,HUMBOLDT PARK,BATTERY,BATTERY,YES,20-29,M,BLK,0,1,1
HS530598,2010-09-23 21:05:00,2010,9,5,21,HUMBOLDT PARK,BATTERY,BATTERY,YES,20-29,M,WWH,0,1,1
HS530598,2010-09-23 21:05:00,2010,9,5,21,HUMBOLDT PARK,BATTERY,BATTERY,YES,30-39,M,WWH,0,1,1
HS530598,2010-09-23 21:05:00,2010,9,5,21,HUMBOLDT PARK,BATTERY,BATTERY,YES,20-29,M,WHI,0,1,1
HS530598,2010-09-23 21:05:00,2010,9,5,21,HUMBOLDT PARK,BATTERY,BATTERY,YES,20-29,F,WWH,0,1,1
HS534624,2010-09-26 10:45:00,2010,9,1,10,HUMBOLDT PARK,BATTERY,BATTERY,YES,0-19,M,WWH,0,1,1
HS537491,2010-09-28 07:30:00,2010,9,3,7,HUMBOLDT PARK,BATTERY,BATTERY,YES,UNKNOWN,UNKNOWN,UNKNOWN,0,1,1
HS540742,2010-09-30 01:00:00,2010,9,5,1,HUMBOLDT PARK,ROBBERY,ROBBERY,YES,40-49,M,BLK,0,1,1
HS542086,2010-09-30 20:15:00,2010,9,5,20,HUMBOLDT PARK,ROBBERY,ROBBERY,YES,30-39,M,WWH,0,1,1
HS542206,2010-09-30 22:16:00,2010,9,5,22,HUMBOLDT PARK,ROBBERY,ROBBERY,YES,30-39,M,BLK,0,1,1
HS545420,2010-10-02 23:45:00,2010,10,7,23,HUMBOLDT PARK,BATTERY,BATTERY,YES,30-39,F,WHI,0,1,1
HS545697,2010-10-03 04:00:00,2010,10,1,4,HUMBOLDT PARK,BATTERY,BATTERY,YES,30-39,M,WWH,0,1,1
HS559573,2010-10-11 18:46:00,2010,10,2,18,HUMBOLDT PARK,BATTERY,BATTERY,YES,20-29,M,BLK,0,1,1
HS560305,2010-10-12 10:52:00,2010,10,3,10,HUMBOLDT PARK,HOMICIDE,HOMICIDE,YES,40-49,M,BLK,1,0,1
HS563220,2010-10-13 21:27:00,2010,10,4,21,HUMBOLDT PARK,BATTERY,BATTERY,YES,0-19,M,BLK,0,1,1
HS563220,2010-10-13 21:27:00,2010,10,4,21,HUMBOLDT PARK,BATTERY,BATTERY,YES,20-29,M,BLK,0,1,1
HS563343,2010-10-13 23:05:00,2010,10,4,23,HUMBOLDT PARK,HOMICIDE,HOMICIDE,YES,50-59,M,BLK,1,0,1
HS564780,2010-10-14 20:35:00,2010,10,5,20,HUMBOLDT PARK,BATTERY,BATTERY,YES,30-39,M,BLK,0,1,1
HS571283,2010-10-19 00:01:00,2010,10,3,0,HUMBOLDT PARK,BATTERY,BATTERY,YES,20-29,M,BLK,0,1,1
HS572429,2010-10-19 17:28:00,2010,10,3,17,HUMBOLDT PARK,BATTERY,BATTERY,YES,0-19,M,BLK,0,1,1
HS572890,2010-10-19 20:00:00,2010,10,3,20,HUMBOLDT PARK,BATTERY,BATTERY,YES,30-39,M,BLK,0,1,1
HS574508,2010-10-20 22:50:00,2010,10,4,22,HUMBOLDT PARK,BATTERY,BATTERY,YES,20-29,F,BLK,0,1,1
HS577965,2010-10-23 00:10:00,2010,10,7,0,HUMBOLDT PARK,BATTERY,BATTERY,YES,20-29,M,BLK,0,1,1
HS589030,2010-10-29 15:14:00,2010,10,6,15,HUMBOLDT PARK,ROBBERY,ROBBERY,YES,30-39,M,BLK,0,1,1
HS590920,2010-10-30 17:55:00,2010,10,7,17,HUMBOLDT PARK,ROBBERY,ROBBERY,YES,30-39,M,BLK,0,1,1
HS600843,2010-11-05 16:50:00,2010,11,6,16,HUMBOLDT PARK,BATTERY,BATTERY,YES,30-39,M,WBH,0,1,1
HS609370,2010-11-10 22:02:00,2010,11,4,22,HUMBOLDT PARK,HOMICIDE,HOMICIDE,YES,30-39,M,BLK,1,0,1
HS609549,2010-11-10 22:10:00,2010,11,4,22,HUMBOLDT PARK,HOMICIDE,HOMICIDE,NO,30-39,M,BLK,1,0,1
HS612767,2010-11-12 21:25:00,2010,11,6,21,HUMBOLDT PARK,BATTERY,BATTERY,YES,30-39,M,BLK,0,1,1
HS625587,2010-11-21 01:20:00,2010,11,1,1,HUMBOLDT PARK,BATTERY,BATTERY,YES,20-29,M,BLK,0,1,1
HS629611,2010-11-23 15:15:00,2010,11,3,15,HUMBOLDT PARK,ROBBERY,ROBBERY,YES,30-39,M,BLK,0,1,1
HS629793,2010-11-23 17:10:00,2010,11,3,17,HUMBOLDT PARK,BATTERY,BATTERY,YES,0-19,M,BLK,0,1,1
HS635576,2010-11-27 21:40:00,2010,11,7,21,HUMBOLDT PARK,BATTERY,BATTERY,YES,20-29,F,BLK,0,1,1
HS638315,2010-11-29 18:49:00,2010,11,2,18,HUMBOLDT PARK,BATTERY,BATTERY,YES,30-39,M,BLK,0,1,1
HS648785,2010-12-06 17:37:00,2010,12,2,17,HUMBOLDT PARK,HOMICIDE,HOMICIDE,YES,30-39,M,BLK,1,0,1
HS653635,2010-12-09 22:50:00,2010,12,5,22,HUMBOLDT PARK,BATTERY,BATTERY,YES,40-49,M,WWH,0,1,1
HS655156,2010-12-10 19:58:00,2010,12,6,19,HUMBOLDT PARK,BATTERY,BATTERY,YES,0-19,F,BLK,0,1,1
HS656868,2010-12-12 00:13:00,2010,12,1,0,HUMBOLDT PARK,BATTERY,BATTERY,YES,0-19,F,BLK,0,1,1
HS656868,2010-12-12 00:13:00,2010,12,1,0,HUMBOLDT PARK,BATTERY,BATTERY,YES,20-29,M,BLK,0,1,1
HS667286,2010-12-18 23:54:00,2010,12,7,23,HUMBOLDT PARK,BATTERY,BATTERY,YES,0-19,M,WWH,0,1,1
HS667488,2010-12-19 04:45:00,2010,12,1,4,HUMBOLDT PARK,BATTERY,BATTERY,YES,0-19,M,WWH,0,1,1
HS668190,2010-12-19 17:51:00,2010,12,1,17,HUMBOLDT PARK,HOMICIDE,HOMICIDE,YES,0-19,M,BLK,1,0,1
HS670801,2010-12-21 16:00:00,2010,12,3,16,HUMBOLDT PARK,BATTERY,BATTERY,YES,20-29,UNKNOWN,UNKNOWN,0,1,1
HS680441,2010-12-29 01:40:00,2010,12,4,1,HUMBOLDT PARK,BATTERY,BATTERY,YES,20-29,M,WWH,0,1,1
HS683094,2010-12-30 20:33:00,2010,12,5,20,HUMBOLDT PARK,BATTERY,BATTERY,YES,20-29,M,WWH,0,1,1
HS323096,2010-05-24 00:45:00,2010,5,2,0,HYDE PARK,BATTERY,BATTERY,YES,0-19,M,BLK,0,1,1
HS551223,2010-10-07 13:50:00,2010,10,5,13,HYDE PARK,HOMICIDE,HOMICIDE,NO,0-19,F,BLK,1,0,1
HS120957,2010-01-15 05:00:00,2010,1,6,5,IRVING PARK,BATTERY,BATTERY,YES,20-29,M,WWH,0,1,1
HS285055,2010-05-01 03:56:00,2010,5,7,3,IRVING PARK,BATTERY,BATTERY,YES,UNKNOWN,UNKNOWN,UNKNOWN,0,1,1
HS371774,2010-06-21 18:35:00,2010,6,2,18,IRVING PARK,BATTERY,BATTERY,YES,0-19,M,WWH,0,1,1
HS380738,2010-06-26 22:45:00,2010,6,7,22,IRVING PARK,BATTERY,BATTERY,YES,0-19,F,WWH,0,1,1
HS380738,2010-06-26 22:45:00,2010,6,7,22,IRVING PARK,BATTERY,BATTERY,YES,20-29,M,WWH,0,1,1
HS380946,2010-06-27 01:55:00,2010,6,1,1,IRVING PARK,BATTERY,BATTERY,YES,20-29,M,WWH,0,1,1
HS451640,2010-08-08 04:17:00,2010,8,1,4,IRVING PARK,BATTERY,BATTERY,YES,20-29,M,WWH,0,1,1
HS464700,2010-08-16 01:40:00,2010,8,2,1,IRVING PARK,BATTERY,HOMICIDE,YES,0-19,M,WWH,0,1,1
HS464700,2010-08-16 01:40:00,2010,8,2,1,IRVING PARK,HOMICIDE,HOMICIDE,YES,0-19,M,WWH,1,0,1
HS464700,2010-08-16 01:40:00,2010,8,2,1,IRVING PARK,BATTERY,HOMICIDE,YES,20-29,F,WWH,0,1,1
HS476269,2010-08-22 22:45:00,2010,8,1,22,IRVING PARK,BATTERY,BATTERY,YES,20-29,M,WHI,0,1,1
HS481066,2010-08-25 16:15:00,2010,8,4,16,IRVING PARK,BATTERY,BATTERY,YES,0-19,M,WWH,0,1,1
HS500717,2010-09-05 20:40:00,2010,9,1,20,IRVING PARK,BATTERY,BATTERY,YES,20-29,M,WWH,0,1,1
HS556939,2010-10-10 02:30:00,2010,10,1,2,IRVING PARK,HOMICIDE,HOMICIDE,YES,20-29,M,WWH,1,0,1
HS594227,2010-11-01 17:44:00,2010,11,2,17,IRVING PARK,BATTERY,BATTERY,YES,20-29,M,WWH,0,1,1
HS636717,2010-11-28 18:30:00,2010,11,1,18,IRVING PARK,ROBBERY,ROBBERY,YES,20-29,M,API,0,1,1
HS636975,2010-11-28 22:45:00,2010,11,1,22,IRVING PARK,BATTERY,BATTERY,YES,0-19,M,WWH,0,1,1
HS361262,2010-06-15 16:00:00,2010,6,3,16,KENWOOD,BATTERY,BATTERY,YES,0-19,M,BLK,0,1,1
HS469848,2010-08-18 22:57:00,2010,8,4,22,KENWOOD,ROBBERY,ROBBERY,YES,0-19,M,WHI,0,1,1
HS497810,2010-09-03 20:56:00,2010,9,6,20,KENWOOD,ROBBERY,ROBBERY,YES,0-19,M,BLK,0,1,1
HS505635,2010-09-08 18:50:00,2010,9,4,18,KENWOOD,BATTERY,BATTERY,YES,20-29,M,BLK,0,1,1
HS525256,2010-09-20 20:29:00,2010,9,2,20,KENWOOD,BATTERY,BATTERY,YES,0-19,M,BLK,0,1,1
HS525256,2010-09-20 20:29:00,2010,9,2,20,KENWOOD,BATTERY,BATTERY,YES,20-29,M,BLK,0,1,1
HS674056,2010-12-23 17:40:00,2010,12,5,17,KENWOOD,BATTERY,BATTERY,YES,0-19,M,BLK,0,1,1
HS338333,2010-06-02 03:16:00,2010,6,4,3,LAKE VIEW,BATTERY,BATTERY,YES,20-29,M,BLK,0,1,1
HS607915,2010-11-10 00:29:00,2010,11,4,0,LAKE VIEW,BATTERY,BATTERY,YES,20-29,M,API,0,1,1
HS607915,2010-11-10 00:29:00,2010,11,4,0,LAKE VIEW,BATTERY,BATTERY,YES,0-19,M,BLK,0,1,1
HS607915,2010-11-10 00:29:00,2010,11,4,0,LAKE VIEW,BATTERY,BATTERY,YES,0-19,M,BLK,0,1,1
HS632807,2010-11-25 19:20:00,2010,11,5,19,LAKE VIEW,HOMICIDE,HOMICIDE,YES,30-39,M,WWH,1,0,1
HS264162,2010-04-17 02:00:00,2010,4,7,2,LINCOLN PARK,BATTERY,BATTERY,YES,UNKNOWN,UNKNOWN,UNKNOWN,0,1,1
HS285041,2010-05-01 01:39:00,2010,5,7,1,LINCOLN PARK,BATTERY,BATTERY,YES,20-29,M,BLK,0,1,1
HS324845,2010-05-24 23:10:00,2010,5,2,23,LINCOLN PARK,BATTERY,BATTERY,YES,0-19,M,WHI,0,1,1
HS134754,2010-01-24 04:41:00,2010,1,1,4,LOGAN SQUARE,BATTERY,BATTERY,YES,20-29,M,WWH,0,1,1
HS143218,2010-01-29 23:40:00,2010,1,6,23,LOGAN SQUARE,BATTERY,BATTERY,YES,20-29,M,WWH,0,1,1
HS143218,2010-01-29 23:40:00,2010,1,6,23,LOGAN SQUARE,BATTERY,BATTERY,YES,0-19,M,WWH,0,1,1
HS171392,2010-02-19 01:13:00,2010,2,6,1,LOGAN SQUARE,BATTERY,BATTERY,YES,20-29,M,WWH,0,1,1
HS206824,2010-03-14 03:38:00,2010,3,1,3,LOGAN SQUARE,BATTERY,BATTERY,YES,20-29,M,WWH,0,1,1
HS227568,2010-03-26 18:24:00,2010,3,6,18,LOGAN SQUARE,BATTERY,BATTERY,YES,0-19,M,WWH,0,1,1
HS235616,2010-04-01 00:08:00,2010,4,5,0,LOGAN SQUARE,BATTERY,BATTERY,YES,20-29,M,BLK,0,1,1
HS281071,2010-04-28 20:06:00,2010,4,4,20,LOGAN SQUARE,BATTERY,BATTERY,YES,0-19,M,WWH,0,1,1
HS286636,2010-05-02 04:28:00,2010,5,1,4,LOGAN SQUARE,BATTERY,BATTERY,YES,20-29,M,WWH,0,1,1
HS286636,2010-05-02 04:28:00,2010,5,1,4,LOGAN SQUARE,BATTERY,BATTERY,YES,20-29,M,WBH,0,1,1
HS297641,2010-05-08 14:52:00,2010,5,7,14,LOGAN SQUARE,BATTERY,BATTERY,YES,0-19,M,WHI,0,1,1
HS324694,2010-05-24 21:38:00,2010,5,2,21,LOGAN SQUARE,BATTERY,BATTERY,YES,20-29,F,WWH,0,1,1
HS324694,2010-05-24 21:38:00,2010,5,2,21,LOGAN SQUARE,BATTERY,BATTERY,YES,20-29,M,WWH,0,1,1
HS328576,2010-05-27 02:45:00,2010,5,5,2,LOGAN SQUARE,BATTERY,BATTERY,YES,20-29,M,WHI,0,1,1
HS330139,2010-05-27 22:15:00,2010,5,5,22,LOGAN SQUARE,BATTERY,BATTERY,YES,20-29,M,BLK,0,1,1
HS337928,2010-06-01 20:24:00,2010,6,3,20,LOGAN SQUARE,BATTERY,BATTERY,YES,20-29,M,BLK,0,1,1
HS351728,2010-06-09 23:34:00,2010,6,4,23,LOGAN SQUARE,BATTERY,BATTERY,YES,20-29,M,WWH,0,1,1
HS363915,2010-06-17 03:00:00,2010,6,5,3,LOGAN SQUARE,BATTERY,BATTERY,YES,20-29,M,WWH,0,1,1
HS380989,2010-06-27 02:22:00,2010,6,1,2,LOGAN SQUARE,BATTERY,BATTERY,YES,20-29,M,WWH,0,1,1
HS404425,2010-07-10 21:02:00,2010,7,7,21,LOGAN SQUARE,BATTERY,BATTERY,YES,20-29,M,WWH,0,1,1
HS414770,2010-07-17 00:47:00,2010,7,7,0,LOGAN SQUARE,BATTERY,HOMICIDE,YES,20-29,F,BLK,0,1,1
HS414770,2010-07-17 00:47:00,2010,7,7,0,LOGAN SQUARE,HOMICIDE,HOMICIDE,YES,20-29,M,BLK,1,0,1
HS422994,2010-07-21 22:22:00,2010,7,4,22,LOGAN SQUARE,BATTERY,BATTERY,YES,0-19,M,WWH,0,1,1
HS442583,2010-08-02 20:40:00,2010,8,2,20,LOGAN SQUARE,ROBBERY,ROBBERY,YES,UNKNOWN,UNKNOWN,UNKNOWN,0,1,1
HS489044,2010-08-29 23:34:00,2010,8,1,23,LOGAN SQUARE,BATTERY,BATTERY,YES,30-39,M,WWH,0,1,1
HS591473,2010-10-31 03:48:00,2010,10,1,3,LOGAN SQUARE,BATTERY,BATTERY,YES,20-29,M,BLK,0,1,1
HS634556,2010-11-27 16:01:00,2010,11,7,16,LOGAN SQUARE,HOMICIDE,HOMICIDE,NO,30-39,F,WHI,1,0,1
HS643503,2010-12-03 00:42:00,2010,12,6,0,LOGAN SQUARE,BATTERY,BATTERY,YES,20-29,M,WWH,0,1,1
HS647176,2010-12-05 14:57:00,2010,12,1,14,LOGAN SQUARE,BATTERY,BATTERY,YES,0-19,M,WWH,0,1,1
HS647176,2010-12-05 14:57:00,2010,12,1,14,LOGAN SQUARE,BATTERY,BATTERY,YES,0-19,M,BLK,0,1,1
HS164450,2010-02-14 02:20:00,2010,2,1,2,LOOP,BATTERY,BATTERY,YES,20-29,F,BLK,0,1,1
HS237483,2010-04-02 00:30:00,2010,4,6,0,LOOP,ROBBERY,ROBBERY,YES,20-29,F,WHI,0,1,1
HS295627,2010-05-07 11:01:00,2010,5,6,11,LOOP,HOMICIDE,HOMICIDE,YES,20-29,F,BLK,1,0,1
HS115888,2010-01-11 22:24:00,2010,1,2,22,LOWER WEST SIDE,BATTERY,BATTERY,YES,20-29,M,WWH,0,1,1
HS119266,2010-01-14 02:40:00,2010,1,5,2,LOWER WEST SIDE,BATTERY,BATTERY,YES,UNKNOWN,UNKNOWN,UNKNOWN,0,1,1
HS220930,2010-03-22 21:00:00,2010,3,2,21,LOWER WEST SIDE,BATTERY,BATTERY,YES,30-39,M,BLK,0,1,1
HS241835,2010-04-05 01:04:00,2010,4,2,1,LOWER WEST SIDE,BATTERY,BATTERY,YES,0-19,M,WWH,0,1,1
HS251896,2010-04-11 03:10:00,2010,4,1,3,LOWER WEST SIDE,BATTERY,BATTERY,YES,20-29,M,WWH,0,1,1
HS259280,2010-04-15 16:40:00,2010,4,5,16,LOWER WEST SIDE,HOMICIDE,HOMICIDE,YES,20-29,M,WWH,1,0,1
HS332174,2010-05-29 02:10:00,2010,5,7,2,LOWER WEST SIDE,BATTERY,BATTERY,YES,30-39,M,WWH,0,1,1
HS332235,2010-05-29 03:00:00,2010,5,7,3,LOWER WEST SIDE,BATTERY,BATTERY,YES,20-29,M,WWH,0,1,1
HS332235,2010-05-29 03:00:00,2010,5,7,3,LOWER WEST SIDE,BATTERY,BATTERY,YES,20-29,M,WWH,0,1,1
HS338097,2010-06-01 22:33:00,2010,6,3,22,LOWER WEST SIDE,HOMICIDE,HOMICIDE,YES,30-39,M,BLK,1,0,1
HS355710,2010-06-12 04:38:00,2010,6,7,4,LOWER WEST SIDE,BATTERY,BATTERY,YES,0-19,M,WWH,0,1,1
HS357238,2010-06-13 02:15:00,2010,6,1,2,LOWER WEST SIDE,BATTERY,BATTERY,YES,20-29,M,WWH,0,1,1
HS379410,2010-06-26 04:02:00,2010,6,7,4,LOWER WEST SIDE,HOMICIDE,HOMICIDE,YES,20-29,M,WWH,1,0,1
HS379410,2010-06-26 04:02:00,2010,6,7,4,LOWER WEST SIDE,BATTERY,HOMICIDE,YES,0-19,M,WWH,0,1,1
HS403298,2010-07-10 04:43:00,2010,7,7,4,LOWER WEST SIDE,BATTERY,BATTERY,YES,20-29,M,WWH,0,1,1
HS416623,2010-07-18 04:20:00,2010,7,1,4,LOWER WEST SIDE,BATTERY,BATTERY,YES,30-39,M,WWH,0,1,1
HS424957,2010-07-23 01:50:00,2010,7,6,1,LOWER WEST SIDE,BATTERY,BATTERY,YES,0-19,F,WWH,0,1,1
HS424957,2010-07-23 01:50:00,2010,7,6,1,LOWER WEST SIDE,BATTERY,BATTERY,YES,20-29,M,WWH,0,1,1
HS426371,2010-07-23 21:15:00,2010,7,6,21,LOWER WEST SIDE,BATTERY,BATTERY,YES,20-29,M,WWH,0,1,1
HS434958,2010-07-29 01:15:00,2010,7,5,1,LOWER WEST SIDE,BATTERY,BATTERY,YES,40-49,M,WWH,0,1,1
HS457422,2010-08-11 16:40:00,2010,8,4,16,LOWER WEST SIDE,BATTERY,BATTERY,YES,30-39,M,WWH,0,1,1
HS461725,2010-08-14 04:45:00,2010,8,7,4,LOWER WEST SIDE,BATTERY,BATTERY,YES,20-29,M,WWH,0,1,1
HS461725,2010-08-14 04:45:00,2010,8,7,4,LOWER WEST SIDE,BATTERY,BATTERY,YES,20-29,M,WWH,0,1,1
HS473473,2010-08-21 03:10:00,2010,8,7,3,LOWER WEST SIDE,BATTERY,BATTERY,YES,20-29,M,WWH,0,1,1
HS478123,2010-08-24 02:32:00,2010,8,3,2,LOWER WEST SIDE,BATTERY,BATTERY,YES,20-29,M,WWH,0,1,1
HS544070,2010-10-02 03:00:00,2010,10,7,3,LOWER WEST SIDE,BATTERY,BATTERY,YES,20-29,M,WBH,0,1,1
HS551050,2010-10-06 16:34:00,2010,10,4,16,LOWER WEST SIDE,BATTERY,BATTERY,YES,20-29,M,WWH,0,1,1
HS567027,2010-10-16 07:16:00,2010,10,7,7,LOWER WEST SIDE,BATTERY,BATTERY,YES,0-19,M,WWH,0,1,1
HS579586,2010-10-24 00:49:00,2010,10,1,0,LOWER WEST SIDE,BATTERY,BATTERY,YES,40-49,M,WWH,0,1,1
HS579597,2010-10-24 01:01:00,2010,10,1,1,LOWER WEST SIDE,HOMICIDE,HOMICIDE,YES,40-49,M,WWH,1,0,1
HS625706,2010-11-21 04:19:00,2010,11,1,4,LOWER WEST SIDE,BATTERY,BATTERY,YES,30-39,M,WWH,0,1,1
HS655375,2010-12-10 23:56:00,2010,12,6,23,LOWER WEST SIDE,BATTERY,BATTERY,YES,0-19,M,BLK,0,1,1
HS671218,2010-12-21 20:15:00,2010,12,3,20,LOWER WEST SIDE,BATTERY,BATTERY,YES,30-39,M,WWH,0,1,1
HS182767,2010-02-26 20:50:00,2010,2,6,20,MCKINLEY PARK,BATTERY,BATTERY,YES,20-29,M,WWH,0,1,1
HS269432,2010-04-21 21:05:00,2010,4,4,21,MCKINLEY PARK,HOMICIDE,HOMICIDE,NO,20-29,M,BLK,1,0,1
HS269432,2010-04-21 21:05:00,2010,4,4,21,MCKINLEY PARK,HOMICIDE,HOMICIDE,NO,20-29,M,BLK,1,0,1
HS269432,2010-04-21 21:05:00,2010,4,4,21,MCKINLEY PARK,HOMICIDE,HOMICIDE,NO,20-29,M,BLK,1,0,1
HS308425,2010-05-15 00:54:00,2010,5,7,0,MCKINLEY PARK,BATTERY,BATTERY,YES,40-49,F,WHI,0,1,1
HS311008,2010-05-16 19:50:00,2010,5,1,19,MCKINLEY PARK,BATTERY,BATTERY,YES,0-19,M,WWH,0,1,1
HS311008,2010-05-16 19:50:00,2010,5,1,19,MCKINLEY PARK,BATTERY,BATTERY,YES,0-19,M,WWH,0,1,1
HS311008,2010-05-16 19:50:00,2010,5,1,19,MCKINLEY PARK,BATTERY,BATTERY,YES,0-19,M,WWH,0,1,1
HS333691,2010-05-30 01:07:00,2010,5,1,1,MCKINLEY PARK,HOMICIDE,HOMICIDE,NO,0-19,M,WWH,1,0,1
HS393986,2010-07-04 20:16:00,2010,7,1,20,MCKINLEY PARK,BATTERY,BATTERY,YES,30-39,M,WWH,0,1,1
HS393986,2010-07-04 20:16:00,2010,7,1,20,MCKINLEY PARK,BATTERY,BATTERY,YES,20-29,M,WWH,0,1,1
HS414617,2010-07-16 22:30:00,2010,7,6,22,MCKINLEY PARK,BATTERY,BATTERY,YES,20-29,M,WWH,0,1,1
HS558352,2010-10-11 01:30:00,2010,10,2,1,MCKINLEY PARK,HOMICIDE,HOMICIDE,YES,20-29,M,WWH,1,0,1
HS676476,2010-12-26 00:40:00,2010,12,1,0,MCKINLEY PARK,BATTERY,BATTERY,YES,30-39,M,WWH,0,1,1
HS485755,2010-08-28 00:09:00,2010,8,7,0,MONTCLAIRE,HOMICIDE,HOMICIDE,YES,20-29,M,WWH,1,0,1
HS485755,2010-08-28 00:09:00,2010,8,7,0,MONTCLAIRE,BATTERY,HOMICIDE,YES,20-29,M,WWH,0,1,1
HS164189,2010-02-13 20:30:00,2010,2,7,20,MORGAN PARK,HOMICIDE,HOMICIDE,YES,20-29,M,BLK,1,0,1
HS205103,2010-03-12 23:45:00,2010,3,6,23,MORGAN PARK,BATTERY,BATTERY,YES,30-39,M,BLK,0,1,1
HS235309,2010-03-31 19:50:00,2010,3,4,19,MORGAN PARK,BATTERY,BATTERY,YES,20-29,M,BLK,0,1,1
HS235258,2010-03-31 19:51:00,2010,3,4,19,MORGAN PARK,BATTERY,BATTERY,YES,UNKNOWN,UNKNOWN,UNKNOWN,0,1,1
HS245935,2010-04-07 13:50:00,2010,4,4,13,MORGAN PARK,BATTERY,BATTERY,YES,UNKNOWN,UNKNOWN,UNKNOWN,0,1,1
HS260094,2010-04-16 03:10:00,2010,4,6,3,MORGAN PARK,HOMICIDE,HOMICIDE,YES,30-39,M,BLK,1,0,1
HS292771,2010-05-05 18:00:00,2010,5,4,18,MORGAN PARK,BATTERY,BATTERY,YES,0-19,M,BLK,0,1,1
HS292771,2010-05-05 18:00:00,2010,5,4,18,MORGAN PARK,BATTERY,BATTERY,YES,0-19,M,BLK,0,1,1
HS333754,2010-05-30 02:05:00,2010,5,1,2,MORGAN PARK,BATTERY,BATTERY,YES,20-29,M,BLK,0,1,1
HS333754,2010-05-30 02:05:00,2010,5,1,2,MORGAN PARK,BATTERY,BATTERY,YES,40-49,M,BLK,0,1,1
HS354668,2010-06-11 15:59:00,2010,6,6,15,MORGAN PARK,BATTERY,BATTERY,YES,0-19,M,BLK,0,1,1
HS354668,2010-06-11 15:59:00,2010,6,6,15,MORGAN PARK,BATTERY,BATTERY,YES,0-19,F,BLK,0,1,1
HS370662,2010-06-21 06:39:00,2010,6,2,6,MORGAN PARK,BATTERY,BATTERY,YES,UNKNOWN,UNKNOWN,UNKNOWN,0,1,1
HS391645,2010-07-03 02:50:00,2010,7,7,2,MORGAN PARK,BATTERY,BATTERY,YES,UNKNOWN,UNKNOWN,UNKNOWN,0,1,1
HS397379,2010-07-06 19:39:00,2010,7,3,19,MORGAN PARK,HOMICIDE,HOMICIDE,NO,0-19,F,BLK,1,0,1
HS436704,2010-07-30 02:52:00,2010,7,6,2,MORGAN PARK,BATTERY,BATTERY,YES,20-29,M,BLK,0,1,1
HS437637,2010-07-30 14:50:00,2010,7,6,14,MORGAN PARK,BATTERY,BATTERY,YES,30-39,M,BLK,0,1,1
HS438835,2010-07-31 12:25:00,2010,7,7,12,MORGAN PARK,BATTERY,BATTERY,YES,20-29,M,BLK,0,1,1
HS451107,2010-08-07 20:04:00,2010,8,7,20,MORGAN PARK,NON-FATAL,HOMICIDE,YES,0-19,M,BLK,0,1,1
HS451107,2010-08-07 20:04:00,2010,8,7,20,MORGAN PARK,NON-FATAL,HOMICIDE,YES,20-29,F,BLK,0,1,1
HS451107,2010-08-07 20:04:00,2010,8,7,20,MORGAN PARK,NON-FATAL,HOMICIDE,YES,30-39,M,BLK,0,1,1
HS451107,2010-08-07 20:04:00,2010,8,7,20,MORGAN PARK,HOMICIDE,HOMICIDE,YES,40-49,M,BLK,1,0,1
HS471694,2010-08-20 01:00:00,2010,8,6,1,MORGAN PARK,HOMICIDE,HOMICIDE,YES,70-79,M,WHI,1,0,1
HS513960,2010-09-13 22:11:00,2010,9,2,22,MORGAN PARK,BATTERY,BATTERY,YES,20-29,M,BLK,0,1,1
HS549638,2010-10-05 18:09:00,2010,10,3,18,MORGAN PARK,HOMICIDE,HOMICIDE,YES,0-19,M,BLK,1,0,1
HS553227,2010-10-07 21:49:00,2010,10,5,21,MORGAN PARK,BATTERY,BATTERY,YES,20-29,F,BLK,0,1,1
HS553227,2010-10-07 21:49:00,2010,10,5,21,MORGAN PARK,BATTERY,BATTERY,YES,20-29,F,BLK,0,1,1
HS553227,2010-10-07 21:49:00,2010,10,5,21,MORGAN PARK,BATTERY,BATTERY,YES,0-19,M,BLK,0,1,1
HS556376,2010-10-09 19:50:00,2010,10,7,19,MORGAN PARK,BATTERY,BATTERY,YES,UNKNOWN,UNKNOWN,UNKNOWN,0,1,1
HS566684,2010-10-15 23:08:00,2010,10,6,23,MORGAN PARK,BATTERY,BATTERY,YES,20-29,M,BLK,0,1,1
HS638640,2010-11-29 22:28:00,2010,11,2,22,MORGAN PARK,HOMICIDE,HOMICIDE,NO,0-19,F,BLK,1,0,1
HS638640,2010-11-29 22:28:00,2010,11,2,22,MORGAN PARK,HOMICIDE,HOMICIDE,NO,0-19,F,BLK,1,0,1
HS638640,2010-11-29 22:28:00,2010,11,2,22,MORGAN PARK,HOMICIDE,HOMICIDE,NO,40-49,F,BLK,1,0,1
HS669616,2010-12-20 18:46:00,2010,12,2,18,MORGAN PARK,BATTERY,BATTERY,YES,20-29,M,BLK,0,1,1
HS673045,2010-12-23 02:00:00,2010,12,5,2,MORGAN PARK,BATTERY,BATTERY,YES,0-19,M,BLK,0,1,1
HS673045,2010-12-23 02:00:00,2010,12,5,2,MORGAN PARK,BATTERY,BATTERY,YES,0-19,M,BLK,0,1,1
HS106380,2010-01-05 16:33:00,2010,1,3,16,NEAR NORTH SIDE,BATTERY,BATTERY,YES,20-29,M,BLK,0,1,1
HS153507,2010-02-06 02:15:00,2010,2,7,2,NEAR NORTH SIDE,BATTERY,BATTERY,YES,20-29,M,BLK,0,1,1
HS153507,2010-02-06 02:15:00,2010,2,7,2,NEAR NORTH SIDE,BATTERY,BATTERY,YES,20-29,M,BLK,0,1,1
HS174243,2010-02-21 01:00:00,2010,2,1,1,NEAR NORTH SIDE,BATTERY,BATTERY,YES,30-39,M,WWH,0,1,1
HS310986,2010-05-16 19:29:00,2010,5,1,19,NEAR NORTH SIDE,ROBBERY,ROBBERY,YES,20-29,M,API,0,1,1
HS373513,2010-06-22 18:10:00,2010,6,3,18,NEAR NORTH SIDE,BATTERY,BATTERY,YES,0-19,M,BLK,0,1,1
HS424692,2010-07-22 20:51:00,2010,7,5,20,NEAR NORTH SIDE,BATTERY,BATTERY,YES,0-19,UNKNOWN,UNKNOWN,0,1,1
HS433317,2010-07-28 02:48:00,2010,7,4,2,NEAR NORTH SIDE,BATTERY,BATTERY,YES,20-29,M,BLK,0,1,1
HS439096,2010-07-31 15:50:00,2010,7,7,15,NEAR NORTH SIDE,BATTERY,BATTERY,YES,20-29,M,BLK,0,1,1
HS461416,2010-08-13 23:06:00,2010,8,6,23,NEAR NORTH SIDE,BATTERY,BATTERY,YES,0-19,M,BLK,0,1,1
HS511961,2010-09-12 16:00:00,2010,9,1,16,NEAR NORTH SIDE,ROBBERY,ROBBERY,YES,30-39,M,WWH,0,1,1
HS548182,2010-10-04 19:30:00,2010,10,2,19,NEAR NORTH SIDE,BATTERY,BATTERY,YES,20-29,M,BLK,0,1,1
HS557017,2010-10-10 03:48:00,2010,10,1,3,NEAR NORTH SIDE,BATTERY,BATTERY,YES,20-29,M,BLK,0,1,1
HS568043,2010-10-16 20:52:00,2010,10,7,20,NEAR NORTH SIDE,HOMICIDE,HOMICIDE,YES,50-59,M,WHI,1,0,1
HS582298,2010-10-25 18:34:00,2010,10,2,18,NEAR NORTH SIDE,BATTERY,BATTERY,YES,30-39,M,BLK,0,1,1
HS608854,2010-11-10 15:21:00,2010,11,4,15,NEAR NORTH SIDE,BATTERY,BATTERY,YES,0-19,M,BLK,0,1,1
HS664047,2010-12-16 19:51:00,2010,12,5,19,NEAR NORTH SIDE,BATTERY,BATTERY,YES,30-39,M,BLK,0,1,1
HS456119,2010-08-10 20:50:00,2010,8,3,20,NEAR SOUTH SIDE,BATTERY,BATTERY,YES,0-19,M,BLK,0,1,1
HS125402,2010-01-18 04:28:00,2010,1,2,4,NEAR WEST SIDE,HOMICIDE,HOMICIDE,YES,20-29,M,BLK,1,0,1
HS164376,2010-02-14 00:44:00,2010,2,1,0,NEAR WEST SIDE,BATTERY,BATTERY,YES,20-29,M,BLK,0,1,1
HS182961,2010-02-26 21:15:00,2010,2,6,21,NEAR WEST SIDE,BATTERY,BATTERY,YES,40-49,M,BLK,0,1,1
HS239102,2010-04-03 02:00:00,2010,4,7,2,NEAR WEST SIDE,BATTERY,BATTERY,YES,0-19,M,BLK,0,1,1
HS268032,2010-04-21 00:10:00,2010,4,4,0,NEAR WEST SIDE,BATTERY,BATTERY,YES,20-29,M,BLK,0,1,1
HS283134,2010-04-30 01:19:00,2010,4,6,1,NEAR WEST SIDE,HOMICIDE,HOMICIDE,YES,20-29,M,BLK,1,0,1
HS321669,2010-05-23 03:25:00,2010,5,1,3,NEAR WEST SIDE,ROBBERY,ROBBERY,YES,20-29,M,BLK,0,1,1
HS340707,2010-06-03 14:00:00,2010,6,5,14,NEAR WEST SIDE,HOMICIDE,HOMICIDE,YES,20-29,M,BLK,1,0,1
HS370406,2010-06-20 00:11:00,2010,6,1,0,NEAR WEST SIDE,BATTERY,BATTERY,YES,30-39,M,BLK,0,1,1
HS370406,2010-06-20 00:11:00,2010,6,1,0,NEAR WEST SIDE,BATTERY,BATTERY,YES,30-39,M,BLK,0,1,1
HS370406,2010-06-20 00:11:00,2010,6,1,0,NEAR WEST SIDE,BATTERY,BATTERY,YES,30-39,M,BLK,0,1,1
HS370406,2010-06-20 00:11:00,2010,6,1,0,NEAR WEST SIDE,BATTERY,BATTERY,YES,0-19,F,BLK,0,1,1
HS370406,2010-06-20 00:11:00,2010,6,1,0,NEAR WEST SIDE,BATTERY,BATTERY,YES,30-39,M,BLK,0,1,1
HS373967,2010-06-22 21:50:00,2010,6,3,21,NEAR WEST SIDE,BATTERY,BATTERY,YES,0-19,M,WWH,0,1,1
HS391422,2010-07-03 00:26:00,2010,7,7,0,NEAR WEST SIDE,HOMICIDE,HOMICIDE,YES,20-29,M,BLK,1,0,1
HS430303,2010-07-26 12:00:00,2010,7,2,12,NEAR WEST SIDE,BATTERY,BATTERY,YES,UNKNOWN,UNKNOWN,UNKNOWN,0,1,1
HS434625,2010-07-28 19:45:00,2010,7,4,19,NEAR WEST SIDE,BATTERY,BATTERY,YES,UNKNOWN,UNKNOWN,UNKNOWN,0,1,1
HS439929,2010-08-01 03:05:00,2010,8,1,3,NEAR WEST SIDE,BATTERY,BATTERY,YES,30-39,M,BLK,0,1,1
HS468644,2010-08-18 12:18:00,2010,8,4,12,NEAR WEST SIDE,HOMICIDE,HOMICIDE,YES,20-29,F,BLK,1,0,1
HS481375,2010-08-25 18:24:00,2010,8,4,18,NEAR WEST SIDE,BATTERY,BATTERY,YES,0-19,M,BLK,0,1,1
HS481986,2010-08-26 02:45:00,2010,8,5,2,NEAR WEST SIDE,BATTERY,BATTERY,YES,20-29,M,WWH,0,1,1
HS481986,2010-08-26 02:45:00,2010,8,5,2,NEAR WEST SIDE,BATTERY,BATTERY,YES,20-29,M,WWH,0,1,1
HS481978,2010-08-26 02:49:00,2010,8,5,2,NEAR WEST SIDE,BATTERY,BATTERY,YES,20-29,UNKNOWN,UNKNOWN,0,1,1
HS491038,2010-08-31 01:35:00,2010,8,3,1,NEAR WEST SIDE,HOMICIDE,HOMICIDE,YES,20-29,M,BLK,1,0,1
HS503547,2010-09-07 15:00:00,2010,9,3,15,NEAR WEST SIDE,BATTERY,BATTERY,YES,20-29,F,BLK,0,1,1
HS577562,2010-10-22 18:59:00,2010,10,6,18,NEAR WEST SIDE,BATTERY,BATTERY,YES,UNKNOWN,UNKNOWN,UNKNOWN,0,1,1
HS577991,2010-10-23 00:18:00,2010,10,7,0,NEAR WEST SIDE,BATTERY,BATTERY,YES,30-39,M,BLK,0,1,1
HS661181,2010-12-14 23:05:00,2010,12,3,23,NEAR WEST SIDE,BATTERY,BATTERY,YES,20-29,M,BLK,0,1,1
HS667491,2010-12-19 05:00:00,2010,12,1,5,NEAR WEST SIDE,BATTERY,BATTERY,YES,30-39,M,BLK,0,1,1
HS676538,2010-12-26 02:40:00,2010,12,1,2,NEAR WEST SIDE,BATTERY,BATTERY,YES,0-19,M,BLK,0,1,1
HS676538,2010-12-26 02:40:00,2010,12,1,2,NEAR WEST SIDE,BATTERY,BATTERY,YES,30-39,M,BLK,0,1,1
HS105176,2010-01-04 20:46:00,2010,1,2,20,NEW CITY,BATTERY,BATTERY,YES,20-29,M,WWH,0,1,1
HS125093,2010-01-17 19:38:00,2010,1,1,19,NEW CITY,BATTERY,BATTERY,YES,20-29,M,WHI,0,1,1
HS129204,2010-01-20 14:19:00,2010,1,4,14,NEW CITY,BATTERY,BATTERY,YES,20-29,M,BLK,0,1,1
HS134482,2010-01-22 22:50:00,2010,1,6,22,NEW CITY,BATTERY,BATTERY,YES,0-19,M,BLK,0,1,1
HS166210,2010-02-15 15:20:00,2010,2,2,15,NEW CITY,BATTERY,BATTERY,YES,0-19,M,WWH,0,1,1
HS174820,2010-02-21 13:34:00,2010,2,1,13,NEW CITY,BATTERY,BATTERY,YES,0-19,M,WWH,0,1,1
HS189968,2010-03-03 17:00:00,2010,3,4,17,NEW CITY,BATTERY,BATTERY,YES,0-19,F,BLK,0,1,1
HS201008,2010-03-10 16:46:00,2010,3,4,16,NEW CITY,BATTERY,BATTERY,YES,20-29,M,BLK,0,1,1
HS203142,2010-03-11 20:35:00,2010,3,5,20,NEW CITY,BATTERY,BATTERY,YES,0-19,M,BLK,0,1,1
HS204763,2010-03-12 19:15:00,2010,3,6,19,NEW CITY,BATTERY,BATTERY,YES,0-19,M,WWH,0,1,1
HS213088,2010-03-17 23:10:00,2010,3,4,23,NEW CITY,BATTERY,BATTERY,YES,UNKNOWN,UNKNOWN,UNKNOWN,0,1,1
HS227964,2010-03-27 04:23:00,2010,3,7,4,NEW CITY,BATTERY,BATTERY,YES,UNKNOWN,UNKNOWN,UNKNOWN,0,1,1
HS237458,2010-04-02 01:20:00,2010,4,6,1,NEW CITY,BATTERY,BATTERY,YES,20-29,M,BLK,0,1,1
HS238085,2010-04-02 13:05:00,2010,4,6,13,NEW CITY,BATTERY,BATTERY,YES,20-29,M,BLK,0,1,1
HS242739,2010-04-05 16:16:00,2010,4,2,16,NEW CITY,BATTERY,BATTERY,YES,0-19,F,WHI,0,1,1
HS259626,2010-04-15 20:00:00,2010,4,5,20,NEW CITY,BATTERY,BATTERY,YES,30-39,F,WWH,0,1,1
HS259896,2010-04-15 23:00:00,2010,4,5,23,NEW CITY,HOMICIDE,HOMICIDE,YES,0-19,M,BLK,1,0,1
HS263407,2010-04-18 04:00:00,2010,4,1,4,NEW CITY,BATTERY,BATTERY,YES,UNKNOWN,UNKNOWN,UNKNOWN,0,1,1
HS263653,2010-04-18 11:06:00,2010,4,1,11,NEW CITY,BATTERY,BATTERY,YES,20-29,M,WWH,0,1,1
HS264058,2010-04-18 16:17:00,2010,4,1,16,NEW CITY,BATTERY,BATTERY,YES,0-19,M,WWH,0,1,1
HS264058,2010-04-18 16:17:00,2010,4,1,16,NEW CITY,BATTERY,BATTERY,YES,30-39,M,WHI,0,1,1
HS272380,2010-04-23 17:20:00,2010,4,6,17,NEW CITY,BATTERY,BATTERY,YES,0-19,M,WWH,0,1,1
HS278657,2010-04-27 14:10:00,2010,4,3,14,NEW CITY,BATTERY,BATTERY,YES,20-29,M,BLK,0,1,1
HS285133,2010-05-01 06:30:00,2010,5,7,6,NEW CITY,BATTERY,BATTERY,YES,20-29,M,WWH,0,1,1
HS287397,2010-05-02 17:25:00,2010,5,1,17,NEW CITY,BATTERY,BATTERY,YES,20-29,M,WWH,0,1,1
HS291342,2010-05-04 21:45:00,2010,5,3,21,NEW CITY,BATTERY,BATTERY,YES,0-19,M,WWH,0,1,1
HS321436,2010-05-22 23:15:00,2010,5,7,23,NEW CITY,BATTERY,BATTERY,YES,30-39,M,BLK,0,1,1
HS321427,2010-05-22 23:29:00,2010,5,7,23,NEW CITY,BATTERY,BATTERY,YES,20-29,M,BLK,0,1,1
HS321427,2010-05-22 23:29:00,2010,5,7,23,NEW CITY,BATTERY,BATTERY,YES,20-29,M,BLK,0,1,1
HS328560,2010-05-27 02:23:00,2010,5,5,2,NEW CITY,BATTERY,BATTERY,YES,20-29,M,BLK,0,1,1
HS332400,2010-05-29 08:45:00,2010,5,7,8,NEW CITY,ROBBERY,ROBBERY,YES,50-59,M,WHI,0,1,1
HS332466,2010-05-29 08:55:00,2010,5,7,8,NEW CITY,BATTERY,BATTERY,YES,20-29,M,BLK,0,1,1
HS333638,2010-05-30 00:28:00,2010,5,1,0,NEW CITY,HOMICIDE,HOMICIDE,YES,0-19,M,BLK,1,0,1
HS340913,2010-06-03 15:57:00,2010,6,5,15,NEW CITY,BATTERY,BATTERY,YES,0-19,M,BLK,0,1,1
HS343212,2010-06-04 21:10:00,2010,6,6,21,NEW CITY,BATTERY,BATTERY,YES,30-39,M,BLK,0,1,1
HS352547,2010-06-10 12:28:00,2010,6,5,12,NEW CITY,HOMICIDE,HOMICIDE,YES,20-29,M,BLK,1,0,1
HS363305,2010-06-16 18:35:00,2010,6,4,18,NEW CITY,BATTERY,BATTERY,YES,0-19,M,WWH,0,1,1
HS363395,2010-06-16 19:15:00,2010,6,4,19,NEW CITY,BATTERY,BATTERY,YES,0-19,M,BLK,0,1,1
HS364476,2010-06-17 13:28:00,2010,6,5,13,NEW CITY,BATTERY,BATTERY,YES,30-39,F,WWH,0,1,1
HS369122,2010-06-20 03:53:00,2010,6,1,3,NEW CITY,BATTERY,BATTERY,YES,20-29,M,BLK,0,1,1
HS369122,2010-06-20 03:53:00,2010,6,1,3,NEW CITY,BATTERY,BATTERY,YES,20-29,M,BLK,0,1,1
HS369910,2010-06-20 17:00:00,2010,6,1,17,NEW CITY,BATTERY,BATTERY,YES,30-39,M,BLK,0,1,1
HS377241,2010-06-24 21:30:00,2010,6,5,21,NEW CITY,HOMICIDE,HOMICIDE,NO,20-29,M,BLK,1,0,1
HS379349,2010-06-26 03:00:00,2010,6,7,3,NEW CITY,BATTERY,BATTERY,YES,0-19,M,WWH,0,1,1
HS379454,2010-06-26 05:46:00,2010,6,7,5,NEW CITY,BATTERY,BATTERY,YES,0-19,M,WWH,0,1,1
HS380885,2010-06-27 00:45:00,2010,6,1,0,NEW CITY,BATTERY,BATTERY,YES,40-49,M,WHI,0,1,1
HS385597,2010-06-29 18:40:00,2010,6,3,18,NEW CITY,BATTERY,BATTERY,YES,0-19,M,BLK,0,1,1
HS391476,2010-07-03 01:25:00,2010,7,7,1,NEW CITY,BATTERY,BATTERY,YES,20-29,M,WHI,0,1,1
HS397738,2010-07-06 23:16:00,2010,7,3,23,NEW CITY,BATTERY,BATTERY,YES,20-29,M,WWH,0,1,1
HS402879,2010-07-09 21:40:00,2010,7,6,21,NEW CITY,BATTERY,BATTERY,YES,40-49,M,WWH,0,1,1
HS409655,2010-07-14 02:00:00,2010,7,4,2,NEW CITY,BATTERY,BATTERY,YES,30-39,M,WWH,0,1,1
HS411276,2010-07-15 01:15:00,2010,7,5,1,NEW CITY,BATTERY,BATTERY,YES,30-39,F,BLK,0,1,1
HS411276,2010-07-15 01:15:00,2010,7,5,1,NEW CITY,BATTERY,BATTERY,YES,30-39,F,BLK,0,1,1
HS414699,2010-07-16 23:55:00,2010,7,6,23,NEW CITY,BATTERY,BATTERY,YES,20-29,M,WWH,0,1,1
HS419413,2010-07-19 20:40:00,2010,7,2,20,NEW CITY,HOMICIDE,HOMICIDE,YES,0-19,M,BLK,1,0,1
HS419413,2010-07-19 20:40:00,2010,7,2,20,NEW CITY,BATTERY,HOMICIDE,YES,20-29,M,BLK,0,1,1
HS428203,2010-07-25 01:30:00,2010,7,1,1,NEW CITY,BATTERY,BATTERY,YES,UNKNOWN,M,BLK,0,1,1
HS441197,2010-08-02 00:40:00,2010,8,2,0,NEW CITY,BATTERY,BATTERY,YES,20-29,M,BLK,0,1,1
HS441197,2010-08-02 00:40:00,2010,8,2,0,NEW CITY,BATTERY,BATTERY,YES,0-19,M,BLK,0,1,1
HS459500,2010-08-12 20:50:00,2010,8,5,20,NEW CITY,BATTERY,BATTERY,YES,20-29,M,BLK,0,1,1
HS463150,2010-08-14 23:45:00,2010,8,7,23,NEW CITY,BATTERY,BATTERY,YES,0-19,M,BLK,0,1,1
HS463332,2010-08-15 04:10:00,2010,8,1,4,NEW CITY,BATTERY,BATTERY,YES,40-49,M,WWH,0,1,1
HS464338,2010-08-15 20:00:00,2010,8,1,20,NEW CITY,BATTERY,BATTERY,YES,50-59,M,BLK,0,1,1
HS464369,2010-08-15 20:17:00,2010,8,1,20,NEW CITY,BATTERY,BATTERY,YES,20-29,M,WWH,0,1,1
HS464369,2010-08-15 20:17:00,2010,8,1,20,NEW CITY,BATTERY,BATTERY,YES,0-19,M,WWH,0,1,1
HS478168,2010-08-24 04:47:00,2010,8,3,4,NEW CITY,HOMICIDE,HOMICIDE,YES,20-29,M,BLK,1,0,1
HS487484,2010-08-29 00:41:00,2010,8,1,0,NEW CITY,BATTERY,BATTERY,YES,20-29,M,BLK,0,1,1
HS488658,2010-08-29 19:05:00,2010,8,1,19,NEW CITY,HOMICIDE,HOMICIDE,YES,30-39,M,BLK,1,0,1
HS492432,2010-08-31 19:50:00,2010,8,3,19,NEW CITY,BATTERY,BATTERY,YES,40-49,M,BLK,0,1,1
HS504293,2010-09-07 23:40:00,2010,9,3,23,NEW CITY,BATTERY,BATTERY,YES,40-49,F,BLK,0,1,1
HS510729,2010-09-11 21:35:00,2010,9,7,21,NEW CITY,BATTERY,BATTERY,YES,0-19,M,BLK,0,1,1
HS510729,2010-09-11 21:35:00,2010,9,7,21,NEW CITY,BATTERY,BATTERY,YES,0-19,F,BLK,0,1,1
HS510729,2010-09-11 21:35:00,2010,9,7,21,NEW CITY,BATTERY,BATTERY,YES,0-19,M,BLK,0,1,1
HS529365,2010-09-23 08:05:00,2010,9,5,8,NEW CITY,HOMICIDE,HOMICIDE,NO,60-69,M,BLK,1,0,1
HS534904,2010-09-26 14:30:00,2010,9,1,14,NEW CITY,BATTERY,BATTERY,YES,50-59,M,BLK,0,1,1
HS535812,2010-09-27 08:36:00,2010,9,2,8,NEW CITY,BATTERY,BATTERY,YES,30-39,M,BLK,0,1,1
HS549887,2010-10-05 21:15:00,2010,10,3,21,NEW CITY,BATTERY,BATTERY,YES,20-29,M,BLK,0,1,1
HS552999,2010-10-07 19:14:00,2010,10,5,19,NEW CITY,BATTERY,BATTERY,YES,0-19,M,API,0,1,1
HS552999,2010-10-07 19:14:00,2010,10,5,19,NEW CITY,BATTERY,BATTERY,YES,20-29,M,WWH,0,1,1
HS552999,2010-10-07 19:14:00,2010,10,5,19,NEW CITY,BATTERY,BATTERY,YES,0-19,M,BLK,0,1,1
HS555127,2010-10-09 00:01:00,2010,10,7,0,NEW CITY,BATTERY,BATTERY,YES,0-19,M,WHI,0,1,1
HS558240,2010-10-10 22:50:00,2010,10,1,22,NEW CITY,BATTERY,BATTERY,YES,0-19,M,WWH,0,1,1
HS582796,2010-10-26 00:25:00,2010,10,3,0,NEW CITY,BATTERY,BATTERY,YES,20-29,M,BLK,0,1,1
HS582796,2010-10-26 00:25:00,2010,10,3,0,NEW CITY,BATTERY,BATTERY,YES,20-29,M,BLK,0,1,1
HS584176,2010-10-26 18:15:00,2010,10,3,18,NEW CITY,ROBBERY,ROBBERY,YES,50-59,M,BLK,0,1,1
HS586915,2010-10-28 11:27:00,2010,10,5,11,NEW CITY,BATTERY,BATTERY,YES,30-39,M,BLK,0,1,1
HS605270,2010-11-08 16:20:00,2010,11,2,16,NEW CITY,BATTERY,HOMICIDE,YES,20-29,F,WBH,0,1,1
HS605270,2010-11-08 16:20:00,2010,11,2,16,NEW CITY,HOMICIDE,HOMICIDE,YES,20-29,F,WBH,1,0,1
HS605270,2010-11-08 16:20:00,2010,11,2,16,NEW CITY,BATTERY,HOMICIDE,YES,20-29,M,BLK,0,1,1
HS610023,2010-11-11 09:48:00,2010,11,5,9,NEW CITY,BATTERY,BATTERY,YES,30-39,F,BLK,0,1,1
HS622433,2010-11-18 23:08:00,2010,11,5,23,NEW CITY,BATTERY,BATTERY,YES,0-19,M,WHI,0,1,1
HS632679,2010-11-25 16:10:00,2010,11,5,16,NEW CITY,NON-FATAL,HOMICIDE,YES,20-29,M,WWH,0,1,1
HS632679,2010-11-25 16:10:00,2010,11,5,16,NEW CITY,HOMICIDE,HOMICIDE,YES,0-19,M,WWH,1,0,1
HS636733,2010-11-28 18:49:00,2010,11,1,18,NEW CITY,BATTERY,BATTERY,YES,0-19,M,WWH,0,1,1
HS646613,2010-12-05 03:00:00,2010,12,1,3,NEW CITY,HOMICIDE,HOMICIDE,YES,0-19,M,WWH,1,0,1
HS654856,2010-12-10 17:00:00,2010,12,6,17,NEW CITY,BATTERY,BATTERY,YES,20-29,M,BLK,0,1,1
HS657990,2010-12-12 23:30:00,2010,12,1,23,NEW CITY,BATTERY,BATTERY,YES,20-29,M,BLK,0,1,1
HS667395,2010-12-19 02:48:00,2010,12,1,2,NEW CITY,BATTERY,BATTERY,YES,20-29,M,WWH,0,1,1
HS352010,2010-06-10 04:00:00,2010,6,5,4,NORTH CENTER,BATTERY,BATTERY,YES,UNKNOWN,UNKNOWN,UNKNOWN,0,1,1
HS111525,2010-01-08 20:40:00,2010,1,6,20,NORTH LAWNDALE,BATTERY,BATTERY,YES,30-39,M,BLK,0,1,1
HS111688,2010-01-08 23:00:00,2010,1,6,23,NORTH LAWNDALE,HOMICIDE,HOMICIDE,NO,30-39,M,BLK,1,0,1
HS120797,2010-01-14 21:33:00,2010,1,5,21,NORTH LAWNDALE,BATTERY,BATTERY,YES,30-39,M,BLK,0,1,1
HS138589,2010-01-26 20:19:00,2010,1,3,20,NORTH LAWNDALE,BATTERY,BATTERY,YES,0-19,M,BLK,0,1,1
HS140013,2010-01-27 19:13:00,2010,1,4,19,NORTH LAWNDALE,BATTERY,BATTERY,YES,20-29,M,BLK,0,1,1
HS147707,2010-02-02 09:30:00,2010,2,3,9,NORTH LAWNDALE,ROBBERY,ROBBERY,YES,20-29,M,BLK,0,1,1
HS154800,2010-02-07 01:45:00,2010,2,1,1,NORTH LAWNDALE,BATTERY,BATTERY,YES,0-19,M,BLK,0,1,1
HS154800,2010-02-07 01:45:00,2010,2,1,1,NORTH LAWNDALE,BATTERY,BATTERY,YES,40-49,M,BLK,0,1,1
HS170173,2010-02-18 10:51:00,2010,2,5,10,NORTH LAWNDALE,BATTERY,BATTERY,YES,UNKNOWN,UNKNOWN,UNKNOWN,0,1,1
HS171029,2010-02-18 19:42:00,2010,2,5,19,NORTH LAWNDALE,BATTERY,BATTERY,YES,20-29,F,BLK,0,1,1
HS171029,2010-02-18 19:42:00,2010,2,5,19,NORTH LAWNDALE,BATTERY,BATTERY,YES,0-19,M,BLK,0,1,1
HS171029,2010-02-18 19:42:00,2010,2,5,19,NORTH LAWNDALE,BATTERY,BATTERY,YES,0-19,F,BLK,0,1,1
HS201710,2010-03-11 00:42:00,2010,3,5,0,NORTH LAWNDALE,BATTERY,BATTERY,YES,0-19,M,BLK,0,1,1
HS223602,2010-03-24 14:30:00,2010,3,4,14,NORTH LAWNDALE,BATTERY,BATTERY,YES,UNKNOWN,UNKNOWN,UNKNOWN,0,1,1
HS225977,2010-03-25 21:58:00,2010,3,5,21,NORTH LAWNDALE,HOMICIDE,HOMICIDE,YES,20-29,M,BLK,1,0,1
HS225977,2010-03-25 21:58:00,2010,3,5,21,NORTH LAWNDALE,NON-FATAL,HOMICIDE,YES,30-39,M,BLK,0,1,1
HS227227,2010-03-26 17:49:00,2010,3,6,17,NORTH LAWNDALE,HOMICIDE,HOMICIDE,YES,0-19,M,BLK,1,0,1
HS227227,2010-03-26 17:49:00,2010,3,6,17,NORTH LAWNDALE,BATTERY,HOMICIDE,YES,0-19,M,BLK,0,1,1
HS228700,2010-03-27 16:00:00,2010,3,7,16,NORTH LAWNDALE,BATTERY,BATTERY,YES,0-19,M,BLK,0,1,1
HS229158,2010-03-27 21:20:00,2010,3,7,21,NORTH LAWNDALE,BATTERY,BATTERY,YES,20-29,M,BLK,0,1,1
HS239292,2010-04-03 07:50:00,2010,4,7,7,NORTH LAWNDALE,HOMICIDE,HOMICIDE,YES,20-29,M,BLK,1,0,1
HS245171,2010-04-06 23:44:00,2010,4,3,23,NORTH LAWNDALE,HOMICIDE,HOMICIDE,YES,30-39,M,BLK,1,0,1
HS249219,2010-04-09 14:00:00,2010,4,6,14,NORTH LAWNDALE,ROBBERY,ROBBERY,YES,30-39,M,WWH,0,1,1
HS258237,2010-04-15 01:30:00,2010,4,5,1,NORTH LAWNDALE,BATTERY,BATTERY,YES,20-29,M,BLK,0,1,1
HS258423,2010-04-15 07:35:00,2010,4,5,7,NORTH LAWNDALE,BATTERY,BATTERY,YES,20-29,F,BLK,0,1,1
HS260047,2010-04-16 01:30:00,2010,4,6,1,NORTH LAWNDALE,BATTERY,BATTERY,YES,20-29,M,WBH,0,1,1
HS262691,2010-04-17 15:40:00,2010,4,7,15,NORTH LAWNDALE,BATTERY,BATTERY,YES,0-19,M,BLK,0,1,1
HS264473,2010-04-18 21:52:00,2010,4,1,21,NORTH LAWNDALE,HOMICIDE,HOMICIDE,YES,20-29,M,BLK,1,0,1
HS264473,2010-04-18 21:52:00,2010,4,1,21,NORTH LAWNDALE,HOMICIDE,HOMICIDE,YES,20-29,M,BLK,1,0,1
HS267457,2010-04-20 17:15:00,2010,4,3,17,NORTH LAWNDALE,BATTERY,BATTERY,YES,30-39,M,BLK,0,1,1
HS281132,2010-04-28 21:06:00,2010,4,4,21,NORTH LAWNDALE,BATTERY,BATTERY,YES,0-19,M,BLK,0,1,1
HS282961,2010-04-29 22:40:00,2010,4,5,22,NORTH LAWNDALE,BATTERY,BATTERY,YES,20-29,M,BLK,0,1,1
HS306283,2010-05-13 20:20:00,2010,5,5,20,NORTH LAWNDALE,BATTERY,BATTERY,YES,0-19,M,BLK,0,1,1
HS310141,2010-05-16 06:22:00,2010,5,1,6,NORTH LAWNDALE,HOMICIDE,HOMICIDE,NO,40-49,M,WWH,1,0,1
HS351896,2010-06-10 02:05:00,2010,6,5,2,NORTH LAWNDALE,BATTERY,BATTERY,YES,20-29,M,BLK,0,1,1
HS367229,2010-06-18 21:45:00,2010,6,6,21,NORTH LAWNDALE,BATTERY,BATTERY,YES,20-29,M,BLK,0,1,1
HS367475,2010-06-19 03:01:00,2010,6,7,3,NORTH LAWNDALE,HOMICIDE,HOMICIDE,YES,40-49,M,BLK,1,0,1
HS367475,2010-06-19 03:01:00,2010,6,7,3,NORTH LAWNDALE,HOMICIDE,HOMICIDE,YES,20-29,M,BLK,1,0,1
HS367475,2010-06-19 03:01:00,2010,6,7,3,NORTH LAWNDALE,HOMICIDE,HOMICIDE,YES,20-29,M,BLK,1,0,1
HS368177,2010-06-19 15:10:00,2010,6,7,15,NORTH LAWNDALE,BATTERY,BATTERY,YES,0-19,M,BLK,0,1,1
HS368452,2010-06-19 18:04:00,2010,6,7,18,NORTH LAWNDALE,BATTERY,BATTERY,YES,20-29,M,BLK,0,1,1
HS368452,2010-06-19 18:04:00,2010,6,7,18,NORTH LAWNDALE,BATTERY,BATTERY,YES,20-29,M,BLK,0,1,1
HS368452,2010-06-19 18:04:00,2010,6,7,18,NORTH LAWNDALE,BATTERY,BATTERY,YES,20-29,M,BLK,0,1,1
HS368452,2010-06-19 18:04:00,2010,6,7,18,NORTH LAWNDALE,BATTERY,BATTERY,YES,0-19,M,BLK,0,1,1
HS368452,2010-06-19 18:04:00,2010,6,7,18,NORTH LAWNDALE,BATTERY,BATTERY,YES,20-29,M,BLK,0,1,1
HS384935,2010-06-29 12:05:00,2010,6,3,12,NORTH LAWNDALE,BATTERY,BATTERY,YES,0-19,M,BLK,0,1,1
HS387422,2010-06-30 19:00:00,2010,6,4,19,NORTH LAWNDALE,BATTERY,BATTERY,YES,30-39,M,BLK,0,1,1
HS398826,2010-07-07 16:20:00,2010,7,4,16,NORTH LAWNDALE,BATTERY,BATTERY,YES,20-29,M,BLK,0,1,1
HS399424,2010-07-07 23:20:00,2010,7,4,23,NORTH LAWNDALE,HOMICIDE,HOMICIDE,YES,30-39,M,BLK,1,0,1
HS399424,2010-07-07 23:20:00,2010,7,4,23,NORTH LAWNDALE,NON-FATAL,HOMICIDE,YES,30-39,F,BLK,0,1,1
HS399555,2010-07-08 01:39:00,2010,7,5,1,NORTH LAWNDALE,BATTERY,BATTERY,YES,0-19,M,BLK,0,1,1
HS408695,2010-07-13 15:00:00,2010,7,3,15,NORTH LAWNDALE,BATTERY,BATTERY,YES,0-19,M,BLK,0,1,1
HS409466,2010-07-13 23:25:00,2010,7,3,23,NORTH LAWNDALE,BATTERY,BATTERY,YES,0-19,M,BLK,0,1,1
HS410768,2010-07-14 18:52:00,2010,7,4,18,NORTH LAWNDALE,BATTERY,BATTERY,YES,20-29,M,BLK,0,1,1
HS413679,2010-07-16 13:38:00,2010,7,6,13,NORTH LAWNDALE,BATTERY,BATTERY,YES,0-19,M,BLK,0,1,1
HS415536,2010-07-17 14:35:00,2010,7,7,14,NORTH LAWNDALE,HOMICIDE,HOMICIDE,YES,30-39,M,BLK,1,0,1
HS415966,2010-07-17 19:04:00,2010,7,7,19,NORTH LAWNDALE,BATTERY,BATTERY,YES,20-29,M,BLK,0,1,1
HS417601,2010-07-18 19:50:00,2010,7,1,19,NORTH LAWNDALE,BATTERY,BATTERY,YES,40-49,M,BLK,0,1,1
HS417601,2010-07-18 19:50:00,2010,7,1,19,NORTH LAWNDALE,BATTERY,BATTERY,YES,30-39,F,BLK,0,1,1
HS417601,2010-07-18 19:50:00,2010,7,1,19,NORTH LAWNDALE,BATTERY,BATTERY,YES,40-49,M,BLK,0,1,1
HS417601,2010-07-18 19:50:00,2010,7,1,19,NORTH LAWNDALE,BATTERY,BATTERY,YES,40-49,M,BLK,0,1,1
HS417601,2010-07-18 19:50:00,2010,7,1,19,NORTH LAWNDALE,BATTERY,BATTERY,YES,40-49,M,BLK,0,1,1
HS417908,2010-07-19 00:17:00,2010,7,2,0,NORTH LAWNDALE,BATTERY,BATTERY,YES,30-39,M,BLK,0,1,1
HS444155,2010-08-03 19:20:00,2010,8,3,19,NORTH LAWNDALE,BATTERY,BATTERY,YES,50-59,F,BLK,0,1,1
HS444155,2010-08-03 19:20:00,2010,8,3,19,NORTH LAWNDALE,BATTERY,BATTERY,YES,20-29,M,BLK,0,1,1
HS444155,2010-08-03 19:20:00,2010,8,3,19,NORTH LAWNDALE,BATTERY,BATTERY,YES,20-29,M,BLK,0,1,1
HS455650,2010-08-10 16:36:00,2010,8,3,16,NORTH LAWNDALE,HOMICIDE,HOMICIDE,YES,30-39,M,BLK,1,0,1
HS457581,2010-08-11 18:15:00,2010,8,4,18,NORTH LAWNDALE,BATTERY,BATTERY,YES,30-39,M,BLK,0,1,1
HS466686,2010-08-17 08:25:00,2010,8,3,8,NORTH LAWNDALE,HOMICIDE,HOMICIDE,YES,40-49,M,BLK,1,0,1
HS474982,2010-08-22 02:45:00,2010,8,1,2,NORTH LAWNDALE,BATTERY,BATTERY,YES,20-29,M,BLK,0,1,1
HS479876,2010-08-24 22:33:00,2010,8,3,22,NORTH LAWNDALE,BATTERY,BATTERY,YES,0-19,M,BLK,0,1,1
HS480950,2010-08-25 14:33:00,2010,8,4,14,NORTH LAWNDALE,BATTERY,BATTERY,YES,20-29,F,BLK,0,1,1
HS485882,2010-08-28 02:20:00,2010,8,7,2,NORTH LAWNDALE,BATTERY,BATTERY,YES,20-29,M,BLK,0,1,1
HS485882,2010-08-28 02:20:00,2010,8,7,2,NORTH LAWNDALE,BATTERY,BATTERY,YES,20-29,M,BLK,0,1,1
HS497673,2010-09-03 19:20:00,2010,9,6,19,NORTH LAWNDALE,BATTERY,BATTERY,YES,30-39,M,BLK,0,1,1
HS499614,2010-09-05 01:25:00,2010,9,1,1,NORTH LAWNDALE,BATTERY,BATTERY,YES,20-29,M,BLK,0,1,1
HS504246,2010-09-07 23:25:00,2010,9,3,23,NORTH LAWNDALE,BATTERY,BATTERY,YES,30-39,M,BLK,0,1,1
HS517254,2010-09-15 21:18:00,2010,9,4,21,NORTH LAWNDALE,BATTERY,BATTERY,YES,0-19,M,BLK,0,1,1
HS521004,2010-09-18 03:00:00,2010,9,7,3,NORTH LAWNDALE,BATTERY,BATTERY,YES,0-19,M,BLK,0,1,1
HS523715,2010-09-18 21:50:00,2010,9,7,21,NORTH LAWNDALE,HOMICIDE,HOMICIDE,NO,50-59,M,BLK,1,0,1
HS524597,2010-09-20 13:45:00,2010,9,2,13,NORTH LAWNDALE,BATTERY,BATTERY,YES,20-29,M,BLK,0,1,1
HS551431,2010-10-06 20:20:00,2010,10,4,20,NORTH LAWNDALE,BATTERY,BATTERY,YES,20-29,M,BLK,0,1,1
HS551431,2010-10-06 20:20:00,2010,10,4,20,NORTH LAWNDALE,BATTERY,BATTERY,YES,0-19,M,BLK,0,1,1
HS558170,2010-10-10 22:18:00,2010,10,1,22,NORTH LAWNDALE,HOMICIDE,HOMICIDE,NO,30-39,M,BLK,1,0,1
HS563331,2010-10-13 22:50:00,2010,10,4,22,NORTH LAWNDALE,BATTERY,BATTERY,YES,0-19,M,BLK,0,1,1
HS564982,2010-10-14 23:20:00,2010,10,5,23,NORTH LAWNDALE,ROBBERY,ROBBERY,YES,30-39,M,BLK,0,1,1
HS568050,2010-10-16 20:50:00,2010,10,7,20,NORTH LAWNDALE,BATTERY,BATTERY,YES,20-29,M,BLK,0,1,1
HS571023,2010-10-18 20:13:00,2010,10,2,20,NORTH LAWNDALE,BATTERY,BATTERY,YES,20-29,M,BLK,0,1,1
HS579697,2010-10-24 02:52:00,2010,10,1,2,NORTH LAWNDALE,BATTERY,BATTERY,YES,20-29,M,BLK,0,1,1
HS582409,2010-10-25 19:40:00,2010,10,2,19,NORTH LAWNDALE,BATTERY,BATTERY,YES,20-29,M,BLK,0,1,1
HS589389,2010-10-29 19:30:00,2010,10,6,19,NORTH LAWNDALE,BATTERY,BATTERY,YES,30-39,M,BLK,0,1,1
HS607745,2010-11-09 21:30:00,2010,11,3,21,NORTH LAWNDALE,BATTERY,BATTERY,YES,0-19,M,BLK,0,1,1
HS607745,2010-11-09 21:30:00,2010,11,3,21,NORTH LAWNDALE,BATTERY,BATTERY,YES,20-29,M,BLK,0,1,1
HS612641,2010-11-12 19:48:00,2010,11,6,19,NORTH LAWNDALE,BATTERY,BATTERY,YES,20-29,M,BLK,0,1,1
HS612641,2010-11-12 19:48:00,2010,11,6,19,NORTH LAWNDALE,BATTERY,BATTERY,YES,0-19,M,BLK,0,1,1
HS614207,2010-11-13 20:40:00,2010,11,7,20,NORTH LAWNDALE,BATTERY,BATTERY,YES,20-29,M,BLK,0,1,1
HS614627,2010-11-14 04:30:00,2010,11,1,4,NORTH LAWNDALE,BATTERY,BATTERY,YES,20-29,M,WWH,0,1,1
HS628233,2010-11-22 17:55:00,2010,11,2,17,NORTH LAWNDALE,HOMICIDE,HOMICIDE,YES,50-59,M,BLK,1,0,1
HS634098,2010-11-26 19:50:00,2010,11,6,19,NORTH LAWNDALE,BATTERY,BATTERY,YES,20-29,M,BLK,0,1,1
HS634098,2010-11-26 19:50:00,2010,11,6,19,NORTH LAWNDALE,BATTERY,BATTERY,YES,20-29,M,BLK,0,1,1
HS643629,2010-12-03 07:18:00,2010,12,6,7,NORTH LAWNDALE,BATTERY,BATTERY,YES,0-19,M,BLK,0,1,1
HS648638,2010-12-06 14:30:00,2010,12,2,14,NORTH LAWNDALE,BATTERY,BATTERY,YES,20-29,M,BLK,0,1,1
HS656317,2010-12-11 21:00:00,2010,12,7,21,NORTH LAWNDALE,HOMICIDE,HOMICIDE,NO,40-49,M,WWH,1,0,1
HS665199,2010-12-17 15:30:00,2010,12,6,15,NORTH LAWNDALE,BATTERY,BATTERY,YES,20-29,M,BLK,0,1,1
HS669761,2010-12-20 20:47:00,2010,12,2,20,NORTH LAWNDALE,HOMICIDE,HOMICIDE,YES,20-29,M,BLK,1,0,1
HS675217,2010-12-24 16:35:00,2010,12,6,16,NORTH LAWNDALE,BATTERY,BATTERY,YES,20-29,M,BLK,0,1,1
HS684468,2010-12-31 22:00:00,2010,12,6,22,NORTH LAWNDALE,BATTERY,BATTERY,YES,0-19,M,BLK,0,1,1
HS272781,2010-04-23 21:30:00,2010,4,6,21,NORTH PARK,HOMICIDE,HOMICIDE,YES,30-39,M,WWH,1,0,1
HS601461,2010-11-06 02:18:00,2010,11,7,2,NORTH PARK,BATTERY,BATTERY,YES,20-29,M,BLK,0,1,1
HS395672,2010-07-05 20:08:00,2010,7,2,20,OAKLAND,BATTERY,BATTERY,YES,20-29,M,BLK,0,1,1
HS399487,2010-07-08 00:07:00,2010,7,5,0,OAKLAND,HOMICIDE,HOMICIDE,YES,0-19,M,BLK,1,0,1
HS416377,2010-07-18 00:50:00,2010,7,1,0,OAKLAND,BATTERY,BATTERY,YES,20-29,M,BLK,0,1,1
HS447614,2010-08-05 19:10:00,2010,8,5,19,OAKLAND,BATTERY,BATTERY,YES,0-19,M,BLK,0,1,1
HS558095,2010-10-10 21:17:00,2010,10,1,21,OAKLAND,BATTERY,BATTERY,YES,20-29,M,BLK,0,1,1
HS572166,2010-10-19 14:55:00,2010,10,3,14,OAKLAND,ROBBERY,ROBBERY,YES,30-39,M,BLK,0,1,1
HS598669,2010-11-04 13:25:00,2010,11,5,13,OAKLAND,HOMICIDE,HOMICIDE,YES,20-29,M,BLK,1,0,1
HS209684,2010-03-16 00:52:00,2010,3,3,0,PORTAGE PARK,BATTERY,BATTERY,YES,40-49,M,WWH,0,1,1
HS216306,2010-03-19 21:06:00,2010,3,6,21,PORTAGE PARK,HOMICIDE,HOMICIDE,YES,20-29,M,WHI,1,0,1
HS380853,2010-06-27 02:00:00,2010,6,1,2,PORTAGE PARK,BATTERY,BATTERY,YES,UNKNOWN,UNKNOWN,UNKNOWN,0,1,1
HS389199,2010-07-01 18:00:00,2010,7,5,18,PORTAGE PARK,ROBBERY,ROBBERY,YES,40-49,M,WWH,0,1,1
HS438170,2010-07-30 22:55:00,2010,7,6,22,PORTAGE PARK,BATTERY,HOMICIDE,YES,20-29,M,WWH,0,1,1
HS438170,2010-07-30 22:55:00,2010,7,6,22,PORTAGE PARK,HOMICIDE,HOMICIDE,YES,20-29,M,WWH,1,0,1
HS487567,2010-08-29 02:30:00,2010,8,1,2,PORTAGE PARK,ROBBERY,ROBBERY,YES,20-29,M,BLK,0,1,1
HS487567,2010-08-29 02:30:00,2010,8,1,2,PORTAGE PARK,ROBBERY,ROBBERY,YES,20-29,M,BLK,0,1,1
HS500971,2010-09-06 00:30:00,2010,9,2,0,PORTAGE PARK,BATTERY,BATTERY,YES,0-19,M,WWH,0,1,1
HS646403,2010-12-04 21:35:00,2010,12,7,21,PORTAGE PARK,BATTERY,BATTERY,YES,0-19,M,WWH,0,1,1
HS150419,2010-02-04 03:33:00,2010,2,5,3,PULLMAN,BATTERY,BATTERY,YES,20-29,F,BLK,0,1,1
HS194961,2010-03-06 17:39:00,2010,3,7,17,PULLMAN,BATTERY,BATTERY,YES,20-29,M,BLK,0,1,1
HS234536,2010-03-31 12:28:00,2010,3,4,12,PULLMAN,BATTERY,BATTERY,YES,0-19,M,BLK,0,1,1
HS275957,2010-04-25 21:47:00,2010,4,1,21,PULLMAN,BATTERY,BATTERY,YES,20-29,M,BLK,0,1,1
HS333655,2010-05-30 00:45:00,2010,5,1,0,PULLMAN,BATTERY,BATTERY,YES,20-29,M,BLK,0,1,1
HS343007,2010-06-04 17:00:00,2010,6,6,17,PULLMAN,ROBBERY,ROBBERY,YES,0-19,M,BLK,0,1,1
HS351872,2010-06-10 01:34:00,2010,6,5,1,PULLMAN,ROBBERY,ROBBERY,YES,UNKNOWN,UNKNOWN,UNKNOWN,0,1,1
HS368928,2010-06-20 00:05:00,2010,6,1,0,PULLMAN,BATTERY,BATTERY,YES,30-39,M,BLK,0,1,1
HS545371,2010-10-02 23:06:00,2010,10,7,23,PULLMAN,BATTERY,BATTERY,YES,20-29,M,BLK,0,1,1
HS545371,2010-10-02 23:06:00,2010,10,7,23,PULLMAN,BATTERY,BATTERY,YES,20-29,M,BLK,0,1,1
HS545371,2010-10-02 23:06:00,2010,10,7,23,PULLMAN,BATTERY,BATTERY,YES,20-29,M,BLK,0,1,1
HS615520,2010-11-14 19:05:00,2010,11,1,19,PULLMAN,BATTERY,BATTERY,YES,0-19,M,BLK,0,1,1
HS111814,2010-01-09 01:48:47,2010,1,7,1,RIVERDALE,BATTERY,BATTERY,YES,UNKNOWN,UNKNOWN,UNKNOWN,0,1,1
HS133154,2010-01-23 02:45:00,2010,1,7,2,RIVERDALE,BATTERY,BATTERY,YES,30-39,M,BLK,0,1,1
HS145684,2010-01-31 19:00:00,2010,1,1,19,RIVERDALE,BATTERY,BATTERY,YES,20-29,M,BLK,0,1,1
HS158767,2010-02-10 01:30:00,2010,2,4,1,RIVERDALE,HOMICIDE,HOMICIDE,YES,20-29,M,BLK,1,0,1
HS176996,2010-02-23 03:10:00,2010,2,3,3,RIVERDALE,BATTERY,BATTERY,YES,UNKNOWN,UNKNOWN,UNKNOWN,0,1,1
HS232291,2010-03-29 23:00:00,2010,3,2,23,RIVERDALE,BATTERY,BATTERY,YES,20-29,M,BLK,0,1,1
HS237382,2010-04-01 23:53:00,2010,4,5,23,RIVERDALE,BATTERY,BATTERY,YES,20-29,M,BLK,0,1,1
HS395026,2010-07-05 13:25:00,2010,7,2,13,RIVERDALE,BATTERY,BATTERY,YES,20-29,M,BLK,0,1,1
HS464509,2010-08-15 22:10:00,2010,8,1,22,RIVERDALE,BATTERY,BATTERY,YES,20-29,M,BLK,0,1,1
HS510423,2010-09-11 16:00:00,2010,9,7,16,RIVERDALE,BATTERY,BATTERY,YES,UNKNOWN,UNKNOWN,UNKNOWN,0,1,1
HS580629,2010-10-24 19:30:00,2010,10,1,19,RIVERDALE,BATTERY,BATTERY,YES,0-19,M,BLK,0,1,1
HS607188,2010-11-09 15:50:00,2010,11,3,15,RIVERDALE,BATTERY,BATTERY,YES,20-29,M,BLK,0,1,1
HS631718,2010-11-24 19:40:00,2010,11,4,19,RIVERDALE,ROBBERY,ROBBERY,YES,40-49,M,BLK,0,1,1
HS657020,2010-12-11 23:15:00,2010,12,7,23,RIVERDALE,BATTERY,BATTERY,YES,UNKNOWN,UNKNOWN,UNKNOWN,0,1,1
HS658007,2010-12-13 00:01:00,2010,12,2,0,RIVERDALE,ROBBERY,ROBBERY,YES,50-59,M,BLK,0,1,1
HS658007,2010-12-13 00:01:00,2010,12,2,0,RIVERDALE,ROBBERY,ROBBERY,YES,20-29,M,BLK,0,1,1
HS659563,2010-12-13 23:05:00,2010,12,2,23,RIVERDALE,BATTERY,BATTERY,YES,20-29,M,BLK,0,1,1
HS669613,2010-12-20 19:00:00,2010,12,2,19,RIVERDALE,HOMICIDE,HOMICIDE,YES,30-39,M,BLK,1,0,1
HS677577,2010-12-27 06:00:00,2010,12,2,6,RIVERDALE,BATTERY,BATTERY,YES,UNKNOWN,UNKNOWN,UNKNOWN,0,1,1
HS119744,2010-01-14 12:15:00,2010,1,5,12,ROGERS PARK,HOMICIDE,HOMICIDE,NO,40-49,M,WHI,1,0,1
HS212448,2010-03-17 16:31:00,2010,3,4,16,ROGERS PARK,BATTERY,BATTERY,YES,0-19,M,WWH,0,1,1
HS213317,2010-03-18 06:50:00,2010,3,5,6,ROGERS PARK,BATTERY,BATTERY,YES,20-29,M,BLK,0,1,1
HS293060,2010-05-05 20:35:00,2010,5,4,20,ROGERS PARK,BATTERY,BATTERY,YES,30-39,M,BLK,0,1,1
HS299672,2010-05-09 23:20:00,2010,5,1,23,ROGERS PARK,BATTERY,BATTERY,YES,0-19,M,BLK,0,1,1
HS299672,2010-05-09 23:20:00,2010,5,1,23,ROGERS PARK,BATTERY,BATTERY,YES,0-19,M,BLK,0,1,1
HS317388,2010-05-20 14:54:00,2010,5,5,14,ROGERS PARK,HOMICIDE,HOMICIDE,NO,40-49,M,WHI,1,0,1
HS325022,2010-05-25 05:15:00,2010,5,3,5,ROGERS PARK,BATTERY,BATTERY,YES,30-39,M,BLK,0,1,1
HS337941,2010-06-01 20:35:00,2010,6,3,20,ROGERS PARK,BATTERY,BATTERY,YES,0-19,M,BLK,0,1,1
HS360412,2010-06-15 07:05:00,2010,6,3,7,ROGERS PARK,BATTERY,BATTERY,YES,UNKNOWN,UNKNOWN,UNKNOWN,0,1,1
HS397250,2010-07-06 18:10:00,2010,7,3,18,ROGERS PARK,BATTERY,BATTERY,YES,30-39,M,BLK,0,1,1
HS399651,2010-07-08 05:13:00,2010,7,5,5,ROGERS PARK,BATTERY,BATTERY,YES,0-19,M,BLK,0,1,1
HS421274,2010-07-20 23:12:00,2010,7,3,23,ROGERS PARK,BATTERY,BATTERY,YES,0-19,M,BLK,0,1,1
HS435986,2010-07-29 17:40:00,2010,7,5,17,ROGERS PARK,BATTERY,BATTERY,YES,20-29,M,BLK,0,1,1
HS463165,2010-08-15 02:27:00,2010,8,1,2,ROGERS PARK,HOMICIDE,HOMICIDE,NO,50-59,F,WHI,1,0,1
HS476467,2010-08-23 04:02:00,2010,8,2,4,ROGERS PARK,BATTERY,BATTERY,YES,UNKNOWN,UNKNOWN,UNKNOWN,0,1,1
HS545515,2010-10-03 01:35:00,2010,10,1,1,ROGERS PARK,BATTERY,BATTERY,YES,20-29,M,WWH,0,1,1
HS597780,2010-11-03 22:03:00,2010,11,4,22,ROGERS PARK,BATTERY,BATTERY,YES,0-19,M,BLK,0,1,1
HS641967,2010-12-02 05:47:41,2010,12,5,5,ROGERS PARK,BATTERY,BATTERY,YES,UNKNOWN,UNKNOWN,UNKNOWN,0,1,1
HS646582,2010-12-05 02:08:41,2010,12,1,2,ROGERS PARK,BATTERY,BATTERY,YES,UNKNOWN,UNKNOWN,UNKNOWN,0,1,1
HS650449,2010-12-07 19:14:00,2010,12,3,19,ROGERS PARK,BATTERY,BATTERY,YES,20-29,M,BLK,0,1,1
HS683417,2010-12-31 03:05:00,2010,12,6,3,ROGERS PARK,BATTERY,BATTERY,YES,30-39,M,WWH,0,1,1
HS683411,2010-12-31 03:07:00,2010,12,6,3,ROGERS PARK,BATTERY,BATTERY,YES,20-29,M,BLK,0,1,1
HS102143,2010-01-02 16:17:00,2010,1,7,16,ROSELAND,HOMICIDE,HOMICIDE,NO,60-69,F,BLK,1,0,1
HS106092,2010-01-05 12:30:00,2010,1,3,12,ROSELAND,BATTERY,BATTERY,YES,UNKNOWN,UNKNOWN,UNKNOWN,0,1,1
HS121912,2010-01-15 16:41:00,2010,1,6,16,ROSELAND,BATTERY,BATTERY,YES,0-19,M,BLK,0,1,1
HS134162,2010-01-23 18:42:00,2010,1,7,18,ROSELAND,BATTERY,BATTERY,YES,20-29,M,BLK,0,1,1
HS134162,2010-01-23 18:42:00,2010,1,7,18,ROSELAND,BATTERY,BATTERY,YES,0-19,F,BLK,0,1,1
HS134162,2010-01-23 18:42:00,2010,1,7,18,ROSELAND,BATTERY,BATTERY,YES,0-19,F,BLK,0,1,1
HS134778,2010-01-24 05:24:00,2010,1,1,5,ROSELAND,ROBBERY,ROBBERY,YES,UNKNOWN,UNKNOWN,UNKNOWN,0,1,1
HS152798,2010-02-05 17:10:00,2010,2,6,17,ROSELAND,BATTERY,BATTERY,YES,UNKNOWN,M,BLK,0,1,1
HS162776,2010-02-12 18:50:00,2010,2,6,18,ROSELAND,BATTERY,BATTERY,YES,0-19,M,BLK,0,1,1
HS166369,2010-02-15 16:55:00,2010,2,2,16,ROSELAND,BATTERY,BATTERY,YES,0-19,M,BLK,0,1,1
HS185557,2010-02-28 22:10:00,2010,2,1,22,ROSELAND,BATTERY,BATTERY,YES,20-29,M,BLK,0,1,1
HS187379,2010-03-02 07:15:00,2010,3,3,7,ROSELAND,BATTERY,BATTERY,YES,UNKNOWN,UNKNOWN,UNKNOWN,0,1,1
HS195821,2010-03-07 13:21:00,2010,3,1,13,ROSELAND,HOMICIDE,HOMICIDE,YES,30-39,M,BLK,1,0,1
HS207971,2010-03-14 23:17:00,2010,3,1,23,ROSELAND,HOMICIDE,HOMICIDE,YES,20-29,M,BLK,1,0,1
HS214346,2010-03-18 18:00:00,2010,3,5,18,ROSELAND,BATTERY,BATTERY,YES,0-19,M,BLK,0,1,1
HS216506,2010-03-19 22:40:00,2010,3,6,22,ROSELAND,ROBBERY,ROBBERY,YES,20-29,M,BLK,0,1,1
HS220950,2010-03-22 20:50:00,2010,3,2,20,ROSELAND,BATTERY,BATTERY,YES,40-49,F,BLK,0,1,1
HS222155,2010-03-23 16:42:00,2010,3,3,16,ROSELAND,BATTERY,BATTERY,YES,20-29,M,BLK,0,1,1
HS223005,2010-03-24 08:14:00,2010,3,4,8,ROSELAND,BATTERY,BATTERY,YES,UNKNOWN,UNKNOWN,UNKNOWN,0,1,1
HS227547,2010-03-26 21:27:00,2010,3,6,21,ROSELAND,BATTERY,BATTERY,YES,0-19,M,BLK,0,1,1
HS232758,2010-03-30 11:15:00,2010,3,3,11,ROSELAND,HOMICIDE,HOMICIDE,NO,30-39,F,BLK,1,0,1
HS238852,2010-04-02 21:40:00,2010,4,6,21,ROSELAND,BATTERY,BATTERY,YES,0-19,F,BLK,0,1,1
HS243272,2010-04-05 20:40:00,2010,4,2,20,ROSELAND,BATTERY,BATTERY,YES,30-39,M,BLK,0,1,1
HS245081,2010-04-06 22:54:00,2010,4,3,22,ROSELAND,BATTERY,BATTERY,YES,30-39,M,BLK,0,1,1
HS251699,2010-04-10 22:30:00,2010,4,7,22,ROSELAND,BATTERY,BATTERY,YES,20-29,F,BLK,0,1,1
HS257232,2010-04-14 15:00:00,2010,4,4,15,ROSELAND,HOMICIDE,HOMICIDE,YES,40-49,M,BLK,1,0,1
HS258038,2010-04-14 22:19:00,2010,4,4,22,ROSELAND,BATTERY,BATTERY,YES,30-39,M,BLK,0,1,1
HS262391,2010-04-17 11:33:00,2010,4,7,11,ROSELAND,BATTERY,BATTERY,YES,UNKNOWN,UNKNOWN,UNKNOWN,0,1,1
HS266280,2010-04-20 00:28:00,2010,4,3,0,ROSELAND,HOMICIDE,HOMICIDE,YES,20-29,M,BLK,1,0,1
HS268098,2010-04-21 03:39:00,2010,4,4,3,ROSELAND,BATTERY,BATTERY,YES,UNKNOWN,UNKNOWN,UNKNOWN,0,1,1
HS284791,2010-04-30 22:47:00,2010,4,6,22,ROSELAND,HOMICIDE,HOMICIDE,YES,0-19,M,BLK,1,0,1
HS286463,2010-05-02 00:48:00,2010,5,1,0,ROSELAND,BATTERY,BATTERY,YES,20-29,M,BLK,0,1,1
HS286463,2010-05-02 00:48:00,2010,5,1,0,ROSELAND,BATTERY,BATTERY,YES,20-29,M,BLK,0,1,1
HS287659,2010-05-02 20:55:00,2010,5,1,20,ROSELAND,BATTERY,BATTERY,YES,20-29,M,BLK,0,1,1
HS291136,2010-05-04 19:45:00,2010,5,3,19,ROSELAND,BATTERY,BATTERY,YES,0-19,M,BLK,0,1,1
HS296852,2010-05-08 00:31:00,2010,5,7,0,ROSELAND,BATTERY,BATTERY,YES,50-59,F,BLK,0,1,1
HS308442,2010-05-15 01:35:35,2010,5,7,1,ROSELAND,ROBBERY,ROBBERY,YES,UNKNOWN,UNKNOWN,UNKNOWN,0,1,1
HS320123,2010-05-22 04:10:00,2010,5,7,4,ROSELAND,BATTERY,BATTERY,YES,40-49,F,BLK,0,1,1
HS321282,2010-05-22 21:35:00,2010,5,7,21,ROSELAND,BATTERY,BATTERY,YES,0-19,M,BLK,0,1,1
HS322783,2010-05-23 21:08:00,2010,5,1,21,ROSELAND,BATTERY,BATTERY,YES,0-19,M,BLK,0,1,1
HS322783,2010-05-23 21:08:00,2010,5,1,21,ROSELAND,BATTERY,BATTERY,YES,30-39,M,BLK,0,1,1
HS323136,2010-05-24 01:35:00,2010,5,2,1,ROSELAND,BATTERY,BATTERY,YES,20-29,M,BLK,0,1,1
HS329874,2010-05-27 19:15:00,2010,5,5,19,ROSELAND,BATTERY,BATTERY,YES,30-39,M,BLK,0,1,1
HS330052,2010-05-27 21:20:00,2010,5,5,21,ROSELAND,BATTERY,BATTERY,YES,0-19,M,BLK,0,1,1
HS335069,2010-05-31 00:05:00,2010,5,2,0,ROSELAND,BATTERY,BATTERY,YES,20-29,F,BLK,0,1,1
HS335069,2010-05-31 00:05:00,2010,5,2,0,ROSELAND,BATTERY,BATTERY,YES,20-29,F,BLK,0,1,1
HS335069,2010-05-31 00:05:00,2010,5,2,0,ROSELAND,BATTERY,BATTERY,YES,20-29,F,BLK,0,1,1
HS347550,2010-06-07 16:20:00,2010,6,2,16,ROSELAND,BATTERY,BATTERY,YES,UNKNOWN,UNKNOWN,UNKNOWN,0,1,1
HS348026,2010-06-07 20:55:00,2010,6,2,20,ROSELAND,BATTERY,BATTERY,YES,40-49,M,BLK,0,1,1
HS356483,2010-06-12 16:35:00,2010,6,7,16,ROSELAND,BATTERY,BATTERY,YES,20-29,M,BLK,0,1,1
HS356483,2010-06-12 16:35:00,2010,6,7,16,ROSELAND,BATTERY,BATTERY,YES,0-19,M,BLK,0,1,1
HS368804,2010-06-19 23:10:00,2010,6,7,23,ROSELAND,BATTERY,HOMICIDE,YES,20-29,M,BLK,0,1,1
HS368804,2010-06-19 23:10:00,2010,6,7,23,ROSELAND,HOMICIDE,HOMICIDE,YES,20-29,M,BLK,1,0,1
HS368804,2010-06-19 23:10:00,2010,6,7,23,ROSELAND,BATTERY,HOMICIDE,YES,20-29,M,BLK,0,1,1
HS369687,2010-06-20 13:55:00,2010,6,1,13,ROSELAND,BATTERY,BATTERY,YES,UNKNOWN,UNKNOWN,UNKNOWN,0,1,1
HS380808,2010-06-26 23:49:00,2010,6,7,23,ROSELAND,BATTERY,BATTERY,YES,0-19,M,BLK,0,1,1
HS390381,2010-07-02 12:00:00,2010,7,6,12,ROSELAND,ROBBERY,ROBBERY,YES,30-39,M,UNKNOWN,0,1,1
HS390695,2010-07-02 15:50:00,2010,7,6,15,ROSELAND,BATTERY,BATTERY,YES,UNKNOWN,UNKNOWN,UNKNOWN,0,1,1
HS394063,2010-07-04 21:28:00,2010,7,1,21,ROSELAND,BATTERY,BATTERY,YES,0-19,M,BLK,0,1,1
HS394228,2010-07-04 23:50:00,2010,7,1,23,ROSELAND,BATTERY,BATTERY,YES,UNKNOWN,UNKNOWN,UNKNOWN,0,1,1
HS397796,2010-07-07 00:45:00,2010,7,4,0,ROSELAND,HOMICIDE,HOMICIDE,YES,20-29,M,BLK,1,0,1
HS398440,2010-07-07 12:52:00,2010,7,4,12,ROSELAND,BATTERY,BATTERY,YES,20-29,M,BLK,0,1,1
HS399425,2010-07-07 23:16:00,2010,7,4,23,ROSELAND,BATTERY,BATTERY,YES,0-19,M,BLK,0,1,1
HS399425,2010-07-07 23:16:00,2010,7,4,23,ROSELAND,BATTERY,BATTERY,YES,0-19,F,BLK,0,1,1
HS404747,2010-07-11 02:20:00,2010,7,1,2,ROSELAND,BATTERY,BATTERY,YES,UNKNOWN,UNKNOWN,UNKNOWN,0,1,1
HS410578,2010-07-14 15:40:00,2010,7,4,15,ROSELAND,BATTERY,BATTERY,YES,20-29,M,BLK,0,1,1
HS424679,2010-07-22 21:20:00,2010,7,5,21,ROSELAND,BATTERY,BATTERY,YES,0-19,M,BLK,0,1,1
HS428851,2010-07-25 13:45:00,2010,7,1,13,ROSELAND,BATTERY,BATTERY,YES,0-19,M,BLK,0,1,1
HS429739,2010-07-26 01:16:00,2010,7,2,1,ROSELAND,BATTERY,BATTERY,YES,0-19,M,BLK,0,1,1
HS430497,2010-07-26 13:10:00,2010,7,2,13,ROSELAND,BATTERY,BATTERY,YES,0-19,M,BLK,0,1,1
HS432449,2010-07-27 15:55:00,2010,7,3,15,ROSELAND,BATTERY,BATTERY,YES,UNKNOWN,UNKNOWN,UNKNOWN,0,1,1
HS436424,2010-07-29 22:00:00,2010,7,5,22,ROSELAND,ROBBERY,ROBBERY,YES,50-59,M,BLK,0,1,1
HS437395,2010-07-30 15:07:00,2010,7,6,15,ROSELAND,BATTERY,BATTERY,YES,20-29,M,BLK,0,1,1
HS442787,2010-08-02 23:03:00,2010,8,2,23,ROSELAND,BATTERY,BATTERY,YES,0-19,M,BLK,0,1,1
HS443606,2010-08-03 13:52:00,2010,8,3,13,ROSELAND,BATTERY,BATTERY,YES,UNKNOWN,UNKNOWN,UNKNOWN,0,1,1
HS443628,2010-08-03 13:54:21,2010,8,3,13,ROSELAND,BATTERY,BATTERY,YES,UNKNOWN,UNKNOWN,UNKNOWN,0,1,1
HS444295,2010-08-03 20:37:00,2010,8,3,20,ROSELAND,BATTERY,BATTERY,YES,20-29,F,BLK,0,1,1
HS445386,2010-08-04 14:11:00,2010,8,4,14,ROSELAND,BATTERY,BATTERY,YES,UNKNOWN,UNKNOWN,UNKNOWN,0,1,1
HS448024,2010-08-05 23:30:00,2010,8,5,23,ROSELAND,BATTERY,BATTERY,YES,50-59,F,BLK,0,1,1
HS449424,2010-08-06 19:25:00,2010,8,6,19,ROSELAND,BATTERY,BATTERY,YES,20-29,F,BLK,0,1,1
HS451502,2010-08-08 01:48:00,2010,8,1,1,ROSELAND,BATTERY,BATTERY,YES,UNKNOWN,UNKNOWN,UNKNOWN,0,1,1
HS452718,2010-08-08 21:24:00,2010,8,1,21,ROSELAND,BATTERY,BATTERY,YES,0-19,M,BLK,0,1,1
HS453162,2010-08-09 09:14:00,2010,8,2,9,ROSELAND,HOMICIDE,HOMICIDE,YES,0-19,M,BLK,1,0,1
HS456001,2010-08-10 19:55:00,2010,8,3,19,ROSELAND,HOMICIDE,HOMICIDE,YES,0-19,F,BLK,1,0,1
HS459484,2010-08-12 20:44:00,2010,8,5,20,ROSELAND,HOMICIDE,HOMICIDE,NO,20-29,M,BLK,1,0,1
HS461709,2010-08-14 04:14:00,2010,8,7,4,ROSELAND,BATTERY,BATTERY,YES,30-39,F,BLK,0,1,1
HS461709,2010-08-14 04:14:00,2010,8,7,4,ROSELAND,BATTERY,BATTERY,YES,20-29,M,BLK,0,1,1
HS466302,2010-08-16 22:17:00,2010,8,2,22,ROSELAND,BATTERY,BATTERY,YES,20-29,M,BLK,0,1,1
HS466302,2010-08-16 22:17:00,2010,8,2,22,ROSELAND,BATTERY,BATTERY,YES,0-19,M,BLK,0,1,1
HS466302,2010-08-16 22:17:00,2010,8,2,22,ROSELAND,BATTERY,BATTERY,YES,0-19,F,BLK,0,1,1
HS466302,2010-08-16 22:17:00,2010,8,2,22,ROSELAND,BATTERY,BATTERY,YES,0-19,M,BLK,0,1,1
HS469690,2010-08-18 20:45:00,2010,8,4,20,ROSELAND,BATTERY,BATTERY,YES,UNKNOWN,UNKNOWN,UNKNOWN,0,1,1
HS473554,2010-08-21 04:15:00,2010,8,7,4,ROSELAND,BATTERY,BATTERY,YES,20-29,M,BLK,0,1,1
HS474128,2010-08-21 14:30:00,2010,8,7,14,ROSELAND,BATTERY,BATTERY,YES,0-19,UNKNOWN,BLK,0,1,1
HS481003,2010-08-25 15:27:00,2010,8,4,15,ROSELAND,BATTERY,BATTERY,YES,60-69,F,BLK,0,1,1
HS487177,2010-08-28 20:40:00,2010,8,7,20,ROSELAND,BATTERY,BATTERY,YES,0-19,M,BLK,0,1,1
HS487177,2010-08-28 20:40:00,2010,8,7,20,ROSELAND,BATTERY,BATTERY,YES,20-29,M,BLK,0,1,1
HS498601,2010-09-04 11:54:00,2010,9,7,11,ROSELAND,BATTERY,BATTERY,YES,UNKNOWN,UNKNOWN,UNKNOWN,0,1,1
HS500703,2010-09-05 20:27:00,2010,9,1,20,ROSELAND,BATTERY,BATTERY,YES,20-29,M,BLK,0,1,1
HS503730,2010-09-07 17:46:00,2010,9,3,17,ROSELAND,BATTERY,BATTERY,YES,0-19,M,BLK,0,1,1
HS504673,2010-09-08 10:00:00,2010,9,4,10,ROSELAND,BATTERY,BATTERY,YES,20-29,M,BLK,0,1,1
HS510987,2010-09-12 02:15:00,2010,9,1,2,ROSELAND,BATTERY,BATTERY,YES,UNKNOWN,UNKNOWN,UNKNOWN,0,1,1
HS512230,2010-09-12 21:35:00,2010,9,1,21,ROSELAND,ROBBERY,ROBBERY,YES,30-39,M,BLK,0,1,1
HS513012,2010-09-13 11:00:00,2010,9,2,11,ROSELAND,BATTERY,BATTERY,YES,20-29,M,BLK,0,1,1
HS515953,2010-09-15 03:52:00,2010,9,4,3,ROSELAND,BATTERY,BATTERY,YES,30-39,M,BLK,0,1,1
HS516850,2010-09-15 17:00:00,2010,9,4,17,ROSELAND,BATTERY,BATTERY,YES,20-29,M,BLK,0,1,1
HS518105,2010-09-16 11:35:00,2010,9,5,11,ROSELAND,BATTERY,BATTERY,YES,UNKNOWN,UNKNOWN,UNKNOWN,0,1,1
HS525533,2010-09-20 23:42:00,2010,9,2,23,ROSELAND,BATTERY,BATTERY,YES,0-19,M,BLK,0,1,1
HS525575,2010-09-21 00:35:00,2010,9,3,0,ROSELAND,BATTERY,BATTERY,YES,20-29,M,BLK,0,1,1
HS530055,2010-09-23 15:00:00,2010,9,5,15,ROSELAND,BATTERY,BATTERY,YES,UNKNOWN,UNKNOWN,UNKNOWN,0,1,1
HS541417,2010-09-30 12:56:00,2010,9,5,12,ROSELAND,BATTERY,BATTERY,YES,50-59,F,BLK,0,1,1
HS541736,2010-09-30 16:37:00,2010,9,5,16,ROSELAND,BATTERY,BATTERY,YES,20-29,M,BLK,0,1,1
HS542986,2010-10-01 13:36:00,2010,10,6,13,ROSELAND,BATTERY,BATTERY,YES,20-29,M,BLK,0,1,1
HS543461,2010-10-01 18:46:00,2010,10,6,18,ROSELAND,BATTERY,BATTERY,YES,20-29,M,BLK,0,1,1
HS550085,2010-10-06 00:30:00,2010,10,4,0,ROSELAND,ROBBERY,ROBBERY,YES,UNKNOWN,UNKNOWN,UNKNOWN,0,1,1
HS554734,2010-10-08 19:36:00,2010,10,6,19,ROSELAND,BATTERY,BATTERY,YES,0-19,M,BLK,0,1,1
HS555137,2010-10-08 23:55:00,2010,10,6,23,ROSELAND,BATTERY,BATTERY,YES,20-29,M,BLK,0,1,1
HS559551,2010-10-11 18:55:00,2010,10,2,18,ROSELAND,ROBBERY,ROBBERY,YES,50-59,M,WHI,0,1,1
HS565776,2010-10-14 02:00:00,2010,10,5,2,ROSELAND,BATTERY,BATTERY,YES,UNKNOWN,UNKNOWN,UNKNOWN,0,1,1
HS568298,2010-10-17 00:39:00,2010,10,1,0,ROSELAND,ROBBERY,ROBBERY,YES,50-59,M,BLK,0,1,1
HS574418,2010-10-20 21:51:00,2010,10,4,21,ROSELAND,BATTERY,BATTERY,YES,20-29,M,BLK,0,1,1
HS574418,2010-10-20 21:51:00,2010,10,4,21,ROSELAND,BATTERY,BATTERY,YES,30-39,M,BLK,0,1,1
HS574418,2010-10-20 21:51:00,2010,10,4,21,ROSELAND,BATTERY,BATTERY,YES,0-19,M,BLK,0,1,1
HS580206,2010-10-24 12:50:00,2010,10,1,12,ROSELAND,BATTERY,BATTERY,YES,UNKNOWN,UNKNOWN,UNKNOWN,0,1,1
HS584100,2010-10-26 17:31:00,2010,10,3,17,ROSELAND,HOMICIDE,HOMICIDE,YES,0-19,M,BLK,1,0,1
HS584100,2010-10-26 17:31:00,2010,10,3,17,ROSELAND,BATTERY,HOMICIDE,YES,0-19,F,BLK,0,1,1
HS584100,2010-10-26 17:31:00,2010,10,3,17,ROSELAND,BATTERY,HOMICIDE,YES,0-19,M,BLK,0,1,1
HS584100,2010-10-26 17:31:00,2010,10,3,17,ROSELAND,BATTERY,HOMICIDE,YES,0-19,F,BLK,0,1,1
HS591029,2010-10-30 20:26:00,2010,10,7,20,ROSELAND,HOMICIDE,HOMICIDE,YES,0-19,M,BLK,1,0,1
HS596145,2010-11-02 22:15:00,2010,11,3,22,ROSELAND,BATTERY,BATTERY,YES,20-29,M,BLK,0,1,1
HS599341,2010-11-04 19:22:00,2010,11,5,19,ROSELAND,BATTERY,BATTERY,YES,UNKNOWN,UNKNOWN,UNKNOWN,0,1,1
HS600870,2010-11-05 17:16:00,2010,11,6,17,ROSELAND,BATTERY,BATTERY,YES,30-39,M,BLK,0,1,1
HS601481,2010-11-06 02:35:00,2010,11,7,2,ROSELAND,BATTERY,BATTERY,YES,0-19,M,BLK,0,1,1
HS607772,2010-11-09 21:55:00,2010,11,3,21,ROSELAND,BATTERY,BATTERY,YES,20-29,UNKNOWN,UNKNOWN,0,1,1
HS610830,2010-11-11 17:14:00,2010,11,5,17,ROSELAND,BATTERY,BATTERY,YES,40-49,M,BLK,0,1,1
HS611880,2010-11-12 11:51:00,2010,11,6,11,ROSELAND,HOMICIDE,HOMICIDE,YES,20-29,M,BLK,1,0,1
HS612849,2010-11-12 20:30:00,2010,11,6,20,ROSELAND,BATTERY,BATTERY,YES,UNKNOWN,UNKNOWN,UNKNOWN,0,1,1
HS617774,2010-11-16 01:45:00,2010,11,3,1,ROSELAND,ROBBERY,ROBBERY,YES,30-39,M,BLK,0,1,1
HS634195,2010-11-26 21:30:00,2010,11,6,21,ROSELAND,BATTERY,BATTERY,YES,0-19,M,BLK,0,1,1
HS636913,2010-11-28 21:03:00,2010,11,1,21,ROSELAND,BATTERY,BATTERY,YES,20-29,M,BLK,0,1,1
HS636913,2010-11-28 21:03:00,2010,11,1,21,ROSELAND,BATTERY,BATTERY,YES,20-29,M,BLK,0,1,1
HS643025,2010-12-02 18:00:00,2010,12,5,18,ROSELAND,BATTERY,BATTERY,YES,20-29,M,BLK,0,1,1
HS649337,2010-12-07 07:35:00,2010,12,3,7,ROSELAND,HOMICIDE,HOMICIDE,NO,30-39,F,WHI,1,0,1
HS654607,2010-12-10 15:15:00,2010,12,6,15,ROSELAND,BATTERY,BATTERY,YES,UNKNOWN,UNKNOWN,UNKNOWN,0,1,1
HS659457,2010-12-13 21:12:00,2010,12,2,21,ROSELAND,HOMICIDE,HOMICIDE,YES,30-39,M,BLK,1,0,1
HS678281,2010-12-27 15:29:00,2010,12,2,15,ROSELAND,BATTERY,BATTERY,YES,30-39,M,BLK,0,1,1
HS678281,2010-12-27 15:29:00,2010,12,2,15,ROSELAND,BATTERY,BATTERY,YES,40-49,M,BLK,0,1,1
HS108497,2010-01-06 22:31:00,2010,1,4,22,SOUTH CHICAGO,BATTERY,BATTERY,YES,20-29,M,BLK,0,1,1
HS118630,2010-01-13 16:24:00,2010,1,4,16,SOUTH CHICAGO,BATTERY,BATTERY,YES,20-29,M,BLK,0,1,1
HS118767,2010-01-13 18:20:00,2010,1,4,18,SOUTH CHICAGO,HOMICIDE,HOMICIDE,YES,20-29,M,BLK,1,0,1
HS144786,2010-01-31 03:10:00,2010,1,1,3,SOUTH CHICAGO,HOMICIDE,HOMICIDE,YES,20-29,M,BLK,1,0,1
HS156740,2010-02-08 16:00:00,2010,2,2,16,SOUTH CHICAGO,BATTERY,BATTERY,YES,20-29,M,BLK,0,1,1
HS156740,2010-02-08 16:00:00,2010,2,2,16,SOUTH CHICAGO,BATTERY,BATTERY,YES,20-29,M,BLK,0,1,1
HS169251,2010-02-17 17:18:00,2010,2,4,17,SOUTH CHICAGO,BATTERY,BATTERY,YES,20-29,F,WWH,0,1,1
HS172483,2010-02-19 19:30:00,2010,2,6,19,SOUTH CHICAGO,BATTERY,BATTERY,YES,20-29,M,BLK,0,1,1
HS186793,2010-03-01 18:30:00,2010,3,2,18,SOUTH CHICAGO,BATTERY,BATTERY,YES,20-29,M,BLK,0,1,1
HS199022,2010-03-09 14:10:00,2010,3,3,14,SOUTH CHICAGO,BATTERY,BATTERY,YES,20-29,M,BLK,0,1,1
HS199022,2010-03-09 14:10:00,2010,3,3,14,SOUTH CHICAGO,BATTERY,BATTERY,YES,20-29,M,BLK,0,1,1
HS202678,2010-03-11 16:15:00,2010,3,5,16,SOUTH CHICAGO,BATTERY,BATTERY,YES,0-19,M,BLK,0,1,1
HS212431,2010-03-17 16:10:00,2010,3,4,16,SOUTH CHICAGO,BATTERY,BATTERY,YES,0-19,F,BLK,0,1,1
HS216044,2010-03-19 16:46:00,2010,3,6,16,SOUTH CHICAGO,BATTERY,BATTERY,YES,20-29,M,WWH,0,1,1
HS216044,2010-03-19 16:46:00,2010,3,6,16,SOUTH CHICAGO,BATTERY,BATTERY,YES,0-19,M,WWH,0,1,1
HS224012,2010-03-24 17:59:00,2010,3,4,17,SOUTH CHICAGO,BATTERY,BATTERY,YES,20-29,M,WWH,0,1,1
HS236546,2010-04-01 15:17:00,2010,4,5,15,SOUTH CHICAGO,BATTERY,BATTERY,YES,30-39,M,BLK,0,1,1
HS240053,2010-04-03 17:20:00,2010,4,7,17,SOUTH CHICAGO,BATTERY,BATTERY,YES,30-39,M,BLK,0,1,1
HS245038,2010-04-06 22:00:00,2010,4,3,22,SOUTH CHICAGO,BATTERY,BATTERY,YES,20-29,F,BLK,0,1,1
HS250871,2010-04-10 13:32:00,2010,4,7,13,SOUTH CHICAGO,BATTERY,BATTERY,YES,UNKNOWN,UNKNOWN,UNKNOWN,0,1,1
HS251939,2010-04-11 02:00:00,2010,4,1,2,SOUTH CHICAGO,BATTERY,BATTERY,YES,20-29,M,BLK,0,1,1
HS254574,2010-04-12 21:30:00,2010,4,2,21,SOUTH CHICAGO,HOMICIDE,HOMICIDE,YES,0-19,M,BLK,1,0,1
HS254953,2010-04-13 08:20:00,2010,4,3,8,SOUTH CHICAGO,BATTERY,BATTERY,YES,0-19,M,BLK,0,1,1
HS254953,2010-04-13 08:20:00,2010,4,3,8,SOUTH CHICAGO,BATTERY,BATTERY,YES,0-19,M,BLK,0,1,1
HS259660,2010-04-15 20:09:00,2010,4,5,20,SOUTH CHICAGO,BATTERY,BATTERY,YES,20-29,F,BLK,0,1,1
HS261560,2010-04-16 21:00:00,2010,4,6,21,SOUTH CHICAGO,BATTERY,BATTERY,YES,0-19,F,BLK,0,1,1
HS261560,2010-04-16 21:00:00,2010,4,6,21,SOUTH CHICAGO,BATTERY,BATTERY,YES,0-19,M,BLK,0,1,1
HS282925,2010-04-29 22:15:00,2010,4,5,22,SOUTH CHICAGO,BATTERY,BATTERY,YES,20-29,M,WWH,0,1,1
HS288889,2010-05-03 15:57:00,2010,5,2,15,SOUTH CHICAGO,BATTERY,BATTERY,YES,20-29,M,WWH,0,1,1
HS299467,2010-05-09 20:30:00,2010,5,1,20,SOUTH CHICAGO,HOMICIDE,HOMICIDE,YES,20-29,M,BLK,1,0,1
HS317380,2010-05-20 13:46:00,2010,5,5,13,SOUTH CHICAGO,BATTERY,BATTERY,YES,0-19,F,BLK,0,1,1
HS317380,2010-05-20 13:46:00,2010,5,5,13,SOUTH CHICAGO,BATTERY,BATTERY,YES,40-49,F,BLK,0,1,1
HS322177,2010-05-23 12:45:00,2010,5,1,12,SOUTH CHICAGO,BATTERY,BATTERY,YES,UNKNOWN,UNKNOWN,UNKNOWN,0,1,1
HS322909,2010-05-23 22:30:00,2010,5,1,22,SOUTH CHICAGO,BATTERY,BATTERY,YES,20-29,M,BLK,0,1,1
HS325792,2010-05-25 14:30:00,2010,5,3,14,SOUTH CHICAGO,BATTERY,BATTERY,YES,20-29,M,BLK,0,1,1
HS333262,2010-05-29 18:45:00,2010,5,7,18,SOUTH CHICAGO,BATTERY,BATTERY,YES,0-19,M,WWH,0,1,1
HS333304,2010-05-29 18:50:00,2010,5,7,18,SOUTH CHICAGO,BATTERY,BATTERY,YES,UNKNOWN,UNKNOWN,UNKNOWN,0,1,1
HS341582,2010-06-03 22:10:00,2010,6,5,22,SOUTH CHICAGO,BATTERY,BATTERY,YES,20-29,M,BLK,0,1,1
HS343539,2010-06-04 23:00:00,2010,6,6,23,SOUTH CHICAGO,BATTERY,BATTERY,YES,0-19,M,BLK,0,1,1
HS343539,2010-06-04 23:00:00,2010,6,6,23,SOUTH CHICAGO,BATTERY,BATTERY,YES,20-29,M,BLK,0,1,1
HS346379,2010-06-06 22:48:00,2010,6,1,22,SOUTH CHICAGO,HOMICIDE,HOMICIDE,YES,20-29,M,BLK,1,0,1
HS351181,2010-06-09 17:50:00,2010,6,4,17,SOUTH CHICAGO,HOMICIDE,HOMICIDE,YES,20-29,M,WWH,1,0,1
HS351548,2010-06-09 21:30:00,2010,6,4,21,SOUTH CHICAGO,BATTERY,BATTERY,YES,0-19,F,WWH,0,1,1
HS352705,2010-06-10 14:05:00,2010,6,5,14,SOUTH CHICAGO,BATTERY,BATTERY,YES,20-29,F,BLK,0,1,1
HS354227,2010-06-11 11:28:00,2010,6,6,11,SOUTH CHICAGO,BATTERY,BATTERY,YES,20-29,M,BLK,0,1,1
HS357997,2010-06-13 17:30:00,2010,6,1,17,SOUTH CHICAGO,BATTERY,BATTERY,YES,UNKNOWN,UNKNOWN,UNKNOWN,0,1,1
HS361450,2010-06-15 17:43:00,2010,6,3,17,SOUTH CHICAGO,HOMICIDE,HOMICIDE,YES,0-19,M,BLK,1,0,1
HS363800,2010-06-16 23:55:00,2010,6,4,23,SOUTH CHICAGO,BATTERY,BATTERY,YES,0-19,M,BLK,0,1,1
HS364775,2010-06-17 16:29:00,2010,6,5,16,SOUTH CHICAGO,BATTERY,BATTERY,YES,20-29,M,BLK,0,1,1
HS365576,2010-06-18 00:38:00,2010,6,6,0,SOUTH CHICAGO,BATTERY,BATTERY,YES,40-49,M,BLK,0,1,1
HS379200,2010-06-26 00:37:00,2010,6,7,0,SOUTH CHICAGO,BATTERY,BATTERY,YES,20-29,M,WWH,0,1,1
HS379313,2010-06-26 02:19:00,2010,6,7,2,SOUTH CHICAGO,HOMICIDE,HOMICIDE,YES,40-49,M,BLK,1,0,1
HS379313,2010-06-26 02:19:00,2010,6,7,2,SOUTH CHICAGO,BATTERY,HOMICIDE,YES,20-29,M,BLK,0,1,1
HS393015,2010-07-04 01:52:00,2010,7,1,1,SOUTH CHICAGO,BATTERY,BATTERY,YES,0-19,M,BLK,0,1,1
HS394454,2010-07-04 21:00:00,2010,7,1,21,SOUTH CHICAGO,BATTERY,BATTERY,YES,50-59,M,BLK,0,1,1
HS394230,2010-07-04 23:20:00,2010,7,1,23,SOUTH CHICAGO,BATTERY,BATTERY,YES,0-19,M,BLK,0,1,1
HS399572,2010-07-08 01:55:00,2010,7,5,1,SOUTH CHICAGO,BATTERY,BATTERY,YES,0-19,M,BLK,0,1,1
HS403065,2010-07-10 00:00:00,2010,7,7,0,SOUTH CHICAGO,BATTERY,BATTERY,YES,30-39,M,BLK,0,1,1
HS417375,2010-07-18 16:40:00,2010,7,1,16,SOUTH CHICAGO,BATTERY,BATTERY,YES,0-19,M,BLK,0,1,1
HS429791,2010-07-26 02:33:00,2010,7,2,2,SOUTH CHICAGO,BATTERY,BATTERY,YES,0-19,M,BLK,0,1,1
HS448463,2010-08-06 09:28:00,2010,8,6,9,SOUTH CHICAGO,BATTERY,BATTERY,YES,30-39,F,BLK,0,1,1
HS454790,2010-08-10 02:33:00,2010,8,3,2,SOUTH CHICAGO,BATTERY,BATTERY,YES,0-19,F,BLK,0,1,1
HS463987,2010-08-13 18:00:00,2010,8,6,18,SOUTH CHICAGO,BATTERY,BATTERY,YES,20-29,M,BLK,0,1,1
HS461257,2010-08-13 21:08:00,2010,8,6,21,SOUTH CHICAGO,BATTERY,BATTERY,YES,20-29,M,BLK,0,1,1
HS464438,2010-08-15 21:14:00,2010,8,1,21,SOUTH CHICAGO,HOMICIDE,HOMICIDE,YES,30-39,M,BLK,1,0,1
HS470037,2010-08-19 03:45:00,2010,8,5,3,SOUTH CHICAGO,HOMICIDE,HOMICIDE,YES,20-29,M,WWH,1,0,1
HS473061,2010-08-20 20:49:00,2010,8,6,20,SOUTH CHICAGO,BATTERY,BATTERY,YES,20-29,M,BLK,0,1,1
HS477170,2010-08-23 14:46:00,2010,8,2,14,SOUTH CHICAGO,BATTERY,BATTERY,YES,0-19,M,BLK,0,1,1
HS478079,2010-08-24 01:07:00,2010,8,3,1,SOUTH CHICAGO,HOMICIDE,HOMICIDE,YES,30-39,M,BLK,1,0,1
HS481935,2010-08-26 01:15:00,2010,8,5,1,SOUTH CHICAGO,BATTERY,BATTERY,YES,40-49,M,BLK,0,1,1
HS487424,2010-08-29 00:01:00,2010,8,1,0,SOUTH CHICAGO,BATTERY,BATTERY,YES,0-19,M,WWH,0,1,1
HS492386,2010-08-31 19:20:00,2010,8,3,19,SOUTH CHICAGO,BATTERY,BATTERY,YES,0-19,M,BLK,0,1,1
HS492554,2010-08-31 20:45:00,2010,8,3,20,SOUTH CHICAGO,BATTERY,BATTERY,YES,20-29,M,BLK,0,1,1
HS505104,2010-09-08 14:30:00,2010,9,4,14,SOUTH CHICAGO,HOMICIDE,HOMICIDE,YES,0-19,M,BLK,1,0,1
HS522453,2010-09-19 00:02:00,2010,9,1,0,SOUTH CHICAGO,BATTERY,BATTERY,YES,0-19,M,BLK,0,1,1
HS523428,2010-09-19 18:10:00,2010,9,1,18,SOUTH CHICAGO,BATTERY,BATTERY,YES,20-29,M,BLK,0,1,1
HS524989,2010-09-20 17:35:00,2010,9,2,17,SOUTH CHICAGO,ROBBERY,ROBBERY,YES,50-59,M,WWH,0,1,1
HS528997,2010-09-22 22:05:00,2010,9,4,22,SOUTH CHICAGO,BATTERY,BATTERY,YES,30-39,M,BLK,0,1,1
HS558496,2010-10-11 07:20:00,2010,10,2,7,SOUTH CHICAGO,HOMICIDE,HOMICIDE,NO,0-19,F,BLK,1,0,1
HS582823,2010-10-26 01:00:00,2010,10,3,1,SOUTH CHICAGO,BATTERY,BATTERY,YES,20-29,M,BLK,0,1,1
HS595531,2010-11-02 16:30:00,2010,11,3,16,SOUTH CHICAGO,BATTERY,BATTERY,YES,0-19,M,BLK,0,1,1
HS607395,2010-11-09 18:18:00,2010,11,3,18,SOUTH CHICAGO,ROBBERY,ROBBERY,YES,0-19,M,BLK,0,1,1
HS607395,2010-11-09 18:18:00,2010,11,3,18,SOUTH CHICAGO,ROBBERY,ROBBERY,YES,20-29,M,BLK,0,1,1
HS614129,2010-11-13 19:23:00,2010,11,7,19,SOUTH CHICAGO,BATTERY,BATTERY,YES,0-19,M,BLK,0,1,1
HS633585,2010-11-26 13:34:00,2010,11,6,13,SOUTH CHICAGO,HOMICIDE,HOMICIDE,YES,40-49,M,WHI,1,0,1
HS633585,2010-11-26 13:34:00,2010,11,6,13,SOUTH CHICAGO,HOMICIDE,HOMICIDE,YES,40-49,M,BLK,1,0,1
HS673212,2010-12-23 09:00:00,2010,12,5,9,SOUTH CHICAGO,BATTERY,BATTERY,YES,20-29,F,BLK,0,1,1
HS677809,2010-12-27 11:05:00,2010,12,2,11,SOUTH CHICAGO,BATTERY,BATTERY,YES,40-49,F,BLK,0,1,1
HS682219,2010-12-30 11:16:00,2010,12,5,11,SOUTH CHICAGO,BATTERY,BATTERY,YES,20-29,M,BLK,0,1,1
HS123494,2010-01-16 16:30:00,2010,1,7,16,SOUTH DEERING,BATTERY,BATTERY,YES,0-19,M,BLK,0,1,1
HS187733,2010-03-02 11:30:00,2010,3,3,11,SOUTH DEERING,HOMICIDE,HOMICIDE,NO,20-29,M,WWH,1,0,1
HS304223,2010-05-12 16:42:00,2010,5,4,16,SOUTH DEERING,BATTERY,BATTERY,YES,20-29,M,BLK,0,1,1
HS321582,2010-05-23 00:51:00,2010,5,1,0,SOUTH DEERING,BATTERY,BATTERY,YES,20-29,M,BLK,0,1,1
HS321582,2010-05-23 00:51:00,2010,5,1,0,SOUTH DEERING,BATTERY,BATTERY,YES,0-19,M,BLK,0,1,1
HS326461,2010-05-25 21:45:00,2010,5,3,21,SOUTH DEERING,BATTERY,BATTERY,YES,20-29,M,WHI,0,1,1
HS363776,2010-06-16 23:36:00,2010,6,4,23,SOUTH DEERING,ROBBERY,ROBBERY,YES,30-39,M,BLK,0,1,1
HS377208,2010-06-24 21:28:00,2010,6,5,21,SOUTH DEERING,BATTERY,BATTERY,YES,20-29,M,BLK,0,1,1
HS383199,2010-06-28 12:30:00,2010,6,2,12,SOUTH DEERING,BATTERY,BATTERY,YES,20-29,M,BLK,0,1,1
HS399546,2010-07-08 01:20:00,2010,7,5,1,SOUTH DEERING,BATTERY,BATTERY,YES,30-39,M,BLK,0,1,1
HS449342,2010-08-06 18:17:00,2010,8,6,18,SOUTH DEERING,BATTERY,BATTERY,YES,20-29,M,BLK,0,1,1
HS452486,2010-08-08 18:08:00,2010,8,1,18,SOUTH DEERING,BATTERY,BATTERY,YES,0-19,M,BLK,0,1,1
HS459552,2010-08-12 21:22:00,2010,8,5,21,SOUTH DEERING,BATTERY,BATTERY,YES,20-29,M,BLK,0,1,1
HS461649,2010-08-14 02:29:00,2010,8,7,2,SOUTH DEERING,BATTERY,BATTERY,YES,UNKNOWN,UNKNOWN,UNKNOWN,0,1,1
HS592349,2010-10-31 18:40:00,2010,10,1,18,SOUTH DEERING,BATTERY,BATTERY,YES,0-19,M,BLK,0,1,1
HS670036,2010-12-21 03:53:00,2010,12,3,3,SOUTH DEERING,BATTERY,BATTERY,YES,UNKNOWN,UNKNOWN,UNKNOWN,0,1,1
HS681635,2010-12-29 20:25:00,2010,12,4,20,SOUTH DEERING,HOMICIDE,HOMICIDE,NO,50-59,M,BLK,1,0,1
HS108483,2010-01-06 22:17:00,2010,1,4,22,SOUTH LAWNDALE,BATTERY,BATTERY,YES,20-29,M,WWH,0,1,1
HS128187,2010-01-19 21:20:00,2010,1,3,21,SOUTH LAWNDALE,HOMICIDE,HOMICIDE,YES,0-19,M,WWH,1,0,1
HS131341,2010-01-21 21:12:00,2010,1,5,21,SOUTH LAWNDALE,BATTERY,HOMICIDE,YES,20-29,M,WWH,0,1,1
HS131341,2010-01-21 21:12:00,2010,1,5,21,SOUTH LAWNDALE,HOMICIDE,HOMICIDE,YES,20-29,M,WWH,1,0,1
HS131861,2010-01-22 10:35:00,2010,1,6,10,SOUTH LAWNDALE,BATTERY,BATTERY,YES,20-29,M,WWH,0,1,1
HS138400,2010-01-26 18:27:00,2010,1,3,18,SOUTH LAWNDALE,BATTERY,BATTERY,YES,30-39,M,WWH,0,1,1
HS150249,2010-02-03 22:02:00,2010,2,4,22,SOUTH LAWNDALE,BATTERY,BATTERY,YES,0-19,M,WWH,0,1,1
HS154979,2010-02-07 11:30:00,2010,2,1,11,SOUTH LAWNDALE,HOMICIDE,HOMICIDE,NO,20-29,M,WWH,1,0,1
HS185414,2010-02-28 19:33:00,2010,2,1,19,SOUTH LAWNDALE,BATTERY,BATTERY,YES,20-29,M,WWH,0,1,1
HS185508,2010-02-28 21:15:00,2010,2,1,21,SOUTH LAWNDALE,HOMICIDE,HOMICIDE,NO,0-19,M,WWH,1,0,1
HS191558,2010-03-04 16:45:00,2010,3,5,16,SOUTH LAWNDALE,BATTERY,BATTERY,YES,0-19,M,WWH,0,1,1
HS191558,2010-03-04 16:45:00,2010,3,5,16,SOUTH LAWNDALE,BATTERY,BATTERY,YES,40-49,M,WWH,0,1,1
HS194969,2010-03-06 19:35:00,2010,3,7,19,SOUTH LAWNDALE,BATTERY,BATTERY,YES,30-39,M,WHI,0,1,1
HS194969,2010-03-06 19:35:00,2010,3,7,19,SOUTH LAWNDALE,BATTERY,BATTERY,YES,30-39,F,WHI,0,1,1
HS217660,2010-03-20 17:17:00,2010,3,7,17,SOUTH LAWNDALE,BATTERY,BATTERY,YES,0-19,M,WWH,0,1,1
HS235599,2010-03-31 23:35:00,2010,3,4,23,SOUTH LAWNDALE,BATTERY,BATTERY,YES,20-29,M,WWH,0,1,1
HS235623,2010-04-01 00:10:00,2010,4,5,0,SOUTH LAWNDALE,BATTERY,BATTERY,YES,20-29,M,WWH,0,1,1
HS235623,2010-04-01 00:10:00,2010,4,5,0,SOUTH LAWNDALE,BATTERY,BATTERY,YES,30-39,M,WBH,0,1,1
HS238336,2010-04-02 16:05:00,2010,4,6,16,SOUTH LAWNDALE,BATTERY,BATTERY,YES,0-19,M,WWH,0,1,1
HS240506,2010-04-04 00:27:00,2010,4,1,0,SOUTH LAWNDALE,BATTERY,BATTERY,YES,0-19,M,WWH,0,1,1
HS249906,2010-04-09 21:31:00,2010,4,6,21,SOUTH LAWNDALE,BATTERY,BATTERY,YES,20-29,F,WWH,0,1,1
HS260693,2010-04-13 18:00:00,2010,4,3,18,SOUTH LAWNDALE,BATTERY,BATTERY,YES,0-19,M,WWH,0,1,1
HS264002,2010-04-18 15:37:00,2010,4,1,15,SOUTH LAWNDALE,BATTERY,BATTERY,YES,20-29,M,WWH,0,1,1
HS275701,2010-04-25 18:03:00,2010,4,1,18,SOUTH LAWNDALE,BATTERY,BATTERY,YES,0-19,M,WWH,0,1,1
HS275701,2010-04-25 18:03:00,2010,4,1,18,SOUTH LAWNDALE,BATTERY,BATTERY,YES,20-29,M,WWH,0,1,1
HS275952,2010-04-25 21:48:00,2010,4,1,21,SOUTH LAWNDALE,BATTERY,BATTERY,YES,0-19,M,WWH,0,1,1
HS279476,2010-04-27 22:10:00,2010,4,3,22,SOUTH LAWNDALE,BATTERY,BATTERY,YES,20-29,M,WWH,0,1,1
HS287141,2010-05-02 13:55:00,2010,5,1,13,SOUTH LAWNDALE,BATTERY,BATTERY,YES,20-29,F,WWH,0,1,1
HS291205,2010-05-04 20:33:00,2010,5,3,20,SOUTH LAWNDALE,BATTERY,BATTERY,YES,20-29,M,WWH,0,1,1
HS294600,2010-05-06 16:48:00,2010,5,5,16,SOUTH LAWNDALE,BATTERY,BATTERY,YES,20-29,M,WWH,0,1,1
HS302427,2010-05-11 15:49:00,2010,5,3,15,SOUTH LAWNDALE,BATTERY,BATTERY,YES,40-49,M,WWH,0,1,1
HS306171,2010-05-13 19:00:00,2010,5,5,19,SOUTH LAWNDALE,BATTERY,BATTERY,YES,0-19,M,WWH,0,1,1
HS306528,2010-05-13 23:15:00,2010,5,5,23,SOUTH LAWNDALE,BATTERY,BATTERY,YES,0-19,M,WWH,0,1,1
HS321235,2010-05-22 20:35:00,2010,5,7,20,SOUTH LAWNDALE,BATTERY,BATTERY,YES,0-19,M,WWH,0,1,1
HS321235,2010-05-22 20:35:00,2010,5,7,20,SOUTH LAWNDALE,BATTERY,BATTERY,YES,40-49,F,WWH,0,1,1
HS334366,2010-05-30 14:35:00,2010,5,1,14,SOUTH LAWNDALE,BATTERY,BATTERY,YES,20-29,M,WWH,0,1,1
HS335199,2010-05-31 03:44:00,2010,5,2,3,SOUTH LAWNDALE,HOMICIDE,HOMICIDE,YES,20-29,M,WWH,1,0,1
HS354842,2010-06-11 17:59:00,2010,6,6,17,SOUTH LAWNDALE,BATTERY,BATTERY,YES,0-19,M,WWH,0,1,1
HS354842,2010-06-11 17:59:00,2010,6,6,17,SOUTH LAWNDALE,BATTERY,BATTERY,YES,0-19,M,WWH,0,1,1
HS356594,2010-06-12 18:03:00,2010,6,7,18,SOUTH LAWNDALE,BATTERY,BATTERY,YES,20-29,M,WWH,0,1,1
HS358561,2010-06-14 05:48:00,2010,6,2,5,SOUTH LAWNDALE,HOMICIDE,HOMICIDE,YES,20-29,M,WWH,1,0,1
HS360380,2010-06-15 05:30:00,2010,6,3,5,SOUTH LAWNDALE,BATTERY,BATTERY,YES,0-19,M,WWH,0,1,1
HS361035,2010-06-15 14:01:00,2010,6,3,14,SOUTH LAWNDALE,BATTERY,BATTERY,YES,50-59,M,WWH,0,1,1
HS364075,2010-06-17 08:26:00,2010,6,5,8,SOUTH LAWNDALE,HOMICIDE,HOMICIDE,YES,0-19,F,WWH,1,0,1
HS382573,2010-06-28 03:51:00,2010,6,2,3,SOUTH LAWNDALE,BATTERY,BATTERY,YES,20-29,M,WWH,0,1,1
HS382573,2010-06-28 03:51:00,2010,6,2,3,SOUTH LAWNDALE,BATTERY,BATTERY,YES,0-19,M,WWH,0,1,1
HS382573,2010-06-28 03:51:00,2010,6,2,3,SOUTH LAWNDALE,BATTERY,BATTERY,YES,30-39,M,WWH,0,1,1
HS391585,2010-07-03 03:05:00,2010,7,7,3,SOUTH LAWNDALE,BATTERY,BATTERY,YES,20-29,M,WWH,0,1,1
HS403332,2010-07-10 05:30:00,2010,7,7,5,SOUTH LAWNDALE,BATTERY,BATTERY,YES,20-29,M,WWH,0,1,1
HS403332,2010-07-10 05:30:00,2010,7,7,5,SOUTH LAWNDALE,BATTERY,BATTERY,YES,40-49,M,WWH,0,1,1
HS414933,2010-07-17 04:00:00,2010,7,7,4,SOUTH LAWNDALE,BATTERY,BATTERY,YES,20-29,M,WWH,0,1,1
HS414933,2010-07-17 04:00:00,2010,7,7,4,SOUTH LAWNDALE,BATTERY,BATTERY,YES,30-39,M,WWH,0,1,1
HS419282,2010-07-19 19:13:00,2010,7,2,19,SOUTH LAWNDALE,BATTERY,BATTERY,YES,0-19,M,BLK,0,1,1
HS419282,2010-07-19 19:13:00,2010,7,2,19,SOUTH LAWNDALE,BATTERY,BATTERY,YES,0-19,M,BLK,0,1,1
HS426629,2010-07-24 01:02:00,2010,7,7,1,SOUTH LAWNDALE,BATTERY,BATTERY,YES,30-39,M,WWH,0,1,1
HS431527,2010-07-27 00:35:00,2010,7,3,0,SOUTH LAWNDALE,BATTERY,BATTERY,YES,20-29,M,WWH,0,1,1
HS438259,2010-07-31 01:39:00,2010,7,7,1,SOUTH LAWNDALE,BATTERY,BATTERY,YES,20-29,M,WWH,0,1,1
HS438259,2010-07-31 01:39:00,2010,7,7,1,SOUTH LAWNDALE,BATTERY,BATTERY,YES,20-29,M,WWH,0,1,1
HS439865,2010-07-31 19:00:00,2010,7,7,19,SOUTH LAWNDALE,BATTERY,BATTERY,YES,UNKNOWN,UNKNOWN,UNKNOWN,0,1,1
HS439562,2010-07-31 21:30:00,2010,7,7,21,SOUTH LAWNDALE,BATTERY,BATTERY,YES,20-29,M,WWH,0,1,1
HS445453,2010-08-04 15:10:00,2010,8,4,15,SOUTH LAWNDALE,BATTERY,BATTERY,YES,30-39,M,WWH,0,1,1
HS445453,2010-08-04 15:10:00,2010,8,4,15,SOUTH LAWNDALE,BATTERY,BATTERY,YES,0-19,M,WWH,0,1,1
HS449797,2010-08-06 23:20:00,2010,8,6,23,SOUTH LAWNDALE,BATTERY,BATTERY,YES,UNKNOWN,UNKNOWN,UNKNOWN,0,1,1
HS451213,2010-08-07 20:30:00,2010,8,7,20,SOUTH LAWNDALE,BATTERY,BATTERY,YES,UNKNOWN,UNKNOWN,UNKNOWN,0,1,1
HS468237,2010-08-18 00:59:00,2010,8,4,0,SOUTH LAWNDALE,BATTERY,BATTERY,YES,0-19,M,WWH,0,1,1
HS469372,2010-08-18 16:00:00,2010,8,4,16,SOUTH LAWNDALE,BATTERY,BATTERY,YES,0-19,F,UNKNOWN,0,1,1
HS487592,2010-08-29 02:55:00,2010,8,1,2,SOUTH LAWNDALE,BATTERY,BATTERY,YES,0-19,M,WBH,0,1,1
HS501948,2010-09-06 17:26:00,2010,9,2,17,SOUTH LAWNDALE,HOMICIDE,HOMICIDE,YES,20-29,F,WWH,1,0,1
HS521031,2010-09-18 03:05:00,2010,9,7,3,SOUTH LAWNDALE,BATTERY,BATTERY,YES,20-29,M,WWH,0,1,1
HS523669,2010-09-19 21:37:00,2010,9,1,21,SOUTH LAWNDALE,BATTERY,BATTERY,YES,20-29,M,WWH,0,1,1
HS523669,2010-09-19 21:37:00,2010,9,1,21,SOUTH LAWNDALE,BATTERY,BATTERY,YES,0-19,M,WWH,0,1,1
HS530807,2010-09-23 23:34:00,2010,9,5,23,SOUTH LAWNDALE,BATTERY,BATTERY,YES,20-29,M,WWH,0,1,1
HS530986,2010-09-24 02:45:00,2010,9,6,2,SOUTH LAWNDALE,HOMICIDE,HOMICIDE,YES,0-19,M,BLK,1,0,1
HS535160,2010-09-26 17:31:00,2010,9,1,17,SOUTH LAWNDALE,BATTERY,BATTERY,YES,20-29,M,WWH,0,1,1
HS555180,2010-10-09 00:36:00,2010,10,7,0,SOUTH LAWNDALE,BATTERY,BATTERY,YES,30-39,M,WWH,0,1,1
HS557062,2010-10-10 05:20:00,2010,10,1,5,SOUTH LAWNDALE,BATTERY,BATTERY,YES,20-29,M,WWH,0,1,1
HS559753,2010-10-11 21:16:00,2010,10,2,21,SOUTH LAWNDALE,BATTERY,BATTERY,YES,0-19,M,WWH,0,1,1
HS560395,2010-10-12 10:44:00,2010,10,3,10,SOUTH LAWNDALE,BATTERY,BATTERY,YES,20-29,M,WWH,0,1,1
HS568352,2010-10-17 01:20:00,2010,10,1,1,SOUTH LAWNDALE,BATTERY,BATTERY,YES,20-29,M,WWH,0,1,1
HS568491,2010-10-17 04:45:00,2010,10,1,4,SOUTH LAWNDALE,BATTERY,BATTERY,YES,0-19,M,WWH,0,1,1
HS590913,2010-10-30 19:02:00,2010,10,7,19,SOUTH LAWNDALE,HOMICIDE,HOMICIDE,YES,30-39,M,WWH,1,0,1
HS592339,2010-10-31 18:30:00,2010,10,1,18,SOUTH LAWNDALE,BATTERY,BATTERY,YES,0-19,M,WWH,0,1,1
HS597908,2010-11-03 23:55:00,2010,11,4,23,SOUTH LAWNDALE,BATTERY,BATTERY,YES,20-29,M,WWH,0,1,1
HS599406,2010-11-04 19:55:00,2010,11,5,19,SOUTH LAWNDALE,BATTERY,BATTERY,YES,30-39,M,WWH,0,1,1
HS601611,2010-11-06 07:59:00,2010,11,7,7,SOUTH LAWNDALE,HOMICIDE,HOMICIDE,YES,0-19,M,WWH,1,0,1
HS602433,2010-11-06 18:52:00,2010,11,7,18,SOUTH LAWNDALE,BATTERY,BATTERY,YES,0-19,M,WWH,0,1,1
HS602433,2010-11-06 18:52:00,2010,11,7,18,SOUTH LAWNDALE,BATTERY,BATTERY,YES,40-49,F,WWH,0,1,1
HS616954,2010-11-15 16:00:00,2010,11,2,16,SOUTH LAWNDALE,BATTERY,BATTERY,YES,0-19,M,WWH,0,1,1
HS623362,2010-11-19 15:25:00,2010,11,6,15,SOUTH LAWNDALE,BATTERY,BATTERY,YES,0-19,M,WWH,0,1,1
HS623362,2010-11-19 15:25:00,2010,11,6,15,SOUTH LAWNDALE,BATTERY,BATTERY,YES,0-19,M,UNKNOWN,0,1,1
HS625336,2010-11-20 21:00:00,2010,11,7,21,SOUTH LAWNDALE,BATTERY,BATTERY,YES,0-19,M,WWH,0,1,1
HS626151,2010-11-21 13:40:00,2010,11,1,13,SOUTH LAWNDALE,BATTERY,BATTERY,YES,30-39,M,WWH,0,1,1
HS635805,2010-11-28 01:51:00,2010,11,1,1,SOUTH LAWNDALE,BATTERY,BATTERY,YES,20-29,M,WWH,0,1,1
HS674530,2010-12-24 03:25:00,2010,12,6,3,SOUTH LAWNDALE,BATTERY,BATTERY,YES,0-19,M,WWH,0,1,1
HS110516,2010-01-08 10:40:00,2010,1,6,10,SOUTH SHORE,BATTERY,BATTERY,YES,UNKNOWN,UNKNOWN,UNKNOWN,0,1,1
HS114117,2010-01-10 20:23:00,2010,1,1,20,SOUTH SHORE,BATTERY,BATTERY,YES,50-59,M,BLK,0,1,1
HS141537,2010-01-28 19:43:00,2010,1,5,19,SOUTH SHORE,BATTERY,BATTERY,YES,0-19,F,BLK,0,1,1
HS141537,2010-01-28 19:43:00,2010,1,5,19,SOUTH SHORE,BATTERY,BATTERY,YES,0-19,M,UNKNOWN,0,1,1
HS151186,2010-02-04 16:02:00,2010,2,5,16,SOUTH SHORE,HOMICIDE,HOMICIDE,NO,20-29,M,BLK,1,0,1
HS162257,2010-02-12 14:48:00,2010,2,6,14,SOUTH SHORE,ROBBERY,ROBBERY,YES,50-59,M,BLK,0,1,1
HS172172,2010-02-19 15:47:00,2010,2,6,15,SOUTH SHORE,BATTERY,BATTERY,YES,0-19,M,BLK,0,1,1
HS173180,2010-02-20 10:35:00,2010,2,7,10,SOUTH SHORE,BATTERY,BATTERY,YES,0-19,M,BLK,0,1,1
HS188585,2010-03-02 19:37:00,2010,3,3,19,SOUTH SHORE,BATTERY,BATTERY,YES,UNKNOWN,UNKNOWN,UNKNOWN,0,1,1
HS200876,2010-03-10 15:23:00,2010,3,4,15,SOUTH SHORE,ROBBERY,ROBBERY,YES,20-29,M,BLK,0,1,1
HS206792,2010-03-14 01:10:00,2010,3,1,1,SOUTH SHORE,BATTERY,BATTERY,YES,30-39,M,BLK,0,1,1
HS206792,2010-03-14 01:10:00,2010,3,1,1,SOUTH SHORE,BATTERY,BATTERY,YES,20-29,M,BLK,0,1,1
HS208997,2010-03-15 15:15:00,2010,3,2,15,SOUTH SHORE,BATTERY,BATTERY,YES,0-19,M,BLK,0,1,1
HS212934,2010-03-17 21:15:00,2010,3,4,21,SOUTH SHORE,BATTERY,BATTERY,YES,0-19,M,BLK,0,1,1
HS233786,2010-03-30 20:40:00,2010,3,3,20,SOUTH SHORE,HOMICIDE,HOMICIDE,NO,40-49,M,BLK,1,0,1
HS237343,2010-04-01 23:50:00,2010,4,5,23,SOUTH SHORE,BATTERY,BATTERY,YES,20-29,M,BLK,0,1,1
HS256244,2010-04-13 21:35:00,2010,4,3,21,SOUTH SHORE,BATTERY,BATTERY,YES,20-29,M,BLK,0,1,1
HS256244,2010-04-13 21:35:00,2010,4,3,21,SOUTH SHORE,BATTERY,BATTERY,YES,20-29,F,BLK,0,1,1
HS256317,2010-04-13 21:50:00,2010,4,3,21,SOUTH SHORE,BATTERY,BATTERY,YES,30-39,M,BLK,0,1,1
HS265666,2010-04-19 16:30:00,2010,4,2,16,SOUTH SHORE,BATTERY,BATTERY,YES,UNKNOWN,UNKNOWN,UNKNOWN,0,1,1
HS272586,2010-04-23 19:12:00,2010,4,6,19,SOUTH SHORE,BATTERY,BATTERY,YES,0-19,M,BLK,0,1,1
HS277900,2010-04-27 00:12:00,2010,4,3,0,SOUTH SHORE,ROBBERY,ROBBERY,YES,0-19,M,BLK,0,1,1
HS281126,2010-04-28 21:09:00,2010,4,4,21,SOUTH SHORE,BATTERY,BATTERY,YES,20-29,M,BLK,0,1,1
HS282364,2010-04-29 16:36:00,2010,4,5,16,SOUTH SHORE,BATTERY,BATTERY,YES,30-39,M,BLK,0,1,1
HS293310,2010-05-05 23:28:00,2010,5,4,23,SOUTH SHORE,BATTERY,BATTERY,YES,30-39,M,BLK,0,1,1
HS301261,2010-05-10 21:15:00,2010,5,2,21,SOUTH SHORE,BATTERY,BATTERY,YES,30-39,M,BLK,0,1,1
HS324587,2010-05-24 20:25:00,2010,5,2,20,SOUTH SHORE,BATTERY,BATTERY,YES,0-19,F,BLK,0,1,1
HS325550,2010-05-25 13:08:00,2010,5,3,13,SOUTH SHORE,HOMICIDE,HOMICIDE,YES,30-39,M,BLK,1,0,1
HS325550,2010-05-25 13:08:00,2010,5,3,13,SOUTH SHORE,HOMICIDE,HOMICIDE,YES,20-29,M,BLK,1,0,1
HS325550,2010-05-25 13:08:00,2010,5,3,13,SOUTH SHORE,HOMICIDE,HOMICIDE,YES,20-29,M,BLK,1,0,1
HS326765,2010-05-26 01:00:00,2010,5,4,1,SOUTH SHORE,BATTERY,BATTERY,YES,UNKNOWN,UNKNOWN,UNKNOWN,0,1,1
HS328230,2010-05-26 21:00:00,2010,5,4,21,SOUTH SHORE,BATTERY,BATTERY,YES,20-29,F,BLK,0,1,1
HS328450,2010-05-26 23:39:00,2010,5,4,23,SOUTH SHORE,HOMICIDE,HOMICIDE,NO,50-59,M,BLK,1,0,1
HS329778,2010-05-27 18:32:00,2010,5,5,18,SOUTH SHORE,BATTERY,BATTERY,YES,40-49,F,BLK,0,1,1
HS333647,2010-05-30 00:43:00,2010,5,1,0,SOUTH SHORE,BATTERY,BATTERY,YES,0-19,M,BLK,0,1,1
HS335476,2010-05-31 10:23:00,2010,5,2,10,SOUTH SHORE,BATTERY,BATTERY,YES,0-19,M,BLK,0,1,1
HS342825,2010-06-04 17:16:00,2010,6,6,17,SOUTH SHORE,HOMICIDE,HOMICIDE,YES,0-19,M,BLK,1,0,1
HS369977,2010-06-20 17:50:00,2010,6,1,17,SOUTH SHORE,BATTERY,BATTERY,YES,0-19,M,BLK,0,1,1
HS370541,2010-06-21 02:20:00,2010,6,2,2,SOUTH SHORE,BATTERY,BATTERY,YES,20-29,M,BLK,0,1,1
HS371334,2010-06-21 14:45:00,2010,6,2,14,SOUTH SHORE,BATTERY,BATTERY,YES,0-19,M,BLK,0,1,1
HS372037,2010-06-21 21:07:00,2010,6,2,21,SOUTH SHORE,BATTERY,BATTERY,YES,20-29,M,BLK,0,1,1
HS379339,2010-06-26 01:46:00,2010,6,7,1,SOUTH SHORE,HOMICIDE,HOMICIDE,NO,0-19,M,BLK,1,0,1
HS391352,2010-07-02 23:10:00,2010,7,6,23,SOUTH SHORE,BATTERY,BATTERY,YES,0-19,M,BLK,0,1,1
HS391352,2010-07-02 23:10:00,2010,7,6,23,SOUTH SHORE,BATTERY,BATTERY,YES,20-29,F,BLK,0,1,1
HS391352,2010-07-02 23:10:00,2010,7,6,23,SOUTH SHORE,BATTERY,BATTERY,YES,0-19,M,BLK,0,1,1
HS393050,2010-07-04 02:38:00,2010,7,1,2,SOUTH SHORE,BATTERY,BATTERY,YES,30-39,M,BLK,0,1,1
HS397584,2010-07-06 21:55:00,2010,7,3,21,SOUTH SHORE,BATTERY,BATTERY,YES,20-29,M,BLK,0,1,1
HS399077,2010-07-07 19:08:00,2010,7,4,19,SOUTH SHORE,BATTERY,BATTERY,YES,20-29,M,BLK,0,1,1
HS403168,2010-07-09 22:00:00,2010,7,6,22,SOUTH SHORE,ROBBERY,ROBBERY,YES,50-59,M,BLK,0,1,1
HS403820,2010-07-10 13:40:00,2010,7,7,13,SOUTH SHORE,BATTERY,BATTERY,YES,20-29,F,BLK,0,1,1
HS404606,2010-07-10 22:38:00,2010,7,7,22,SOUTH SHORE,HOMICIDE,HOMICIDE,NO,20-29,M,BLK,1,0,1
HS409240,2010-07-13 20:33:00,2010,7,3,20,SOUTH SHORE,BATTERY,BATTERY,YES,30-39,M,BLK,0,1,1
HS411083,2010-07-14 22:38:00,2010,7,4,22,SOUTH SHORE,BATTERY,BATTERY,YES,0-19,M,BLK,0,1,1
HS414386,2010-07-16 20:13:00,2010,7,6,20,SOUTH SHORE,BATTERY,BATTERY,YES,0-19,M,BLK,0,1,1
HS433481,2010-07-28 08:42:00,2010,7,4,8,SOUTH SHORE,BATTERY,BATTERY,YES,UNKNOWN,UNKNOWN,UNKNOWN,0,1,1
HS438091,2010-07-30 22:45:00,2010,7,6,22,SOUTH SHORE,BATTERY,BATTERY,YES,20-29,F,BLK,0,1,1
HS438091,2010-07-30 22:45:00,2010,7,6,22,SOUTH SHORE,BATTERY,BATTERY,YES,20-29,M,BLK,0,1,1
HS438091,2010-07-30 22:45:00,2010,7,6,22,SOUTH SHORE,BATTERY,BATTERY,YES,20-29,M,BLK,0,1,1
HS438378,2010-07-31 04:00:00,2010,7,7,4,SOUTH SHORE,BATTERY,BATTERY,YES,40-49,F,BLK,0,1,1
HS438378,2010-07-31 04:00:00,2010,7,7,4,SOUTH SHORE,BATTERY,BATTERY,YES,0-19,F,BLK,0,1,1
HS438378,2010-07-31 04:00:00,2010,7,7,4,SOUTH SHORE,BATTERY,BATTERY,YES,40-49,M,BLK,0,1,1
HS440297,2010-08-01 11:00:00,2010,8,1,11,SOUTH SHORE,ROBBERY,ROBBERY,YES,30-39,M,BLK,0,1,1
HS445654,2010-08-04 17:07:00,2010,8,4,17,SOUTH SHORE,HOMICIDE,HOMICIDE,YES,20-29,M,BLK,1,0,1
HS448058,2010-08-06 00:05:00,2010,8,6,0,SOUTH SHORE,HOMICIDE,HOMICIDE,YES,20-29,M,BLK,1,0,1
HS449321,2010-08-06 17:05:00,2010,8,6,17,SOUTH SHORE,BATTERY,BATTERY,YES,UNKNOWN,UNKNOWN,UNKNOWN,0,1,1
HS456405,2010-08-11 01:53:00,2010,8,4,1,SOUTH SHORE,BATTERY,BATTERY,YES,0-19,M,BLK,0,1,1
HS456405,2010-08-11 01:53:00,2010,8,4,1,SOUTH SHORE,BATTERY,BATTERY,YES,20-29,M,BLK,0,1,1
HS460541,2010-08-13 14:03:00,2010,8,6,14,SOUTH SHORE,HOMICIDE,HOMICIDE,YES,20-29,M,BLK,1,0,1
HS469612,2010-08-18 20:32:00,2010,8,4,20,SOUTH SHORE,BATTERY,BATTERY,YES,20-29,M,BLK,0,1,1
HS469612,2010-08-18 20:32:00,2010,8,4,20,SOUTH SHORE,BATTERY,BATTERY,YES,0-19,M,BLK,0,1,1
HS471581,2010-08-19 23:30:00,2010,8,5,23,SOUTH SHORE,HOMICIDE,HOMICIDE,YES,30-39,M,BLK,1,0,1
HS474725,2010-08-21 22:12:00,2010,8,7,22,SOUTH SHORE,BATTERY,BATTERY,YES,20-29,M,BLK,0,1,1
HS477849,2010-08-23 21:45:00,2010,8,2,21,SOUTH SHORE,BATTERY,BATTERY,YES,0-19,M,BLK,0,1,1
HS481461,2010-08-25 19:39:00,2010,8,4,19,SOUTH SHORE,BATTERY,BATTERY,YES,0-19,M,BLK,0,1,1
HS481853,2010-08-25 23:45:00,2010,8,4,23,SOUTH SHORE,BATTERY,BATTERY,YES,0-19,M,BLK,0,1,1
HS499376,2010-09-04 21:25:00,2010,9,7,21,SOUTH SHORE,BATTERY,BATTERY,YES,30-39,F,BLK,0,1,1
HS499376,2010-09-04 21:25:00,2010,9,7,21,SOUTH SHORE,BATTERY,BATTERY,YES,0-19,M,BLK,0,1,1
HS499376,2010-09-04 21:25:00,2010,9,7,21,SOUTH SHORE,BATTERY,BATTERY,YES,20-29,M,BLK,0,1,1
HS499376,2010-09-04 21:25:00,2010,9,7,21,SOUTH SHORE,BATTERY,BATTERY,YES,30-39,M,BLK,0,1,1
HS499376,2010-09-04 21:25:00,2010,9,7,21,SOUTH SHORE,BATTERY,BATTERY,YES,0-19,M,BLK,0,1,1
HS510576,2010-09-11 18:58:00,2010,9,7,18,SOUTH SHORE,BATTERY,BATTERY,YES,UNKNOWN,UNKNOWN,UNKNOWN,0,1,1
HS510576,2010-09-11 18:58:00,2010,9,7,18,SOUTH SHORE,BATTERY,BATTERY,YES,UNKNOWN,UNKNOWN,UNKNOWN,0,1,1
HS512220,2010-09-12 20:31:00,2010,9,1,20,SOUTH SHORE,BATTERY,BATTERY,YES,20-29,M,BLK,0,1,1
HS517260,2010-09-15 21:25:00,2010,9,4,21,SOUTH SHORE,BATTERY,BATTERY,YES,0-19,M,BLK,0,1,1
HS519481,2010-09-17 09:39:00,2010,9,6,9,SOUTH SHORE,BATTERY,BATTERY,YES,20-29,M,UNKNOWN,0,1,1
HS533772,2010-09-25 18:00:00,2010,9,7,18,SOUTH SHORE,BATTERY,BATTERY,YES,20-29,M,BLK,0,1,1
HS557259,2010-10-10 09:50:00,2010,10,1,9,SOUTH SHORE,ROBBERY,ROBBERY,YES,30-39,M,BLK,0,1,1
HS590390,2010-10-30 12:36:00,2010,10,7,12,SOUTH SHORE,BATTERY,BATTERY,YES,20-29,M,BLK,0,1,1
HS592595,2010-10-31 21:27:00,2010,10,1,21,SOUTH SHORE,BATTERY,BATTERY,YES,0-19,M,BLK,0,1,1
HS596972,2010-11-03 14:16:00,2010,11,4,14,SOUTH SHORE,BATTERY,BATTERY,YES,0-19,M,BLK,0,1,1
HS602746,2010-11-06 23:00:00,2010,11,7,23,SOUTH SHORE,BATTERY,BATTERY,YES,20-29,M,BLK,0,1,1
HS604347,2010-11-08 07:50:00,2010,11,2,7,SOUTH SHORE,HOMICIDE,HOMICIDE,YES,20-29,M,BLK,1,0,1
HS610565,2010-11-11 15:37:00,2010,11,5,15,SOUTH SHORE,HOMICIDE,HOMICIDE,YES,20-29,M,BLK,1,0,1
HS610833,2010-11-11 17:59:00,2010,11,5,17,SOUTH SHORE,ROBBERY,ROBBERY,YES,30-39,M,BLK,0,1,1
HS612658,2010-11-12 20:05:00,2010,11,6,20,SOUTH SHORE,BATTERY,BATTERY,YES,0-19,M,BLK,0,1,1
HS618138,2010-11-16 10:42:00,2010,11,3,10,SOUTH SHORE,BATTERY,BATTERY,YES,50-59,M,BLK,0,1,1
HS626385,2010-11-21 16:45:00,2010,11,1,16,SOUTH SHORE,BATTERY,BATTERY,YES,20-29,M,BLK,0,1,1
HS628335,2010-11-22 18:40:00,2010,11,2,18,SOUTH SHORE,BATTERY,BATTERY,YES,20-29,M,BLK,0,1,1
HS638823,2010-11-30 04:27:00,2010,11,3,4,SOUTH SHORE,HOMICIDE,HOMICIDE,NO,70-79,M,BLK,1,0,1
HS672680,2010-12-22 19:08:00,2010,12,4,19,SOUTH SHORE,BATTERY,BATTERY,YES,20-29,M,BLK,0,1,1
HS682894,2010-12-30 18:35:00,2010,12,5,18,SOUTH SHORE,BATTERY,BATTERY,YES,50-59,M,BLK,0,1,1
HS146134,2010-02-01 08:20:00,2010,2,2,8,UPTOWN,BATTERY,BATTERY,YES,0-19,M,WWH,0,1,1
HS180894,2010-02-25 16:20:00,2010,2,5,16,UPTOWN,BATTERY,BATTERY,YES,20-29,F,BLK,0,1,1
HS214226,2010-03-18 17:25:00,2010,3,5,17,UPTOWN,BATTERY,BATTERY,YES,UNKNOWN,UNKNOWN,UNKNOWN,0,1,1
HS235194,2010-03-31 19:28:00,2010,3,4,19,UPTOWN,HOMICIDE,HOMICIDE,NO,30-39,M,BLK,1,0,1
HS273780,2010-04-24 13:52:00,2010,4,7,13,UPTOWN,BATTERY,BATTERY,YES,UNKNOWN,UNKNOWN,UNKNOWN,0,1,1
HS329229,2010-05-27 13:00:00,2010,5,5,13,UPTOWN,BATTERY,BATTERY,YES,UNKNOWN,UNKNOWN,UNKNOWN,0,1,1
HS333858,2010-05-30 04:00:00,2010,5,1,4,UPTOWN,BATTERY,BATTERY,YES,20-29,M,BLK,0,1,1
HS335242,2010-05-31 05:00:00,2010,5,2,5,UPTOWN,BATTERY,BATTERY,YES,0-19,M,BLK,0,1,1
HS361462,2010-06-15 17:30:00,2010,6,3,17,UPTOWN,BATTERY,BATTERY,YES,20-29,M,BLK,0,1,1
HS382228,2010-06-27 21:22:00,2010,6,1,21,UPTOWN,BATTERY,BATTERY,YES,20-29,M,BLK,0,1,1
HS382228,2010-06-27 21:22:00,2010,6,1,21,UPTOWN,BATTERY,BATTERY,YES,40-49,M,BLK,0,1,1
HS397835,2010-07-07 01:26:00,2010,7,4,1,UPTOWN,HOMICIDE,HOMICIDE,YES,20-29,M,BLK,1,0,1
HS399032,2010-07-07 18:25:00,2010,7,4,18,UPTOWN,BATTERY,BATTERY,YES,20-29,M,BLK,0,1,1
HS410446,2010-07-14 15:45:00,2010,7,4,15,UPTOWN,BATTERY,BATTERY,YES,30-39,M,WBH,0,1,1
HS414924,2010-07-17 04:02:00,2010,7,7,4,UPTOWN,BATTERY,BATTERY,YES,30-39,M,BLK,0,1,1
HS414924,2010-07-17 04:02:00,2010,7,7,4,UPTOWN,BATTERY,BATTERY,YES,20-29,M,WWH,0,1,1
HS434242,2010-07-28 16:36:00,2010,7,4,16,UPTOWN,BATTERY,HOMICIDE,YES,20-29,M,BLK,0,1,1
HS434242,2010-07-28 16:36:00,2010,7,4,16,UPTOWN,HOMICIDE,HOMICIDE,YES,20-29,M,BLK,1,0,1
HS442939,2010-08-03 02:30:00,2010,8,3,2,UPTOWN,BATTERY,BATTERY,YES,20-29,M,BLK,0,1,1
HS447180,2010-08-05 14:35:00,2010,8,5,14,UPTOWN,BATTERY,BATTERY,YES,30-39,M,BLK,0,1,1
HS480146,2010-08-25 04:23:00,2010,8,4,4,UPTOWN,BATTERY,BATTERY,YES,0-19,M,BLK,0,1,1
HS489197,2010-08-30 02:15:00,2010,8,2,2,UPTOWN,BATTERY,BATTERY,YES,40-49,M,BLK,0,1,1
HS492911,2010-09-01 03:23:00,2010,9,4,3,UPTOWN,BATTERY,BATTERY,YES,20-29,F,BLK,0,1,1
HS492911,2010-09-01 03:23:00,2010,9,4,3,UPTOWN,BATTERY,BATTERY,YES,30-39,M,BLK,0,1,1
HS521075,2010-09-18 04:14:00,2010,9,7,4,UPTOWN,BATTERY,BATTERY,YES,20-29,M,BLK,0,1,1
HS526851,2010-09-21 18:03:00,2010,9,3,18,UPTOWN,BATTERY,BATTERY,YES,20-29,M,BLK,0,1,1
HS526851,2010-09-21 18:03:00,2010,9,3,18,UPTOWN,BATTERY,BATTERY,YES,0-19,F,BLK,0,1,1
HS558389,2010-10-11 02:35:00,2010,10,2,2,UPTOWN,BATTERY,BATTERY,YES,30-39,M,BLK,0,1,1
HS591353,2010-10-31 00:59:00,2010,10,1,0,UPTOWN,BATTERY,BATTERY,YES,20-29,M,BLK,0,1,1
HS591723,2010-10-31 03:00:00,2010,10,1,3,UPTOWN,BATTERY,BATTERY,YES,UNKNOWN,UNKNOWN,UNKNOWN,0,1,1
HS592259,2010-10-31 17:14:00,2010,10,1,17,UPTOWN,BATTERY,BATTERY,YES,0-19,M,BLK,0,1,1
HS592259,2010-10-31 17:14:00,2010,10,1,17,UPTOWN,BATTERY,BATTERY,YES,0-19,M,BLK,0,1,1
HS592259,2010-10-31 17:14:00,2010,10,1,17,UPTOWN,BATTERY,BATTERY,YES,0-19,M,BLK,0,1,1
HS592324,2010-10-31 18:22:00,2010,10,1,18,UPTOWN,HOMICIDE,HOMICIDE,YES,30-39,M,BLK,1,0,1
HS593176,2010-11-01 10:20:00,2010,11,2,10,UPTOWN,BATTERY,BATTERY,YES,UNKNOWN,UNKNOWN,UNKNOWN,0,1,1
HS611389,2010-11-12 01:15:00,2010,11,6,1,UPTOWN,BATTERY,BATTERY,YES,20-29,M,BLK,0,1,1
HS636521,2010-11-28 15:50:00,2010,11,1,15,UPTOWN,BATTERY,BATTERY,YES,0-19,M,BLK,0,1,1
HS636521,2010-11-28 15:50:00,2010,11,1,15,UPTOWN,BATTERY,BATTERY,YES,0-19,M,BLK,0,1,1
HS640958,2010-12-01 13:06:00,2010,12,4,13,UPTOWN,BATTERY,BATTERY,YES,30-39,M,BLK,0,1,1
HS134479,2010-01-23 23:04:00,2010,1,7,23,WASHINGTON HEIGHTS,BATTERY,BATTERY,YES,20-29,M,BLK,0,1,1
HS160983,2010-02-11 17:15:00,2010,2,5,17,WASHINGTON HEIGHTS,BATTERY,BATTERY,YES,50-59,F,BLK,0,1,1
HS199584,2010-03-09 18:45:00,2010,3,3,18,WASHINGTON HEIGHTS,BATTERY,BATTERY,YES,0-19,M,BLK,0,1,1
HS201566,2010-03-10 21:30:00,2010,3,4,21,WASHINGTON HEIGHTS,BATTERY,BATTERY,YES,20-29,M,BLK,0,1,1
HS222885,2010-03-24 03:05:00,2010,3,4,3,WASHINGTON HEIGHTS,HOMICIDE,HOMICIDE,YES,30-39,M,BLK,1,0,1
HS281825,2010-04-29 10:35:00,2010,4,5,10,WASHINGTON HEIGHTS,BATTERY,BATTERY,YES,20-29,M,BLK,0,1,1
HS298473,2010-05-09 02:41:00,2010,5,1,2,WASHINGTON HEIGHTS,HOMICIDE,HOMICIDE,YES,20-29,M,BLK,1,0,1
HS308413,2010-05-15 01:15:00,2010,5,7,1,WASHINGTON HEIGHTS,BATTERY,BATTERY,YES,30-39,F,BLK,0,1,1
HS333784,2010-05-30 03:10:00,2010,5,1,3,WASHINGTON HEIGHTS,BATTERY,BATTERY,YES,40-49,M,BLK,0,1,1
HS333784,2010-05-30 03:10:00,2010,5,1,3,WASHINGTON HEIGHTS,BATTERY,BATTERY,YES,40-49,M,BLK,0,1,1
HS333784,2010-05-30 03:10:00,2010,5,1,3,WASHINGTON HEIGHTS,BATTERY,BATTERY,YES,30-39,F,BLK,0,1,1
HS333784,2010-05-30 03:10:00,2010,5,1,3,WASHINGTON HEIGHTS,BATTERY,BATTERY,YES,30-39,F,BLK,0,1,1
HS368582,2010-06-19 19:58:00,2010,6,7,19,WASHINGTON HEIGHTS,BATTERY,BATTERY,YES,0-19,M,BLK,0,1,1
HS381579,2010-06-27 13:19:56,2010,6,1,13,WASHINGTON HEIGHTS,BATTERY,BATTERY,YES,UNKNOWN,UNKNOWN,UNKNOWN,0,1,1
HS389847,2010-07-02 02:15:00,2010,7,6,2,WASHINGTON HEIGHTS,ROBBERY,ROBBERY,YES,0-19,M,BLK,0,1,1
HS402980,2010-07-09 22:37:00,2010,7,6,22,WASHINGTON HEIGHTS,BATTERY,BATTERY,YES,0-19,M,BLK,0,1,1
HS409478,2010-07-13 23:15:00,2010,7,3,23,WASHINGTON HEIGHTS,BATTERY,BATTERY,YES,0-19,M,BLK,0,1,1
HS409478,2010-07-13 23:15:00,2010,7,3,23,WASHINGTON HEIGHTS,BATTERY,BATTERY,YES,0-19,M,BLK,0,1,1
HS414638,2010-07-16 22:09:00,2010,7,6,22,WASHINGTON HEIGHTS,BATTERY,BATTERY,YES,30-39,M,BLK,0,1,1
HS414731,2010-07-17 00:30:00,2010,7,7,0,WASHINGTON HEIGHTS,BATTERY,BATTERY,YES,20-29,M,BLK,0,1,1
HS464570,2010-08-15 23:02:00,2010,8,1,23,WASHINGTON HEIGHTS,BATTERY,BATTERY,YES,0-19,F,BLK,0,1,1
HS490819,2010-08-30 22:13:00,2010,8,2,22,WASHINGTON HEIGHTS,BATTERY,BATTERY,YES,0-19,M,BLK,0,1,1
HS494530,2010-09-01 22:30:00,2010,9,4,22,WASHINGTON HEIGHTS,BATTERY,BATTERY,YES,0-19,M,BLK,0,1,1
HS500866,2010-09-05 22:35:00,2010,9,1,22,WASHINGTON HEIGHTS,BATTERY,BATTERY,YES,20-29,M,BLK,0,1,1
HS561451,2010-10-12 19:54:00,2010,10,3,19,WASHINGTON HEIGHTS,BATTERY,BATTERY,YES,20-29,M,BLK,0,1,1
HS562201,2010-10-13 11:04:00,2010,10,4,11,WASHINGTON HEIGHTS,HOMICIDE,HOMICIDE,YES,0-19,M,BLK,1,0,1
HS568154,2010-10-16 22:24:00,2010,10,7,22,WASHINGTON HEIGHTS,BATTERY,BATTERY,YES,20-29,F,BLK,0,1,1
HS570939,2010-10-18 19:15:00,2010,10,2,19,WASHINGTON HEIGHTS,BATTERY,BATTERY,YES,0-19,M,BLK,0,1,1
HS573503,2010-10-19 16:00:00,2010,10,3,16,WASHINGTON HEIGHTS,BATTERY,BATTERY,YES,UNKNOWN,UNKNOWN,UNKNOWN,0,1,1
HS599589,2010-11-04 21:26:00,2010,11,5,21,WASHINGTON HEIGHTS,BATTERY,BATTERY,YES,UNKNOWN,UNKNOWN,UNKNOWN,0,1,1
HS612570,2010-11-12 18:58:00,2010,11,6,18,WASHINGTON HEIGHTS,BATTERY,BATTERY,YES,30-39,M,BLK,0,1,1
HS620776,2010-11-17 20:11:00,2010,11,4,20,WASHINGTON HEIGHTS,BATTERY,BATTERY,YES,20-29,M,BLK,0,1,1
HS620776,2010-11-17 20:11:00,2010,11,4,20,WASHINGTON HEIGHTS,BATTERY,BATTERY,YES,20-29,M,BLK,0,1,1
HS638599,2010-11-29 21:46:00,2010,11,2,21,WASHINGTON HEIGHTS,BATTERY,BATTERY,YES,20-29,M,BLK,0,1,1
HS641685,2010-12-01 21:13:00,2010,12,4,21,WASHINGTON HEIGHTS,HOMICIDE,HOMICIDE,YES,20-29,M,BLK,1,0,1
HS666623,2010-12-18 13:54:00,2010,12,7,13,WASHINGTON HEIGHTS,ROBBERY,ROBBERY,YES,30-39,UNKNOWN,UNKNOWN,0,1,1
HS677366,2010-12-26 22:00:00,2010,12,1,22,WASHINGTON HEIGHTS,HOMICIDE,HOMICIDE,NO,50-59,F,BLK,1,0,1
HS155744,2010-02-07 21:10:00,2010,2,1,21,WASHINGTON PARK,HOMICIDE,HOMICIDE,YES,30-39,M,BLK,1,0,1
HS156645,2010-02-08 15:15:00,2010,2,2,15,WASHINGTON PARK,BATTERY,BATTERY,YES,0-19,M,BLK,0,1,1
HS185104,2010-02-28 14:55:00,2010,2,1,14,WASHINGTON PARK,BATTERY,BATTERY,YES,0-19,M,BLK,0,1,1
HS186231,2010-03-01 12:48:37,2010,3,2,12,WASHINGTON PARK,BATTERY,BATTERY,YES,UNKNOWN,UNKNOWN,UNKNOWN,0,1,1
HS195353,2010-03-07 02:06:00,2010,3,1,2,WASHINGTON PARK,HOMICIDE,HOMICIDE,YES,20-29,M,BLK,1,0,1
HS197566,2010-03-08 16:30:00,2010,3,2,16,WASHINGTON PARK,HOMICIDE,HOMICIDE,YES,0-19,M,BLK,1,0,1
HS199113,2010-03-09 15:49:02,2010,3,3,15,WASHINGTON PARK,BATTERY,BATTERY,YES,UNKNOWN,UNKNOWN,UNKNOWN,0,1,1
HS222773,2010-03-23 23:08:00,2010,3,3,23,WASHINGTON PARK,BATTERY,BATTERY,YES,20-29,M,BLK,0,1,1
HS235466,2010-03-31 21:49:00,2010,3,4,21,WASHINGTON PARK,BATTERY,BATTERY,YES,20-29,M,BLK,0,1,1
HS237416,2010-04-02 00:00:00,2010,4,6,0,WASHINGTON PARK,ROBBERY,ROBBERY,YES,30-39,M,BLK,0,1,1
HS244774,2010-04-06 19:19:00,2010,4,3,19,WASHINGTON PARK,BATTERY,BATTERY,YES,20-29,M,BLK,0,1,1
HS244774,2010-04-06 19:19:00,2010,4,3,19,WASHINGTON PARK,BATTERY,BATTERY,YES,0-19,F,BLK,0,1,1
HS244774,2010-04-06 19:19:00,2010,4,3,19,WASHINGTON PARK,BATTERY,BATTERY,YES,0-19,M,BLK,0,1,1
HS247877,2010-04-08 16:04:00,2010,4,5,16,WASHINGTON PARK,BATTERY,BATTERY,YES,30-39,M,BLK,0,1,1
HS253947,2010-04-12 15:25:00,2010,4,2,15,WASHINGTON PARK,BATTERY,BATTERY,YES,20-29,M,BLK,0,1,1
HS253947,2010-04-12 15:25:00,2010,4,2,15,WASHINGTON PARK,BATTERY,BATTERY,YES,20-29,M,BLK,0,1,1
HS254123,2010-04-12 17:01:00,2010,4,2,17,WASHINGTON PARK,BATTERY,BATTERY,YES,20-29,M,BLK,0,1,1
HS254416,2010-04-12 19:46:00,2010,4,2,19,WASHINGTON PARK,BATTERY,BATTERY,YES,0-19,F,BLK,0,1,1
HS254719,2010-04-12 23:55:00,2010,4,2,23,WASHINGTON PARK,BATTERY,BATTERY,YES,20-29,M,BLK,0,1,1
HS259945,2010-04-15 22:54:00,2010,4,5,22,WASHINGTON PARK,HOMICIDE,HOMICIDE,YES,20-29,F,BLK,1,0,1
HS304784,2010-05-12 22:41:00,2010,5,4,22,WASHINGTON PARK,HOMICIDE,HOMICIDE,YES,20-29,M,BLK,1,0,1
HS304784,2010-05-12 22:41:00,2010,5,4,22,WASHINGTON PARK,BATTERY,HOMICIDE,YES,30-39,M,BLK,0,1,1
HS310987,2010-05-16 19:30:00,2010,5,1,19,WASHINGTON PARK,BATTERY,BATTERY,YES,20-29,M,BLK,0,1,1
HS322781,2010-05-23 21:20:00,2010,5,1,21,WASHINGTON PARK,HOMICIDE,HOMICIDE,YES,30-39,M,WBH,1,0,1
HS326708,2010-05-26 01:25:00,2010,5,4,1,WASHINGTON PARK,BATTERY,BATTERY,YES,30-39,M,BLK,0,1,1
HS345183,2010-06-06 01:00:00,2010,6,1,1,WASHINGTON PARK,BATTERY,BATTERY,YES,20-29,M,BLK,0,1,1
HS352881,2010-06-10 15:35:00,2010,6,5,15,WASHINGTON PARK,BATTERY,BATTERY,YES,0-19,M,BLK,0,1,1
HS355882,2010-06-12 09:11:00,2010,6,7,9,WASHINGTON PARK,BATTERY,BATTERY,YES,50-59,M,BLK,0,1,1
HS360723,2010-06-15 11:15:00,2010,6,3,11,WASHINGTON PARK,BATTERY,BATTERY,YES,30-39,M,BLK,0,1,1
HS373403,2010-06-22 16:40:00,2010,6,3,16,WASHINGTON PARK,BATTERY,BATTERY,YES,20-29,M,BLK,0,1,1
HS387600,2010-06-30 20:10:00,2010,6,4,20,WASHINGTON PARK,BATTERY,BATTERY,YES,20-29,M,BLK,0,1,1
HS387600,2010-06-30 20:10:00,2010,6,4,20,WASHINGTON PARK,BATTERY,BATTERY,YES,0-19,M,BLK,0,1,1
HS388828,2010-07-01 14:25:00,2010,7,5,14,WASHINGTON PARK,BATTERY,BATTERY,YES,UNKNOWN,UNKNOWN,UNKNOWN,0,1,1
HS399476,2010-07-08 00:08:00,2010,7,5,0,WASHINGTON PARK,BATTERY,BATTERY,YES,20-29,M,BLK,0,1,1
HS420203,2010-07-20 12:30:00,2010,7,3,12,WASHINGTON PARK,BATTERY,BATTERY,YES,20-29,F,BLK,0,1,1
HS421181,2010-07-20 21:53:00,2010,7,3,21,WASHINGTON PARK,BATTERY,BATTERY,YES,20-29,M,BLK,0,1,1
HS421181,2010-07-20 21:53:00,2010,7,3,21,WASHINGTON PARK,BATTERY,BATTERY,YES,0-19,M,BLK,0,1,1
HS422256,2010-07-21 14:42:00,2010,7,4,14,WASHINGTON PARK,BATTERY,BATTERY,YES,30-39,M,BLK,0,1,1
HS447880,2010-08-05 21:50:00,2010,8,5,21,WASHINGTON PARK,BATTERY,BATTERY,YES,50-59,M,BLK,0,1,1
HS447880,2010-08-05 21:50:00,2010,8,5,21,WASHINGTON PARK,BATTERY,BATTERY,YES,30-39,M,BLK,0,1,1
HS482607,2010-08-26 12:35:00,2010,8,5,12,WASHINGTON PARK,BATTERY,BATTERY,YES,30-39,M,BLK,0,1,1
HS485691,2010-08-27 23:01:00,2010,8,6,23,WASHINGTON PARK,BATTERY,BATTERY,YES,20-29,F,BLK,0,1,1
HS486047,2010-08-28 04:30:00,2010,8,7,4,WASHINGTON PARK,BATTERY,BATTERY,YES,20-29,M,BLK,0,1,1
HS490256,2010-08-30 15:45:00,2010,8,2,15,WASHINGTON PARK,BATTERY,BATTERY,YES,30-39,M,BLK,0,1,1
HS492813,2010-09-01 00:53:00,2010,9,4,0,WASHINGTON PARK,HOMICIDE,HOMICIDE,YES,20-29,M,BLK,1,0,1
HS492813,2010-09-01 00:53:00,2010,9,4,0,WASHINGTON PARK,HOMICIDE,HOMICIDE,YES,20-29,M,BLK,1,0,1
HS499508,2010-09-04 23:40:00,2010,9,7,23,WASHINGTON PARK,BATTERY,BATTERY,YES,0-19,M,BLK,0,1,1
HS499508,2010-09-04 23:40:00,2010,9,7,23,WASHINGTON PARK,BATTERY,BATTERY,YES,0-19,M,BLK,0,1,1
HS500742,2010-09-05 20:52:00,2010,9,1,20,WASHINGTON PARK,BATTERY,BATTERY,YES,20-29,M,BLK,0,1,1
HS500742,2010-09-05 20:52:00,2010,9,1,20,WASHINGTON PARK,BATTERY,BATTERY,YES,0-19,M,BLK,0,1,1
HS507699,2010-09-09 21:00:00,2010,9,5,21,WASHINGTON PARK,BATTERY,BATTERY,YES,20-29,M,BLK,0,1,1
HS538607,2010-09-28 18:30:00,2010,9,3,18,WASHINGTON PARK,BATTERY,BATTERY,YES,0-19,M,BLK,0,1,1
HS553297,2010-10-07 22:28:00,2010,10,5,22,WASHINGTON PARK,ROBBERY,ROBBERY,YES,40-49,M,BLK,0,1,1
HS554623,2010-10-08 18:20:00,2010,10,6,18,WASHINGTON PARK,BATTERY,BATTERY,YES,30-39,M,BLK,0,1,1
HS554623,2010-10-08 18:20:00,2010,10,6,18,WASHINGTON PARK,BATTERY,BATTERY,YES,20-29,M,BLK,0,1,1
HS554623,2010-10-08 18:20:00,2010,10,6,18,WASHINGTON PARK,BATTERY,BATTERY,YES,20-29,M,BLK,0,1,1
HS558322,2010-10-11 01:01:00,2010,10,2,1,WASHINGTON PARK,BATTERY,BATTERY,YES,20-29,M,BLK,0,1,1
HS577749,2010-10-22 21:40:00,2010,10,6,21,WASHINGTON PARK,BATTERY,BATTERY,YES,30-39,M,BLK,0,1,1
HS595889,2010-11-02 19:25:00,2010,11,3,19,WASHINGTON PARK,BATTERY,BATTERY,YES,0-19,M,BLK,0,1,1
HS603796,2010-11-07 18:08:00,2010,11,1,18,WASHINGTON PARK,BATTERY,BATTERY,YES,20-29,M,BLK,0,1,1
HS614692,2010-11-14 13:03:00,2010,11,1,13,WASHINGTON PARK,HOMICIDE,HOMICIDE,NO,40-49,F,BLK,1,0,1
HS638262,2010-11-29 18:25:00,2010,11,2,18,WASHINGTON PARK,BATTERY,BATTERY,YES,40-49,M,BLK,0,1,1
HS638262,2010-11-29 18:25:00,2010,11,2,18,WASHINGTON PARK,BATTERY,BATTERY,YES,70-79,F,BLK,0,1,1
HS675374,2010-12-24 18:40:00,2010,12,6,18,WASHINGTON PARK,BATTERY,BATTERY,YES,30-39,M,BLK,0,1,1
HS312912,2010-05-17 22:17:00,2010,5,2,22,WEST ELSDON,HOMICIDE,HOMICIDE,YES,20-29,F,WWH,1,0,1
HS312912,2010-05-17 22:17:00,2010,5,2,22,WEST ELSDON,HOMICIDE,HOMICIDE,YES,30-39,M,WWH,1,0,1
HS334297,2010-05-30 13:10:00,2010,5,1,13,WEST ELSDON,BATTERY,BATTERY,YES,0-19,M,WWH,0,1,1
HS656615,2010-12-11 20:09:00,2010,12,7,20,WEST ELSDON,BATTERY,BATTERY,YES,20-29,F,WWH,0,1,1
HS102573,2010-01-02 20:30:00,2010,1,7,20,WEST ENGLEWOOD,HOMICIDE,HOMICIDE,NO,40-49,M,BLK,1,0,1
HS101859,2010-01-02 21:44:00,2010,1,7,21,WEST ENGLEWOOD,HOMICIDE,HOMICIDE,YES,20-29,M,WWH,1,0,1
HS115563,2010-01-11 18:35:00,2010,1,2,18,WEST ENGLEWOOD,BATTERY,BATTERY,YES,20-29,M,BLK,0,1,1
HS115563,2010-01-11 18:35:00,2010,1,2,18,WEST ENGLEWOOD,BATTERY,BATTERY,YES,0-19,M,BLK,0,1,1
HS119935,2010-01-13 00:01:00,2010,1,4,0,WEST ENGLEWOOD,BATTERY,BATTERY,YES,30-39,M,BLK,0,1,1
HS122637,2010-01-16 01:24:00,2010,1,7,1,WEST ENGLEWOOD,ROBBERY,ROBBERY,YES,30-39,M,WWH,0,1,1
HS124032,2010-01-17 00:44:07,2010,1,1,0,WEST ENGLEWOOD,BATTERY,BATTERY,YES,UNKNOWN,UNKNOWN,UNKNOWN,0,1,1
HS132183,2010-01-22 14:30:00,2010,1,6,14,WEST ENGLEWOOD,ROBBERY,ROBBERY,YES,20-29,M,BLK,0,1,1
HS134548,2010-01-24 00:15:00,2010,1,1,0,WEST ENGLEWOOD,BATTERY,BATTERY,YES,0-19,M,BLK,0,1,1
HS163108,2010-02-13 02:25:00,2010,2,7,2,WEST ENGLEWOOD,BATTERY,BATTERY,YES,0-19,F,BLK,0,1,1
HS164180,2010-02-13 20:44:00,2010,2,7,20,WEST ENGLEWOOD,BATTERY,BATTERY,YES,0-19,M,BLK,0,1,1
HS178013,2010-02-23 18:05:00,2010,2,3,18,WEST ENGLEWOOD,BATTERY,BATTERY,YES,20-29,M,BLK,0,1,1
HS184384,2010-02-28 00:24:00,2010,2,1,0,WEST ENGLEWOOD,BATTERY,BATTERY,YES,20-29,M,BLK,0,1,1
HS187484,2010-03-02 09:25:00,2010,3,3,9,WEST ENGLEWOOD,BATTERY,BATTERY,YES,20-29,M,BLK,0,1,1
HS193527,2010-03-05 20:10:00,2010,3,6,20,WEST ENGLEWOOD,BATTERY,BATTERY,YES,20-29,F,BLK,0,1,1
HS193527,2010-03-05 20:10:00,2010,3,6,20,WEST ENGLEWOOD,BATTERY,BATTERY,YES,0-19,F,BLK,0,1,1
HS198266,2010-03-09 02:00:00,2010,3,3,2,WEST ENGLEWOOD,BATTERY,BATTERY,YES,40-49,M,BLK,0,1,1
HS220814,2010-03-22 20:01:00,2010,3,2,20,WEST ENGLEWOOD,BATTERY,BATTERY,YES,30-39,M,BLK,0,1,1
HS227980,2010-03-27 03:40:00,2010,3,7,3,WEST ENGLEWOOD,BATTERY,BATTERY,YES,20-29,M,BLK,0,1,1
HS235633,2010-04-01 00:15:00,2010,4,5,0,WEST ENGLEWOOD,BATTERY,BATTERY,YES,20-29,M,BLK,0,1,1
HS237287,2010-04-01 23:15:00,2010,4,5,23,WEST ENGLEWOOD,HOMICIDE,HOMICIDE,YES,30-39,M,BLK,1,0,1
HS237410,2010-04-02 01:00:00,2010,4,6,1,WEST ENGLEWOOD,BATTERY,BATTERY,YES,20-29,M,BLK,0,1,1
HS237410,2010-04-02 01:00:00,2010,4,6,1,WEST ENGLEWOOD,BATTERY,BATTERY,YES,20-29,M,BLK,0,1,1
HS237410,2010-04-02 01:00:00,2010,4,6,1,WEST ENGLEWOOD,BATTERY,BATTERY,YES,20-29,M,BLK,0,1,1
HS237410,2010-04-02 01:00:00,2010,4,6,1,WEST ENGLEWOOD,BATTERY,BATTERY,YES,20-29,M,BLK,0,1,1
HS237455,2010-04-02 01:43:00,2010,4,6,1,WEST ENGLEWOOD,BATTERY,BATTERY,YES,30-39,M,BLK,0,1,1
HS238292,2010-04-02 15:31:00,2010,4,6,15,WEST ENGLEWOOD,HOMICIDE,HOMICIDE,YES,20-29,M,BLK,1,0,1
HS246848,2010-04-08 01:46:54,2010,4,5,1,WEST ENGLEWOOD,BATTERY,BATTERY,YES,UNKNOWN,UNKNOWN,UNKNOWN,0,1,1
HS258164,2010-04-15 00:30:00,2010,4,5,0,WEST ENGLEWOOD,NON-FATAL,HOMICIDE,YES,20-29,M,BLK,0,1,1
HS258164,2010-04-15 00:30:00,2010,4,5,0,WEST ENGLEWOOD,NON-FATAL,HOMICIDE,YES,20-29,M,BLK,0,1,1
HS258164,2010-04-15 00:30:00,2010,4,5,0,WEST ENGLEWOOD,HOMICIDE,HOMICIDE,YES,20-29,M,BLK,1,0,1
HS260103,2010-04-16 03:08:00,2010,4,6,3,WEST ENGLEWOOD,BATTERY,BATTERY,YES,20-29,M,BLK,0,1,1
HS264224,2010-04-18 18:22:00,2010,4,1,18,WEST ENGLEWOOD,BATTERY,BATTERY,YES,20-29,F,BLK,0,1,1
HS267650,2010-04-20 19:25:00,2010,4,3,19,WEST ENGLEWOOD,BATTERY,BATTERY,YES,0-19,F,BLK,0,1,1
HS267650,2010-04-20 19:25:00,2010,4,3,19,WEST ENGLEWOOD,BATTERY,BATTERY,YES,40-49,M,BLK,0,1,1
HS268917,2010-04-21 15:55:00,2010,4,4,15,WEST ENGLEWOOD,BATTERY,BATTERY,YES,20-29,M,BLK,0,1,1
HS274428,2010-04-24 22:18:00,2010,4,7,22,WEST ENGLEWOOD,BATTERY,BATTERY,YES,20-29,M,BLK,0,1,1
HS279699,2010-04-28 03:24:00,2010,4,4,3,WEST ENGLEWOOD,BATTERY,BATTERY,YES,40-49,M,BLK,0,1,1
HS283165,2010-04-30 02:12:00,2010,4,6,2,WEST ENGLEWOOD,BATTERY,BATTERY,YES,20-29,M,BLK,0,1,1
HS291307,2010-05-04 18:30:00,2010,5,3,18,WEST ENGLEWOOD,BATTERY,BATTERY,YES,20-29,M,BLK,0,1,1
HS291404,2010-05-04 22:39:00,2010,5,3,22,WEST ENGLEWOOD,BATTERY,BATTERY,YES,20-29,M,BLK,0,1,1
HS291404,2010-05-04 22:39:00,2010,5,3,22,WEST ENGLEWOOD,BATTERY,BATTERY,YES,20-29,M,BLK,0,1,1
HS291404,2010-05-04 22:39:00,2010,5,3,22,WEST ENGLEWOOD,BATTERY,BATTERY,YES,0-19,F,BLK,0,1,1
HS291404,2010-05-04 22:39:00,2010,5,3,22,WEST ENGLEWOOD,BATTERY,BATTERY,YES,30-39,M,BLK,0,1,1
HS293437,2010-05-06 01:50:00,2010,5,5,1,WEST ENGLEWOOD,BATTERY,BATTERY,YES,20-29,M,BLK,0,1,1
HS296277,2010-05-07 17:25:00,2010,5,6,17,WEST ENGLEWOOD,BATTERY,BATTERY,YES,0-19,M,BLK,0,1,1
HS306351,2010-05-13 21:20:00,2010,5,5,21,WEST ENGLEWOOD,ROBBERY,ROBBERY,YES,20-29,M,BLK,0,1,1
HS315926,2010-05-19 17:15:00,2010,5,4,17,WEST ENGLEWOOD,BATTERY,BATTERY,YES,20-29,M,BLK,0,1,1
HS327429,2010-05-26 13:00:00,2010,5,4,13,WEST ENGLEWOOD,BATTERY,BATTERY,YES,0-19,M,BLK,0,1,1
HS330236,2010-05-27 23:13:00,2010,5,5,23,WEST ENGLEWOOD,BATTERY,BATTERY,YES,20-29,M,BLK,0,1,1
HS334933,2010-05-30 00:30:00,2010,5,1,0,WEST ENGLEWOOD,HOMICIDE,HOMICIDE,YES,20-29,M,BLK,1,0,1
HS337906,2010-06-01 20:19:00,2010,6,3,20,WEST ENGLEWOOD,BATTERY,BATTERY,YES,20-29,M,BLK,0,1,1
HS339969,2010-06-03 00:40:00,2010,6,5,0,WEST ENGLEWOOD,BATTERY,BATTERY,YES,20-29,M,BLK,0,1,1
HS343253,2010-06-04 21:38:00,2010,6,6,21,WEST ENGLEWOOD,BATTERY,BATTERY,YES,0-19,M,BLK,0,1,1
HS346265,2010-06-06 21:10:00,2010,6,1,21,WEST ENGLEWOOD,ROBBERY,ROBBERY,YES,20-29,M,BLK,0,1,1
HS346358,2010-06-06 22:38:00,2010,6,1,22,WEST ENGLEWOOD,BATTERY,BATTERY,YES,0-19,M,BLK,0,1,1
HS346531,2010-06-07 01:35:00,2010,6,2,1,WEST ENGLEWOOD,BATTERY,BATTERY,YES,20-29,M,BLK,0,1,1
HS348038,2010-06-07 21:35:00,2010,6,2,21,WEST ENGLEWOOD,BATTERY,BATTERY,YES,0-19,M,BLK,0,1,1
HS351389,2010-06-09 19:00:00,2010,6,4,19,WEST ENGLEWOOD,BATTERY,BATTERY,YES,20-29,M,BLK,0,1,1
HS351703,2010-06-09 23:13:00,2010,6,4,23,WEST ENGLEWOOD,BATTERY,BATTERY,YES,20-29,M,BLK,0,1,1
HS357847,2010-06-13 15:49:00,2010,6,1,15,WEST ENGLEWOOD,BATTERY,BATTERY,YES,0-19,M,BLK,0,1,1
HS360189,2010-06-14 22:00:00,2010,6,2,22,WEST ENGLEWOOD,BATTERY,BATTERY,YES,0-19,M,BLK,0,1,1
HS363759,2010-06-16 23:51:00,2010,6,4,23,WEST ENGLEWOOD,HOMICIDE,HOMICIDE,YES,0-19,M,BLK,1,0,1
HS363857,2010-06-17 01:15:00,2010,6,5,1,WEST ENGLEWOOD,ROBBERY,ROBBERY,YES,20-29,M,BLK,0,1,1
HS364505,2010-06-17 13:30:00,2010,6,5,13,WEST ENGLEWOOD,BATTERY,BATTERY,YES,0-19,M,BLK,0,1,1
HS367345,2010-06-19 00:17:00,2010,6,7,0,WEST ENGLEWOOD,BATTERY,BATTERY,YES,0-19,M,BLK,0,1,1
HS370447,2010-06-21 00:30:00,2010,6,2,0,WEST ENGLEWOOD,BATTERY,BATTERY,YES,20-29,F,BLK,0,1,1
HS370524,2010-06-21 02:02:00,2010,6,2,2,WEST ENGLEWOOD,HOMICIDE,HOMICIDE,YES,40-49,M,BLK,1,0,1
HS371314,2010-06-21 14:15:00,2010,6,2,14,WEST ENGLEWOOD,BATTERY,BATTERY,YES,40-49,M,BLK,0,1,1
HS373185,2010-06-22 15:00:00,2010,6,3,15,WEST ENGLEWOOD,BATTERY,BATTERY,YES,20-29,M,BLK,0,1,1
HS379390,2010-06-26 03:58:00,2010,6,7,3,WEST ENGLEWOOD,HOMICIDE,HOMICIDE,YES,20-29,M,BLK,1,0,1
HS379390,2010-06-26 03:58:00,2010,6,7,3,WEST ENGLEWOOD,BATTERY,HOMICIDE,YES,30-39,M,BLK,0,1,1
HS390987,2010-07-02 18:22:00,2010,7,6,18,WEST ENGLEWOOD,BATTERY,BATTERY,YES,20-29,M,BLK,0,1,1
HS393084,2010-07-04 03:00:00,2010,7,1,3,WEST ENGLEWOOD,BATTERY,BATTERY,YES,30-39,F,BLK,0,1,1
HS393497,2010-07-04 12:20:00,2010,7,1,12,WEST ENGLEWOOD,BATTERY,BATTERY,YES,0-19,M,BLK,0,1,1
HS393707,2010-07-04 15:47:00,2010,7,1,15,WEST ENGLEWOOD,HOMICIDE,HOMICIDE,YES,20-29,M,BLK,1,0,1
HS394123,2010-07-04 22:25:00,2010,7,1,22,WEST ENGLEWOOD,HOMICIDE,HOMICIDE,YES,30-39,M,BLK,1,0,1
HS394322,2010-07-05 00:50:00,2010,7,2,0,WEST ENGLEWOOD,HOMICIDE,HOMICIDE,YES,30-39,M,BLK,1,0,1
HS394322,2010-07-05 00:50:00,2010,7,2,0,WEST ENGLEWOOD,NON-FATAL,HOMICIDE,YES,30-39,M,BLK,0,1,1
HS395707,2010-07-05 21:00:00,2010,7,2,21,WEST ENGLEWOOD,HOMICIDE,HOMICIDE,YES,0-19,M,BLK,1,0,1
HS398722,2010-07-07 14:45:00,2010,7,4,14,WEST ENGLEWOOD,HOMICIDE,HOMICIDE,YES,40-49,M,WWH,1,0,1
HS407210,2010-07-12 17:05:00,2010,7,2,17,WEST ENGLEWOOD,BATTERY,BATTERY,YES,0-19,M,BLK,0,1,1
HS411217,2010-07-14 22:15:00,2010,7,4,22,WEST ENGLEWOOD,BATTERY,BATTERY,YES,20-29,M,BLK,0,1,1
HS414524,2010-07-16 21:47:00,2010,7,6,21,WEST ENGLEWOOD,BATTERY,BATTERY,YES,UNKNOWN,UNKNOWN,UNKNOWN,0,1,1
HS417472,2010-07-18 18:32:00,2010,7,1,18,WEST ENGLEWOOD,ROBBERY,ROBBERY,YES,20-29,M,BLK,0,1,1
HS419526,2010-07-19 22:00:00,2010,7,2,22,WEST ENGLEWOOD,BATTERY,BATTERY,YES,0-19,M,BLK,0,1,1
HS434803,2010-07-28 22:50:00,2010,7,4,22,WEST ENGLEWOOD,BATTERY,BATTERY,YES,40-49,F,BLK,0,1,1
HS434803,2010-07-28 22:50:00,2010,7,4,22,WEST ENGLEWOOD,BATTERY,BATTERY,YES,20-29,M,BLK,0,1,1
HS437589,2010-07-30 17:00:00,2010,7,6,17,WEST ENGLEWOOD,BATTERY,BATTERY,YES,30-39,M,BLK,0,1,1
HS438740,2010-07-31 11:30:00,2010,7,7,11,WEST ENGLEWOOD,HOMICIDE,HOMICIDE,NO,0-19,F,BLK,1,0,1
HS443344,2010-08-03 11:05:00,2010,8,3,11,WEST ENGLEWOOD,HOMICIDE,HOMICIDE,NO,60-69,M,BLK,1,0,1
HS446133,2010-08-04 21:25:00,2010,8,4,21,WEST ENGLEWOOD,BATTERY,BATTERY,YES,0-19,M,BLK,0,1,1
HS446416,2010-08-05 02:35:00,2010,8,5,2,WEST ENGLEWOOD,BATTERY,BATTERY,YES,50-59,M,BLK,0,1,1
HS449049,2010-08-06 15:45:00,2010,8,6,15,WEST ENGLEWOOD,BATTERY,BATTERY,YES,30-39,M,BLK,0,1,1
HS449978,2010-08-07 02:43:00,2010,8,7,2,WEST ENGLEWOOD,BATTERY,BATTERY,YES,0-19,M,BLK,0,1,1
HS449978,2010-08-07 02:43:00,2010,8,7,2,WEST ENGLEWOOD,BATTERY,BATTERY,YES,20-29,M,BLK,0,1,1
HS458955,2010-08-12 15:13:00,2010,8,5,15,WEST ENGLEWOOD,HOMICIDE,HOMICIDE,YES,20-29,F,BLK,1,0,1
HS459752,2010-08-13 00:02:00,2010,8,6,0,WEST ENGLEWOOD,BATTERY,BATTERY,YES,0-19,M,BLK,0,1,1
HS462907,2010-08-14 21:40:00,2010,8,7,21,WEST ENGLEWOOD,BATTERY,BATTERY,YES,0-19,M,BLK,0,1,1
HS463359,2010-08-15 00:08:00,2010,8,1,0,WEST ENGLEWOOD,BATTERY,BATTERY,YES,0-19,M,BLK,0,1,1
HS471470,2010-08-19 22:02:00,2010,8,5,22,WEST ENGLEWOOD,HOMICIDE,HOMICIDE,YES,0-19,M,BLK,1,0,1
HS473393,2010-08-21 01:38:00,2010,8,7,1,WEST ENGLEWOOD,BATTERY,BATTERY,YES,20-29,M,BLK,0,1,1
HS473499,2010-08-21 03:30:00,2010,8,7,3,WEST ENGLEWOOD,BATTERY,BATTERY,YES,30-39,M,BLK,0,1,1
HS478805,2010-08-24 13:44:00,2010,8,3,13,WEST ENGLEWOOD,BATTERY,BATTERY,YES,0-19,M,BLK,0,1,1
HS483430,2010-08-26 19:30:00,2010,8,5,19,WEST ENGLEWOOD,BATTERY,BATTERY,YES,0-19,M,BLK,0,1,1
HS491912,2010-08-31 15:12:00,2010,8,3,15,WEST ENGLEWOOD,BATTERY,BATTERY,YES,20-29,M,BLK,0,1,1
HS494010,2010-08-31 18:30:00,2010,8,3,18,WEST ENGLEWOOD,BATTERY,BATTERY,YES,0-19,M,BLK,0,1,1
HS501193,2010-09-06 06:29:00,2010,9,2,6,WEST ENGLEWOOD,BATTERY,BATTERY,YES,20-29,M,BLK,0,1,1
HS519584,2010-09-17 10:16:00,2010,9,6,10,WEST ENGLEWOOD,HOMICIDE,HOMICIDE,NO,50-59,F,BLK,1,0,1
HS522879,2010-09-19 10:40:00,2010,9,1,10,WEST ENGLEWOOD,BATTERY,BATTERY,YES,0-19,M,BLK,0,1,1
HS522879,2010-09-19 10:40:00,2010,9,1,10,WEST ENGLEWOOD,BATTERY,BATTERY,YES,0-19,M,BLK,0,1,1
HS525462,2010-09-20 22:40:00,2010,9,2,22,WEST ENGLEWOOD,BATTERY,BATTERY,YES,20-29,M,BLK,0,1,1
HS532537,2010-09-24 23:33:00,2010,9,6,23,WEST ENGLEWOOD,BATTERY,BATTERY,YES,0-19,M,BLK,0,1,1
HS532537,2010-09-24 23:33:00,2010,9,6,23,WEST ENGLEWOOD,BATTERY,BATTERY,YES,0-19,M,BLK,0,1,1
HS532537,2010-09-24 23:33:00,2010,9,6,23,WEST ENGLEWOOD,BATTERY,BATTERY,YES,0-19,M,BLK,0,1,1
HS532537,2010-09-24 23:33:00,2010,9,6,23,WEST ENGLEWOOD,BATTERY,BATTERY,YES,50-59,M,BLK,0,1,1
HS534252,2010-09-26 01:40:00,2010,9,1,1,WEST ENGLEWOOD,BATTERY,BATTERY,YES,0-19,M,BLK,0,1,1
HS537113,2010-09-27 16:30:00,2010,9,2,16,WEST ENGLEWOOD,BATTERY,BATTERY,YES,20-29,M,BLK,0,1,1
HS537249,2010-09-27 23:25:00,2010,9,2,23,WEST ENGLEWOOD,BATTERY,BATTERY,YES,0-19,M,BLK,0,1,1
HS539011,2010-09-28 23:40:00,2010,9,3,23,WEST ENGLEWOOD,BATTERY,BATTERY,YES,30-39,M,BLK,0,1,1
HS542314,2010-09-30 23:55:00,2010,9,5,23,WEST ENGLEWOOD,HOMICIDE,HOMICIDE,YES,0-19,M,BLK,1,0,1
HS542822,2010-10-01 11:44:45,2010,10,6,11,WEST ENGLEWOOD,BATTERY,BATTERY,YES,UNKNOWN,UNKNOWN,UNKNOWN,0,1,1
HS551425,2010-10-06 20:20:00,2010,10,4,20,WEST ENGLEWOOD,BATTERY,BATTERY,YES,20-29,M,BLK,0,1,1
HS556364,2010-10-09 18:34:00,2010,10,7,18,WEST ENGLEWOOD,BATTERY,BATTERY,YES,20-29,M,BLK,0,1,1
HS556816,2010-10-10 00:35:00,2010,10,1,0,WEST ENGLEWOOD,BATTERY,BATTERY,YES,20-29,F,BLK,0,1,1
HS558441,2010-10-11 04:45:00,2010,10,2,4,WEST ENGLEWOOD,BATTERY,BATTERY,YES,40-49,M,BLK,0,1,1
HS570612,2010-10-18 16:13:00,2010,10,2,16,WEST ENGLEWOOD,BATTERY,BATTERY,YES,0-19,M,BLK,0,1,1
HS570612,2010-10-18 16:13:00,2010,10,2,16,WEST ENGLEWOOD,BATTERY,BATTERY,YES,20-29,M,BLK,0,1,1
HS587139,2010-10-28 13:40:00,2010,10,5,13,WEST ENGLEWOOD,BATTERY,BATTERY,YES,UNKNOWN,UNKNOWN,UNKNOWN,0,1,1
HS588425,2010-10-29 09:55:00,2010,10,6,9,WEST ENGLEWOOD,BATTERY,BATTERY,YES,0-19,M,BLK,0,1,1
HS589687,2010-10-29 23:10:00,2010,10,6,23,WEST ENGLEWOOD,BATTERY,BATTERY,YES,0-19,M,BLK,0,1,1
HS589687,2010-10-29 23:10:00,2010,10,6,23,WEST ENGLEWOOD,BATTERY,BATTERY,YES,40-49,F,BLK,0,1,1
HS589903,2010-10-30 03:20:00,2010,10,7,3,WEST ENGLEWOOD,BATTERY,BATTERY,YES,20-29,M,BLK,0,1,1
HS589917,2010-10-30 04:22:00,2010,10,7,4,WEST ENGLEWOOD,BATTERY,BATTERY,YES,20-29,M,BLK,0,1,1
HS590469,2010-10-30 13:40:00,2010,10,7,13,WEST ENGLEWOOD,ROBBERY,ROBBERY,YES,40-49,M,WWH,0,1,1
HS592590,2010-10-31 22:03:00,2010,10,1,22,WEST ENGLEWOOD,HOMICIDE,HOMICIDE,YES,20-29,M,BLK,1,0,1
HS592590,2010-10-31 22:03:00,2010,10,1,22,WEST ENGLEWOOD,BATTERY,HOMICIDE,YES,30-39,M,BLK,0,1,1
HS592863,2010-11-01 05:16:00,2010,11,2,5,WEST ENGLEWOOD,BATTERY,BATTERY,YES,50-59,M,BLK,0,1,1
HS604137,2010-11-07 23:46:00,2010,11,1,23,WEST ENGLEWOOD,BATTERY,BATTERY,YES,20-29,M,BLK,0,1,1
HS612672,2010-11-12 20:17:00,2010,11,6,20,WEST ENGLEWOOD,BATTERY,BATTERY,YES,0-19,M,BLK,0,1,1
HS614093,2010-11-13 18:00:00,2010,11,7,18,WEST ENGLEWOOD,HOMICIDE,HOMICIDE,YES,30-39,M,BLK,1,0,1
HS614093,2010-11-13 18:00:00,2010,11,7,18,WEST ENGLEWOOD,HOMICIDE,HOMICIDE,YES,20-29,M,BLK,1,0,1
HS619039,2010-11-16 19:34:00,2010,11,3,19,WEST ENGLEWOOD,BATTERY,BATTERY,YES,20-29,F,BLK,0,1,1
HS630494,2010-11-24 08:30:00,2010,11,4,8,WEST ENGLEWOOD,BATTERY,BATTERY,YES,0-19,M,BLK,0,1,1
HS637186,2010-11-29 07:16:00,2010,11,2,7,WEST ENGLEWOOD,HOMICIDE,HOMICIDE,YES,20-29,M,WWH,1,0,1
HS638440,2010-11-29 20:02:00,2010,11,2,20,WEST ENGLEWOOD,BATTERY,BATTERY,YES,0-19,M,BLK,0,1,1
HS641872,2010-12-02 00:56:00,2010,12,5,0,WEST ENGLEWOOD,HOMICIDE,HOMICIDE,YES,20-29,M,BLK,1,0,1
HS641878,2010-12-02 01:05:00,2010,12,5,1,WEST ENGLEWOOD,BATTERY,BATTERY,YES,30-39,M,BLK,0,1,1
HS643182,2010-12-02 20:14:00,2010,12,5,20,WEST ENGLEWOOD,NON-FATAL,HOMICIDE,YES,20-29,M,BLK,0,1,1
HS643182,2010-12-02 20:14:00,2010,12,5,20,WEST ENGLEWOOD,HOMICIDE,HOMICIDE,YES,0-19,M,BLK,1,0,1
HS656566,2010-12-11 19:29:00,2010,12,7,19,WEST ENGLEWOOD,HOMICIDE,HOMICIDE,YES,0-19,M,BLK,1,0,1
HS657617,2010-12-12 16:26:00,2010,12,1,16,WEST ENGLEWOOD,HOMICIDE,HOMICIDE,YES,20-29,M,BLK,1,0,1
HS657685,2010-12-12 17:31:00,2010,12,1,17,WEST ENGLEWOOD,BATTERY,BATTERY,YES,20-29,F,BLK,0,1,1
HS665187,2010-12-17 15:15:00,2010,12,6,15,WEST ENGLEWOOD,BATTERY,BATTERY,YES,0-19,M,BLK,0,1,1
HS677473,2010-12-27 00:45:00,2010,12,2,0,WEST ENGLEWOOD,BATTERY,BATTERY,YES,20-29,M,BLK,0,1,1
HS680029,2010-12-28 19:21:00,2010,12,3,19,WEST ENGLEWOOD,BATTERY,BATTERY,YES,20-29,M,BLK,0,1,1
HS161981,2010-02-12 11:55:00,2010,2,6,11,WEST GARFIELD PARK,BATTERY,BATTERY,YES,20-29,M,BLK,0,1,1
HS166624,2010-02-15 21:20:00,2010,2,2,21,WEST GARFIELD PARK,HOMICIDE,HOMICIDE,YES,20-29,M,BLK,1,0,1
HS180423,2010-02-25 11:32:00,2010,2,5,11,WEST GARFIELD PARK,HOMICIDE,HOMICIDE,YES,0-19,M,BLK,1,0,1
HS196034,2010-03-07 15:10:00,2010,3,1,15,WEST GARFIELD PARK,BATTERY,BATTERY,YES,20-29,M,BLK,0,1,1
HS196006,2010-03-07 15:13:00,2010,3,1,15,WEST GARFIELD PARK,BATTERY,BATTERY,YES,UNKNOWN,UNKNOWN,UNKNOWN,0,1,1
HS227769,2010-03-27 01:00:00,2010,3,7,1,WEST GARFIELD PARK,BATTERY,HOMICIDE,YES,20-29,M,BLK,0,1,1
HS227769,2010-03-27 01:00:00,2010,3,7,1,WEST GARFIELD PARK,HOMICIDE,HOMICIDE,YES,20-29,M,BLK,1,0,1
HS234948,2010-03-31 16:33:00,2010,3,4,16,WEST GARFIELD PARK,BATTERY,BATTERY,YES,20-29,M,BLK,0,1,1
HS254618,2010-04-12 22:10:00,2010,4,2,22,WEST GARFIELD PARK,HOMICIDE,HOMICIDE,YES,20-29,M,BLK,1,0,1
HS272794,2010-04-23 21:20:00,2010,4,6,21,WEST GARFIELD PARK,BATTERY,BATTERY,YES,40-49,M,BLK,0,1,1
HS278653,2010-04-27 13:30:00,2010,4,3,13,WEST GARFIELD PARK,BATTERY,BATTERY,YES,UNKNOWN,UNKNOWN,UNKNOWN,0,1,1
HS286634,2010-05-02 09:02:00,2010,5,1,9,WEST GARFIELD PARK,HOMICIDE,HOMICIDE,YES,20-29,M,BLK,1,0,1
HS286634,2010-05-02 09:02:00,2010,5,1,9,WEST GARFIELD PARK,BATTERY,HOMICIDE,YES,20-29,M,BLK,0,1,1
HS291334,2010-05-04 22:10:00,2010,5,3,22,WEST GARFIELD PARK,BATTERY,BATTERY,YES,20-29,M,BLK,0,1,1
HS296172,2010-05-07 15:30:00,2010,5,6,15,WEST GARFIELD PARK,BATTERY,BATTERY,YES,40-49,M,BLK,0,1,1
HS300805,2010-05-10 16:36:00,2010,5,2,16,WEST GARFIELD PARK,BATTERY,BATTERY,YES,0-19,M,BLK,0,1,1
HS309727,2010-05-15 20:30:00,2010,5,7,20,WEST GARFIELD PARK,HOMICIDE,HOMICIDE,YES,20-29,M,BLK,1,0,1
HS323842,2010-05-24 13:15:00,2010,5,2,13,WEST GARFIELD PARK,HOMICIDE,HOMICIDE,NO,30-39,M,BLK,1,0,1
HS331919,2010-05-28 22:30:00,2010,5,6,22,WEST GARFIELD PARK,BATTERY,BATTERY,YES,20-29,M,BLK,0,1,1
HS333620,2010-05-30 00:25:00,2010,5,1,0,WEST GARFIELD PARK,BATTERY,BATTERY,YES,0-19,F,BLK,0,1,1
HS333620,2010-05-30 00:25:00,2010,5,1,0,WEST GARFIELD PARK,BATTERY,BATTERY,YES,20-29,M,BLK,0,1,1
HS343579,2010-06-05 02:13:00,2010,6,7,2,WEST GARFIELD PARK,BATTERY,BATTERY,YES,20-29,M,BLK,0,1,1
HS347229,2010-06-07 15:01:00,2010,6,2,15,WEST GARFIELD PARK,HOMICIDE,HOMICIDE,YES,30-39,M,BLK,1,0,1
HS355220,2010-06-11 20:50:00,2010,6,6,20,WEST GARFIELD PARK,BATTERY,BATTERY,YES,0-19,M,BLK,0,1,1
HS355294,2010-06-11 21:45:00,2010,6,6,21,WEST GARFIELD PARK,BATTERY,BATTERY,YES,20-29,M,BLK,0,1,1
HS360066,2010-06-14 21:23:00,2010,6,2,21,WEST GARFIELD PARK,BATTERY,BATTERY,YES,20-29,M,BLK,0,1,1
HS360066,2010-06-14 21:23:00,2010,6,2,21,WEST GARFIELD PARK,BATTERY,BATTERY,YES,50-59,M,BLK,0,1,1
HS365596,2010-06-18 01:11:00,2010,6,6,1,WEST GARFIELD PARK,HOMICIDE,HOMICIDE,YES,30-39,M,BLK,1,0,1
HS369054,2010-06-19 23:30:00,2010,6,7,23,WEST GARFIELD PARK,BATTERY,BATTERY,YES,20-29,M,BLK,0,1,1
HS372397,2010-06-22 02:00:00,2010,6,3,2,WEST GARFIELD PARK,BATTERY,BATTERY,YES,30-39,M,BLK,0,1,1
HS377716,2010-06-25 13:54:00,2010,6,6,13,WEST GARFIELD PARK,HOMICIDE,HOMICIDE,NO,40-49,F,BLK,1,0,1
HS379374,2010-06-26 03:37:00,2010,6,7,3,WEST GARFIELD PARK,BATTERY,BATTERY,YES,0-19,M,BLK,0,1,1
HS390771,2010-07-02 16:46:00,2010,7,6,16,WEST GARFIELD PARK,BATTERY,BATTERY,YES,20-29,M,BLK,0,1,1
HS411782,2010-07-15 11:40:00,2010,7,5,11,WEST GARFIELD PARK,BATTERY,BATTERY,YES,50-59,M,BLK,0,1,1
HS414729,2010-07-17 00:34:00,2010,7,7,0,WEST GARFIELD PARK,HOMICIDE,HOMICIDE,YES,20-29,M,BLK,1,0,1
HS420030,2010-07-20 08:05:00,2010,7,3,8,WEST GARFIELD PARK,ROBBERY,ROBBERY,YES,20-29,M,BLK,0,1,1
HS427566,2010-07-24 16:10:00,2010,7,7,16,WEST GARFIELD PARK,ROBBERY,ROBBERY,YES,30-39,M,BLK,0,1,1
HS440030,2010-08-01 06:10:00,2010,8,1,6,WEST GARFIELD PARK,BATTERY,BATTERY,YES,UNKNOWN,UNKNOWN,UNKNOWN,0,1,1
HS449140,2010-08-05 22:30:00,2010,8,5,22,WEST GARFIELD PARK,BATTERY,BATTERY,YES,50-59,M,BLK,0,1,1
HS456145,2010-08-10 21:20:00,2010,8,3,21,WEST GARFIELD PARK,HOMICIDE,HOMICIDE,YES,30-39,M,BLK,1,0,1
HS461701,2010-08-14 04:20:00,2010,8,7,4,WEST GARFIELD PARK,BATTERY,BATTERY,YES,UNKNOWN,UNKNOWN,UNKNOWN,0,1,1
HS474928,2010-08-22 01:55:00,2010,8,1,1,WEST GARFIELD PARK,BATTERY,HOMICIDE,YES,20-29,M,BLK,0,1,1
HS474928,2010-08-22 01:55:00,2010,8,1,1,WEST GARFIELD PARK,HOMICIDE,HOMICIDE,YES,30-39,M,BLK,1,0,1
HS476372,2010-08-23 01:15:00,2010,8,2,1,WEST GARFIELD PARK,HOMICIDE,HOMICIDE,YES,40-49,M,BLK,1,0,1
HS487003,2010-08-28 18:30:00,2010,8,7,18,WEST GARFIELD PARK,HOMICIDE,HOMICIDE,YES,20-29,M,BLK,1,0,1
HS487003,2010-08-28 18:30:00,2010,8,7,18,WEST GARFIELD PARK,NON-FATAL,HOMICIDE,YES,30-39,M,BLK,0,1,1
HS488686,2010-08-29 18:10:00,2010,8,1,18,WEST GARFIELD PARK,BATTERY,BATTERY,YES,0-19,M,BLK,0,1,1
HS489311,2010-08-30 07:19:00,2010,8,2,7,WEST GARFIELD PARK,BATTERY,BATTERY,YES,0-19,M,BLK,0,1,1
HS490974,2010-08-31 00:09:00,2010,8,3,0,WEST GARFIELD PARK,HOMICIDE,HOMICIDE,YES,0-19,M,BLK,1,0,1
HS492165,2010-08-31 17:20:00,2010,8,3,17,WEST GARFIELD PARK,BATTERY,BATTERY,YES,0-19,M,BLK,0,1,1
HS502108,2010-09-06 18:30:00,2010,9,2,18,WEST GARFIELD PARK,BATTERY,BATTERY,YES,30-39,M,BLK,0,1,1
HS537720,2010-09-28 07:05:00,2010,9,3,7,WEST GARFIELD PARK,BATTERY,BATTERY,YES,0-19,M,BLK,0,1,1
HS537720,2010-09-28 07:05:00,2010,9,3,7,WEST GARFIELD PARK,BATTERY,BATTERY,YES,0-19,M,BLK,0,1,1
HS550275,2010-10-06 08:20:00,2010,10,4,8,WEST GARFIELD PARK,NON-FATAL,HOMICIDE,YES,40-49,M,BLK,0,1,1
HS550275,2010-10-06 08:20:00,2010,10,4,8,WEST GARFIELD PARK,NON-FATAL,HOMICIDE,YES,50-59,M,BLK,0,1,1
HS550275,2010-10-06 08:20:00,2010,10,4,8,WEST GARFIELD PARK,HOMICIDE,HOMICIDE,YES,40-49,M,BLK,1,0,1
HS555330,2010-10-09 03:14:00,2010,10,7,3,WEST GARFIELD PARK,BATTERY,BATTERY,YES,0-19,M,BLK,0,1,1
HS555330,2010-10-09 03:14:00,2010,10,7,3,WEST GARFIELD PARK,BATTERY,BATTERY,YES,0-19,M,BLK,0,1,1
HS557297,2010-10-10 10:19:00,2010,10,1,10,WEST GARFIELD PARK,BATTERY,BATTERY,YES,20-29,F,BLK,0,1,1
HS560740,2010-10-12 13:30:00,2010,10,3,13,WEST GARFIELD PARK,BATTERY,BATTERY,YES,30-39,M,BLK,0,1,1
HS566596,2010-10-15 21:40:00,2010,10,6,21,WEST GARFIELD PARK,ROBBERY,ROBBERY,YES,40-49,M,BLK,0,1,1
HS566979,2010-10-16 05:20:00,2010,10,7,5,WEST GARFIELD PARK,BATTERY,BATTERY,YES,20-29,M,BLK,0,1,1
HS566979,2010-10-16 05:20:00,2010,10,7,5,WEST GARFIELD PARK,BATTERY,BATTERY,YES,20-29,F,BLK,0,1,1
HS576212,2010-10-21 22:00:00,2010,10,5,22,WEST GARFIELD PARK,BATTERY,BATTERY,YES,30-39,M,BLK,0,1,1
HS579797,2010-10-24 05:11:00,2010,10,1,5,WEST GARFIELD PARK,BATTERY,BATTERY,YES,30-39,M,BLK,0,1,1
HS582473,2010-10-25 19:25:00,2010,10,2,19,WEST GARFIELD PARK,BATTERY,BATTERY,YES,UNKNOWN,UNKNOWN,UNKNOWN,0,1,1
HS615373,2010-11-14 17:00:00,2010,11,1,17,WEST GARFIELD PARK,BATTERY,BATTERY,YES,20-29,M,BLK,0,1,1
HS648637,2010-12-06 15:55:00,2010,12,2,15,WEST GARFIELD PARK,ROBBERY,ROBBERY,YES,40-49,M,BLK,0,1,1
HS664280,2010-12-16 23:59:00,2010,12,5,23,WEST GARFIELD PARK,HOMICIDE,HOMICIDE,YES,20-29,M,BLK,1,0,1
HS672331,2010-12-22 14:43:00,2010,12,4,14,WEST GARFIELD PARK,BATTERY,BATTERY,YES,0-19,M,BLK,0,1,1
HS132797,2010-01-22 21:05:00,2010,1,6,21,WEST LAWN,BATTERY,BATTERY,YES,20-29,M,WWH,0,1,1
HS132797,2010-01-22 21:05:00,2010,1,6,21,WEST LAWN,BATTERY,BATTERY,YES,30-39,M,WWH,0,1,1
HS137901,2010-01-26 13:03:00,2010,1,3,13,WEST LAWN,BATTERY,BATTERY,YES,0-19,M,BLK,0,1,1
HS150101,2010-02-03 19:49:00,2010,2,4,19,WEST LAWN,BATTERY,BATTERY,YES,30-39,M,WHI,0,1,1
HS373702,2010-06-22 19:07:00,2010,6,3,19,WEST LAWN,BATTERY,BATTERY,YES,50-59,F,WWH,0,1,1
HS463218,2010-08-15 02:00:00,2010,8,1,2,WEST LAWN,BATTERY,BATTERY,YES,0-19,M,WWH,0,1,1
HS492647,2010-08-31 22:03:00,2010,8,3,22,WEST LAWN,HOMICIDE,HOMICIDE,YES,20-29,M,WWH,1,0,1
HS496074,2010-09-02 20:30:00,2010,9,5,20,WEST LAWN,HOMICIDE,HOMICIDE,YES,20-29,M,WWH,1,0,1
HS496074,2010-09-02 20:30:00,2010,9,5,20,WEST LAWN,HOMICIDE,HOMICIDE,YES,30-39,M,WWH,1,0,1
HS496074,2010-09-02 20:30:00,2010,9,5,20,WEST LAWN,HOMICIDE,HOMICIDE,YES,30-39,M,WWH,1,0,1
HS496074,2010-09-02 20:30:00,2010,9,5,20,WEST LAWN,HOMICIDE,HOMICIDE,YES,30-39,M,WWH,1,0,1
HS605664,2010-11-08 19:59:00,2010,11,2,19,WEST LAWN,BATTERY,BATTERY,YES,20-29,F,WWH,0,1,1
HS114947,2010-01-11 13:20:00,2010,1,2,13,WEST PULLMAN,HOMICIDE,HOMICIDE,NO,20-29,F,BLK,1,0,1
HS176538,2010-02-22 18:39:00,2010,2,2,18,WEST PULLMAN,HOMICIDE,HOMICIDE,YES,0-19,M,BLK,1,0,1
HS182750,2010-02-26 20:49:56,2010,2,6,20,WEST PULLMAN,BATTERY,BATTERY,YES,20-29,M,BLK,0,1,1
HS193866,2010-03-06 01:25:00,2010,3,7,1,WEST PULLMAN,BATTERY,BATTERY,YES,20-29,F,BLK,0,1,1
HS217389,2010-03-20 13:20:00,2010,3,7,13,WEST PULLMAN,BATTERY,BATTERY,YES,20-29,M,BLK,0,1,1
HS227745,2010-03-27 00:29:00,2010,3,7,0,WEST PULLMAN,HOMICIDE,HOMICIDE,YES,30-39,M,BLK,1,0,1
HS229129,2010-03-27 20:40:00,2010,3,7,20,WEST PULLMAN,BATTERY,BATTERY,YES,0-19,M,BLK,0,1,1
HS237445,2010-04-02 01:10:00,2010,4,6,1,WEST PULLMAN,BATTERY,BATTERY,YES,UNKNOWN,UNKNOWN,UNKNOWN,0,1,1
HS246134,2010-04-07 15:50:00,2010,4,4,15,WEST PULLMAN,ROBBERY,ROBBERY,YES,40-49,M,BLK,0,1,1
HS250354,2010-04-10 05:30:00,2010,4,7,5,WEST PULLMAN,ROBBERY,ROBBERY,YES,30-39,M,BLK,0,1,1
HS251626,2010-04-10 22:35:00,2010,4,7,22,WEST PULLMAN,BATTERY,BATTERY,YES,40-49,M,BLK,0,1,1
HS251626,2010-04-10 22:35:00,2010,4,7,22,WEST PULLMAN,BATTERY,BATTERY,YES,60-69,M,BLK,0,1,1
HS258946,2010-04-15 12:54:00,2010,4,5,12,WEST PULLMAN,BATTERY,BATTERY,YES,UNKNOWN,UNKNOWN,UNKNOWN,0,1,1
HS259743,2010-04-15 20:54:00,2010,4,5,20,WEST PULLMAN,BATTERY,BATTERY,YES,0-19,M,BLK,0,1,1
HS270336,2010-04-22 14:40:00,2010,4,5,14,WEST PULLMAN,BATTERY,BATTERY,YES,UNKNOWN,UNKNOWN,UNKNOWN,0,1,1
HS270975,2010-04-22 20:26:00,2010,4,5,20,WEST PULLMAN,ROBBERY,ROBBERY,YES,20-29,M,BLK,0,1,1
HS272217,2010-04-23 15:15:00,2010,4,6,15,WEST PULLMAN,BATTERY,BATTERY,YES,0-19,M,BLK,0,1,1
HS282565,2010-04-29 18:20:00,2010,4,5,18,WEST PULLMAN,BATTERY,BATTERY,YES,0-19,M,BLK,0,1,1
HS282642,2010-04-29 19:27:00,2010,4,5,19,WEST PULLMAN,HOMICIDE,HOMICIDE,YES,30-39,M,BLK,1,0,1
HS284181,2010-04-30 16:30:00,2010,4,6,16,WEST PULLMAN,BATTERY,BATTERY,YES,0-19,M,BLK,0,1,1
HS284181,2010-04-30 16:30:00,2010,4,6,16,WEST PULLMAN,BATTERY,BATTERY,YES,0-19,M,BLK,0,1,1
HS300379,2010-05-10 10:30:00,2010,5,2,10,WEST PULLMAN,BATTERY,BATTERY,YES,UNKNOWN,UNKNOWN,UNKNOWN,0,1,1
HS303464,2010-05-12 09:24:00,2010,5,4,9,WEST PULLMAN,BATTERY,BATTERY,YES,20-29,M,I,0,1,1
HS310308,2010-05-16 10:40:00,2010,5,1,10,WEST PULLMAN,HOMICIDE,HOMICIDE,NO,20-29,F,BLK,1,0,1
HS335073,2010-05-31 00:30:00,2010,5,2,0,WEST PULLMAN,BATTERY,BATTERY,YES,UNKNOWN,UNKNOWN,UNKNOWN,0,1,1
HS336503,2010-06-01 03:20:00,2010,6,3,3,WEST PULLMAN,HOMICIDE,HOMICIDE,YES,30-39,M,BLK,1,0,1
HS367628,2010-06-19 08:10:00,2010,6,7,8,WEST PULLMAN,BATTERY,BATTERY,YES,20-29,F,BLK,0,1,1
HS367730,2010-06-19 09:49:00,2010,6,7,9,WEST PULLMAN,BATTERY,BATTERY,YES,0-19,M,UNKNOWN,0,1,1
HS367730,2010-06-19 09:49:00,2010,6,7,9,WEST PULLMAN,BATTERY,BATTERY,YES,0-19,M,BLK,0,1,1
HS375573,2010-06-23 20:20:00,2010,6,4,20,WEST PULLMAN,BATTERY,BATTERY,YES,20-29,M,BLK,0,1,1
HS377387,2010-06-24 23:32:00,2010,6,5,23,WEST PULLMAN,BATTERY,BATTERY,YES,UNKNOWN,UNKNOWN,UNKNOWN,0,1,1
HS382284,2010-06-27 22:00:00,2010,6,1,22,WEST PULLMAN,BATTERY,BATTERY,YES,UNKNOWN,UNKNOWN,UNKNOWN,0,1,1
HS395945,2010-07-06 00:00:00,2010,7,3,0,WEST PULLMAN,HOMICIDE,HOMICIDE,YES,20-29,M,BLK,1,0,1
HS405746,2010-07-11 19:00:00,2010,7,1,19,WEST PULLMAN,BATTERY,BATTERY,YES,20-29,M,BLK,0,1,1
HS412181,2010-07-15 15:45:00,2010,7,5,15,WEST PULLMAN,HOMICIDE,HOMICIDE,YES,0-19,M,BLK,1,0,1
HS419802,2010-07-20 03:00:00,2010,7,3,3,WEST PULLMAN,BATTERY,BATTERY,YES,0-19,M,BLK,0,1,1
HS434615,2010-07-28 20:18:00,2010,7,4,20,WEST PULLMAN,HOMICIDE,HOMICIDE,YES,0-19,M,BLK,1,0,1
HS437508,2010-07-30 16:02:00,2010,7,6,16,WEST PULLMAN,HOMICIDE,HOMICIDE,YES,20-29,M,BLK,1,0,1
HS439859,2010-08-01 01:54:00,2010,8,1,1,WEST PULLMAN,BATTERY,BATTERY,YES,20-29,F,BLK,0,1,1
HS440368,2010-08-01 12:32:00,2010,8,1,12,WEST PULLMAN,HOMICIDE,HOMICIDE,YES,20-29,M,BLK,1,0,1
HS442842,2010-08-03 00:15:00,2010,8,3,0,WEST PULLMAN,BATTERY,BATTERY,YES,30-39,F,BLK,0,1,1
HS474991,2010-08-22 03:08:00,2010,8,1,3,WEST PULLMAN,BATTERY,BATTERY,YES,UNKNOWN,UNKNOWN,UNKNOWN,0,1,1
HS483772,2010-08-26 23:01:00,2010,8,5,23,WEST PULLMAN,BATTERY,BATTERY,YES,UNKNOWN,F,BLK,0,1,1
HS488917,2010-08-28 21:52:00,2010,8,7,21,WEST PULLMAN,BATTERY,BATTERY,YES,0-19,M,BLK,0,1,1
HS512924,2010-09-10 15:00:00,2010,9,6,15,WEST PULLMAN,BATTERY,BATTERY,YES,0-19,M,BLK,0,1,1
HS508939,2010-09-10 18:20:00,2010,9,6,18,WEST PULLMAN,BATTERY,BATTERY,YES,0-19,M,BLK,0,1,1
HS513194,2010-09-13 13:47:00,2010,9,2,13,WEST PULLMAN,BATTERY,BATTERY,YES,UNKNOWN,UNKNOWN,UNKNOWN,0,1,1
HS522455,2010-09-19 00:25:00,2010,9,1,0,WEST PULLMAN,BATTERY,BATTERY,YES,UNKNOWN,UNKNOWN,UNKNOWN,0,1,1
HS530079,2010-09-23 15:42:00,2010,9,5,15,WEST PULLMAN,HOMICIDE,HOMICIDE,YES,30-39,F,BLK,1,0,1
HS531068,2010-09-24 06:54:00,2010,9,6,6,WEST PULLMAN,HOMICIDE,HOMICIDE,YES,50-59,M,BLK,1,0,1
HS540747,2010-09-30 00:56:00,2010,9,5,0,WEST PULLMAN,BATTERY,BATTERY,YES,30-39,M,BLK,0,1,1
HS543537,2010-10-01 19:29:00,2010,10,6,19,WEST PULLMAN,BATTERY,BATTERY,YES,0-19,M,BLK,0,1,1
HS559721,2010-10-11 21:03:00,2010,10,2,21,WEST PULLMAN,BATTERY,BATTERY,YES,0-19,M,BLK,0,1,1
HS561319,2010-10-12 19:10:00,2010,10,3,19,WEST PULLMAN,BATTERY,BATTERY,YES,20-29,M,BLK,0,1,1
HS561319,2010-10-12 19:10:00,2010,10,3,19,WEST PULLMAN,BATTERY,BATTERY,YES,20-29,M,BLK,0,1,1
HS568397,2010-10-17 02:00:00,2010,10,1,2,WEST PULLMAN,HOMICIDE,HOMICIDE,NO,30-39,M,BLK,1,0,1
HS584135,2010-10-26 17:52:00,2010,10,3,17,WEST PULLMAN,BATTERY,BATTERY,YES,30-39,M,BLK,0,1,1
HS605280,2010-11-08 16:00:00,2010,11,2,16,WEST PULLMAN,BATTERY,BATTERY,YES,0-19,M,BLK,0,1,1
HS612439,2010-11-12 17:45:00,2010,11,6,17,WEST PULLMAN,ROBBERY,ROBBERY,YES,20-29,M,BLK,0,1,1
HS614333,2010-11-13 22:21:00,2010,11,7,22,WEST PULLMAN,BATTERY,BATTERY,YES,0-19,M,BLK,0,1,1
HS614333,2010-11-13 22:21:00,2010,11,7,22,WEST PULLMAN,BATTERY,BATTERY,YES,0-19,M,BLK,0,1,1
HS629418,2010-11-23 13:20:00,2010,11,3,13,WEST PULLMAN,BATTERY,BATTERY,YES,UNKNOWN,UNKNOWN,UNKNOWN,0,1,1
HS632003,2010-11-24 22:35:00,2010,11,4,22,WEST PULLMAN,ROBBERY,ROBBERY,YES,20-29,M,BLK,0,1,1
HS648168,2010-12-03 14:45:00,2010,12,6,14,WEST PULLMAN,BATTERY,BATTERY,YES,0-19,F,BLK,0,1,1
HS651439,2010-12-08 14:00:00,2010,12,4,14,WEST PULLMAN,ROBBERY,ROBBERY,YES,UNKNOWN,UNKNOWN,UNKNOWN,0,1,1
HS668504,2010-12-19 23:35:00,2010,12,1,23,WEST PULLMAN,BATTERY,BATTERY,YES,20-29,M,BLK,0,1,1
HS100196,2010-01-01 02:15:00,2010,1,6,2,WEST RIDGE,BATTERY,BATTERY,YES,0-19,M,BLK,0,1,1
HS177284,2010-02-23 10:48:00,2010,2,3,10,WEST RIDGE,HOMICIDE,HOMICIDE,YES,20-29,M,BLK,1,0,1
HS254776,2010-04-13 00:33:00,2010,4,3,0,WEST RIDGE,BATTERY,BATTERY,YES,20-29,M,WWH,0,1,1
HS370456,2010-06-21 00:50:00,2010,6,2,0,WEST RIDGE,BATTERY,BATTERY,YES,20-29,M,BLK,0,1,1
HS411294,2010-07-15 01:50:00,2010,7,5,1,WEST RIDGE,BATTERY,BATTERY,YES,0-19,M,WWH,0,1,1
HS411294,2010-07-15 01:50:00,2010,7,5,1,WEST RIDGE,BATTERY,BATTERY,YES,0-19,M,WWH,0,1,1
HS113962,2010-01-10 17:45:00,2010,1,1,17,WEST TOWN,BATTERY,BATTERY,YES,40-49,M,BLK,0,1,1
HS122584,2010-01-16 00:21:00,2010,1,7,0,WEST TOWN,BATTERY,BATTERY,YES,0-19,M,WWH,0,1,1
HS122584,2010-01-16 00:21:00,2010,1,7,0,WEST TOWN,BATTERY,BATTERY,YES,0-19,M,WWH,0,1,1
HS128798,2010-01-20 10:25:00,2010,1,4,10,WEST TOWN,ROBBERY,ROBBERY,YES,UNKNOWN,UNKNOWN,UNKNOWN,0,1,1
HS154793,2010-02-07 01:35:00,2010,2,1,1,WEST TOWN,BATTERY,BATTERY,YES,30-39,M,WHI,0,1,1
HS168362,2010-02-17 02:45:00,2010,2,4,2,WEST TOWN,BATTERY,BATTERY,YES,20-29,M,WWH,0,1,1
HS168362,2010-02-17 02:45:00,2010,2,4,2,WEST TOWN,BATTERY,BATTERY,YES,40-49,M,WWH,0,1,1
HS235094,2010-03-31 18:05:00,2010,3,4,18,WEST TOWN,BATTERY,BATTERY,YES,0-19,M,WWH,0,1,1
HS239095,2010-04-03 01:57:00,2010,4,7,1,WEST TOWN,BATTERY,BATTERY,YES,0-19,M,WBH,0,1,1
HS246678,2010-04-07 21:45:00,2010,4,4,21,WEST TOWN,BATTERY,BATTERY,YES,0-19,M,WWH,0,1,1
HS261941,2010-04-17 05:40:00,2010,4,7,5,WEST TOWN,BATTERY,BATTERY,YES,20-29,M,WWH,0,1,1
HS286987,2010-05-02 11:48:00,2010,5,1,11,WEST TOWN,HOMICIDE,HOMICIDE,YES,40-49,M,WWH,1,0,1
HS286987,2010-05-02 11:48:00,2010,5,1,11,WEST TOWN,HOMICIDE,HOMICIDE,YES,40-49,M,WWH,1,0,1
HS289623,2010-05-03 20:30:00,2010,5,2,20,WEST TOWN,BATTERY,BATTERY,YES,20-29,M,WWH,0,1,1
HS314581,2010-05-18 21:17:00,2010,5,3,21,WEST TOWN,BATTERY,BATTERY,YES,UNKNOWN,UNKNOWN,UNKNOWN,0,1,1
HS332199,2010-05-29 02:35:00,2010,5,7,2,WEST TOWN,BATTERY,BATTERY,YES,20-29,M,BLK,0,1,1
HS368437,2010-06-19 18:10:00,2010,6,7,18,WEST TOWN,BATTERY,BATTERY,YES,20-29,M,WWH,0,1,1
HS368437,2010-06-19 18:10:00,2010,6,7,18,WEST TOWN,BATTERY,BATTERY,YES,20-29,M,WWH,0,1,1
HS399114,2010-07-07 18:53:00,2010,7,4,18,WEST TOWN,BATTERY,BATTERY,YES,30-39,M,WWH,0,1,1
HS403261,2010-07-10 01:50:00,2010,7,7,1,WEST TOWN,BATTERY,BATTERY,YES,30-39,M,BLK,0,1,1
HS406918,2010-07-12 14:30:00,2010,7,2,14,WEST TOWN,BATTERY,BATTERY,YES,20-29,M,BLK,0,1,1
HS414867,2010-07-17 03:00:00,2010,7,7,3,WEST TOWN,BATTERY,BATTERY,YES,40-49,M,WWH,0,1,1
HS420909,2010-07-20 18:55:00,2010,7,3,18,WEST TOWN,BATTERY,BATTERY,YES,30-39,M,BLK,0,1,1
HS421429,2010-07-21 01:00:00,2010,7,4,1,WEST TOWN,BATTERY,BATTERY,YES,20-29,M,WWH,0,1,1
HS434837,2010-07-28 23:28:00,2010,7,4,23,WEST TOWN,ROBBERY,ROBBERY,YES,20-29,M,WHI,0,1,1
HS447584,2010-08-01 01:00:00,2010,8,1,1,WEST TOWN,BATTERY,BATTERY,YES,UNKNOWN,UNKNOWN,UNKNOWN,0,1,1
HS449447,2010-08-06 19:32:00,2010,8,6,19,WEST TOWN,BATTERY,BATTERY,YES,20-29,M,WWH,0,1,1
HS487730,2010-08-29 05:35:00,2010,8,1,5,WEST TOWN,BATTERY,BATTERY,YES,20-29,M,WWH,0,1,1
HS493973,2010-09-01 16:23:00,2010,9,4,16,WEST TOWN,BATTERY,BATTERY,YES,20-29,M,WWH,0,1,1
HS510961,2010-09-11 23:37:00,2010,9,7,23,WEST TOWN,BATTERY,BATTERY,YES,20-29,M,WWH,0,1,1
HS537222,2010-09-27 22:54:00,2010,9,2,22,WEST TOWN,HOMICIDE,HOMICIDE,YES,30-39,M,WHI,1,0,1
HS543804,2010-10-01 22:15:00,2010,10,6,22,WEST TOWN,BATTERY,BATTERY,YES,20-29,M,WWH,0,1,1
HS551833,2010-10-07 04:08:00,2010,10,5,4,WEST TOWN,ROBBERY,ROBBERY,YES,30-39,M,WHI,0,1,1
HS555164,2010-10-09 00:20:00,2010,10,7,0,WEST TOWN,BATTERY,BATTERY,YES,30-39,M,WWH,0,1,1
HS555164,2010-10-09 00:20:00,2010,10,7,0,WEST TOWN,BATTERY,BATTERY,YES,20-29,M,BLK,0,1,1
HS555164,2010-10-09 00:20:00,2010,10,7,0,WEST TOWN,BATTERY,BATTERY,YES,30-39,M,WWH,0,1,1
HS566888,2010-10-16 02:27:00,2010,10,7,2,WEST TOWN,BATTERY,BATTERY,YES,20-29,M,WWH,0,1,1
HS568194,2010-10-16 23:09:00,2010,10,7,23,WEST TOWN,BATTERY,BATTERY,YES,0-19,F,BLK,0,1,1
HS607060,2010-11-09 15:25:00,2010,11,3,15,WEST TOWN,BATTERY,BATTERY,YES,20-29,M,WWH,0,1,1
HS634355,2010-11-27 00:15:00,2010,11,7,0,WEST TOWN,BATTERY,BATTERY,YES,20-29,F,WWH,0,1,1
HS634355,2010-11-27 00:15:00,2010,11,7,0,WEST TOWN,BATTERY,BATTERY,YES,20-29,F,WWH,0,1,1
HS641627,2010-12-01 20:19:00,2010,12,4,20,WEST TOWN,BATTERY,BATTERY,YES,20-29,M,WWH,0,1,1
HS668465,2010-12-19 22:30:00,2010,12,1,22,WEST TOWN,BATTERY,BATTERY,YES,0-19,M,WBH,0,1,1
HS106271,2010-01-05 15:30:00,2010,1,3,15,WOODLAWN,BATTERY,BATTERY,YES,0-19,M,BLK,0,1,1
HS120189,2010-01-14 16:24:00,2010,1,5,16,WOODLAWN,BATTERY,BATTERY,YES,0-19,M,BLK,0,1,1
HS120189,2010-01-14 16:24:00,2010,1,5,16,WOODLAWN,BATTERY,BATTERY,YES,0-19,M,BLK,0,1,1
HS120189,2010-01-14 16:24:00,2010,1,5,16,WOODLAWN,BATTERY,BATTERY,YES,0-19,M,BLK,0,1,1
HS123566,2010-01-16 17:22:00,2010,1,7,17,WOODLAWN,BATTERY,BATTERY,YES,0-19,M,BLK,0,1,1
HS128114,2010-01-19 20:04:00,2010,1,3,20,WOODLAWN,HOMICIDE,HOMICIDE,YES,30-39,M,BLK,1,0,1
HS135299,2010-01-24 15:33:00,2010,1,1,15,WOODLAWN,BATTERY,BATTERY,YES,20-29,M,BLK,0,1,1
HS171044,2010-02-18 19:53:00,2010,2,5,19,WOODLAWN,BATTERY,BATTERY,YES,20-29,M,BLK,0,1,1
HS171044,2010-02-18 19:53:00,2010,2,5,19,WOODLAWN,BATTERY,BATTERY,YES,0-19,M,BLK,0,1,1
HS174311,2010-02-21 02:40:00,2010,2,1,2,WOODLAWN,BATTERY,BATTERY,YES,20-29,M,BLK,0,1,1
HS174311,2010-02-21 02:40:00,2010,2,1,2,WOODLAWN,BATTERY,BATTERY,YES,20-29,M,BLK,0,1,1
HS174311,2010-02-21 02:40:00,2010,2,1,2,WOODLAWN,BATTERY,BATTERY,YES,20-29,M,BLK,0,1,1
HS214986,2010-03-19 03:59:00,2010,3,6,3,WOODLAWN,BATTERY,BATTERY,YES,20-29,M,BLK,0,1,1
HS218684,2010-03-21 12:35:00,2010,3,1,12,WOODLAWN,BATTERY,BATTERY,YES,0-19,M,BLK,0,1,1
HS229510,2010-03-28 02:35:00,2010,3,1,2,WOODLAWN,BATTERY,BATTERY,YES,UNKNOWN,UNKNOWN,UNKNOWN,0,1,1
HS229549,2010-03-28 03:30:00,2010,3,1,3,WOODLAWN,BATTERY,BATTERY,YES,40-49,M,BLK,0,1,1
HS230609,2010-03-28 21:30:00,2010,3,1,21,WOODLAWN,BATTERY,BATTERY,YES,0-19,M,BLK,0,1,1
HS230609,2010-03-28 21:30:00,2010,3,1,21,WOODLAWN,BATTERY,BATTERY,YES,0-19,M,BLK,0,1,1
HS234883,2010-03-31 16:02:00,2010,3,4,16,WOODLAWN,BATTERY,BATTERY,YES,0-19,M,BLK,0,1,1
HS248382,2010-04-08 22:22:00,2010,4,5,22,WOODLAWN,BATTERY,BATTERY,YES,30-39,M,BLK,0,1,1
HS252329,2010-04-11 12:55:00,2010,4,1,12,WOODLAWN,BATTERY,BATTERY,YES,0-19,M,BLK,0,1,1
HS268001,2010-04-21 00:10:00,2010,4,4,0,WOODLAWN,BATTERY,BATTERY,YES,30-39,M,BLK,0,1,1
HS285008,2010-05-01 02:36:00,2010,5,7,2,WOODLAWN,HOMICIDE,HOMICIDE,YES,20-29,F,BLK,1,0,1
HS291592,2010-05-05 01:20:00,2010,5,4,1,WOODLAWN,BATTERY,BATTERY,YES,20-29,M,BLK,0,1,1
HS293192,2010-05-05 22:00:00,2010,5,4,22,WOODLAWN,BATTERY,BATTERY,YES,20-29,M,BLK,0,1,1
HS327540,2010-05-25 09:00:00,2010,5,3,9,WOODLAWN,BATTERY,BATTERY,YES,40-49,M,BLK,0,1,1
HS326431,2010-05-25 21:37:00,2010,5,3,21,WOODLAWN,BATTERY,BATTERY,YES,20-29,M,BLK,0,1,1
HS332905,2010-05-29 15:03:00,2010,5,7,15,WOODLAWN,BATTERY,BATTERY,YES,50-59,M,BLK,0,1,1
HS337567,2010-06-01 12:00:00,2010,6,3,12,WOODLAWN,BATTERY,BATTERY,YES,0-19,M,BLK,0,1,1
HS341287,2010-06-03 19:10:00,2010,6,5,19,WOODLAWN,BATTERY,BATTERY,YES,0-19,M,BLK,0,1,1
HS358408,2010-06-14 00:05:00,2010,6,2,0,WOODLAWN,ROBBERY,ROBBERY,YES,30-39,M,BLK,0,1,1
HS365658,2010-06-18 02:23:00,2010,6,6,2,WOODLAWN,BATTERY,BATTERY,YES,30-39,M,BLK,0,1,1
HS368748,2010-06-19 22:05:00,2010,6,7,22,WOODLAWN,BATTERY,BATTERY,YES,20-29,M,BLK,0,1,1
HS368748,2010-06-19 22:05:00,2010,6,7,22,WOODLAWN,BATTERY,BATTERY,YES,0-19,M,BLK,0,1,1
HS368748,2010-06-19 22:05:00,2010,6,7,22,WOODLAWN,BATTERY,BATTERY,YES,0-19,F,BLK,0,1,1
HS370517,2010-06-21 01:52:00,2010,6,2,1,WOODLAWN,HOMICIDE,HOMICIDE,YES,20-29,M,BLK,1,0,1
HS371420,2010-06-21 15:19:00,2010,6,2,15,WOODLAWN,BATTERY,BATTERY,YES,20-29,M,BLK,0,1,1
HS373753,2010-06-22 20:25:00,2010,6,3,20,WOODLAWN,BATTERY,BATTERY,YES,0-19,M,BLK,0,1,1
HS373943,2010-06-22 22:28:00,2010,6,3,22,WOODLAWN,BATTERY,BATTERY,YES,20-29,M,BLK,0,1,1
HS391387,2010-07-02 23:40:00,2010,7,6,23,WOODLAWN,BATTERY,BATTERY,YES,40-49,M,BLK,0,1,1
HS394081,2010-07-04 21:37:00,2010,7,1,21,WOODLAWN,BATTERY,BATTERY,YES,0-19,F,BLK,0,1,1
HS395869,2010-07-05 23:10:00,2010,7,2,23,WOODLAWN,BATTERY,BATTERY,YES,40-49,F,BLK,0,1,1
HS402324,2010-07-09 15:58:00,2010,7,6,15,WOODLAWN,BATTERY,BATTERY,YES,40-49,M,BLK,0,1,1
HS409336,2010-07-13 21:34:00,2010,7,3,21,WOODLAWN,BATTERY,BATTERY,YES,0-19,M,BLK,0,1,1
HS416473,2010-07-18 02:30:00,2010,7,1,2,WOODLAWN,BATTERY,BATTERY,YES,0-19,M,BLK,0,1,1
HS418059,2010-07-19 01:30:00,2010,7,2,1,WOODLAWN,BATTERY,BATTERY,YES,0-19,M,BLK,0,1,1
HS419448,2010-07-19 21:09:00,2010,7,2,21,WOODLAWN,BATTERY,BATTERY,YES,40-49,M,BLK,0,1,1
HS419448,2010-07-19 21:09:00,2010,7,2,21,WOODLAWN,BATTERY,BATTERY,YES,50-59,M,BLK,0,1,1
HS419448,2010-07-19 21:09:00,2010,7,2,21,WOODLAWN,BATTERY,BATTERY,YES,50-59,M,BLK,0,1,1
HS419448,2010-07-19 21:09:00,2010,7,2,21,WOODLAWN,BATTERY,BATTERY,YES,50-59,M,BLK,0,1,1
HS420270,2010-07-20 13:00:00,2010,7,3,13,WOODLAWN,BATTERY,BATTERY,YES,20-29,M,BLK,0,1,1
HS420270,2010-07-20 13:00:00,2010,7,3,13,WOODLAWN,BATTERY,BATTERY,YES,20-29,M,BLK,0,1,1
HS423055,2010-07-21 23:42:00,2010,7,4,23,WOODLAWN,BATTERY,BATTERY,YES,20-29,M,BLK,0,1,1
HS428234,2010-07-25 02:03:00,2010,7,1,2,WOODLAWN,BATTERY,BATTERY,YES,UNKNOWN,M,BLK,0,1,1
HS428234,2010-07-25 02:03:00,2010,7,1,2,WOODLAWN,BATTERY,BATTERY,YES,20-29,M,BLK,0,1,1
HS428234,2010-07-25 02:03:00,2010,7,1,2,WOODLAWN,BATTERY,BATTERY,YES,20-29,M,BLK,0,1,1
HS428474,2010-07-25 02:03:00,2010,7,1,2,WOODLAWN,BATTERY,BATTERY,YES,20-29,M,BLK,0,1,1
HS428234,2010-07-25 02:03:00,2010,7,1,2,WOODLAWN,BATTERY,BATTERY,YES,20-29,M,BLK,0,1,1
HS432608,2010-07-27 17:20:00,2010,7,3,17,WOODLAWN,ROBBERY,ROBBERY,YES,20-29,F,BLK,0,1,1
HS435302,2010-07-29 10:10:00,2010,7,5,10,WOODLAWN,BATTERY,BATTERY,YES,20-29,M,WHI,0,1,1
HS452263,2010-08-08 15:25:00,2010,8,1,15,WOODLAWN,BATTERY,BATTERY,YES,20-29,M,BLK,0,1,1
HS454962,2010-08-10 09:12:00,2010,8,3,9,WOODLAWN,BATTERY,BATTERY,YES,20-29,M,BLK,0,1,1
HS456864,2010-08-11 11:41:00,2010,8,4,11,WOODLAWN,BATTERY,BATTERY,YES,UNKNOWN,UNKNOWN,UNKNOWN,0,1,1
HS460400,2010-08-13 12:20:00,2010,8,6,12,WOODLAWN,BATTERY,BATTERY,YES,20-29,M,BLK,0,1,1
HS464541,2010-08-14 22:30:00,2010,8,7,22,WOODLAWN,BATTERY,BATTERY,YES,0-19,M,BLK,0,1,1
HS463086,2010-08-15 00:08:00,2010,8,1,0,WOODLAWN,HOMICIDE,HOMICIDE,YES,0-19,M,BLK,1,0,1
HS469031,2010-08-18 15:10:00,2010,8,4,15,WOODLAWN,ROBBERY,ROBBERY,YES,50-59,M,BLK,0,1,1
HS505799,2010-09-08 20:35:00,2010,9,4,20,WOODLAWN,BATTERY,BATTERY,YES,UNKNOWN,UNKNOWN,UNKNOWN,0,1,1
HS505924,2010-09-08 21:45:00,2010,9,4,21,WOODLAWN,BATTERY,BATTERY,YES,UNKNOWN,UNKNOWN,UNKNOWN,0,1,1
HS515358,2010-09-14 18:17:00,2010,9,3,18,WOODLAWN,HOMICIDE,HOMICIDE,YES,0-19,M,BLK,1,0,1
HS518607,2010-09-16 17:55:00,2010,9,5,17,WOODLAWN,BATTERY,BATTERY,YES,20-29,M,BLK,0,1,1
HS528163,2010-09-22 13:50:00,2010,9,4,13,WOODLAWN,HOMICIDE,HOMICIDE,YES,20-29,M,BLK,1,0,1
HS528299,2010-09-22 14:57:00,2010,9,4,14,WOODLAWN,BATTERY,BATTERY,YES,0-19,M,BLK,0,1,1
HS529046,2010-09-22 22:50:00,2010,9,4,22,WOODLAWN,BATTERY,BATTERY,YES,0-19,M,BLK,0,1,1
HS529423,2010-09-23 04:10:00,2010,9,5,4,WOODLAWN,BATTERY,BATTERY,YES,20-29,M,BLK,0,1,1
HS531046,2010-09-24 05:12:00,2010,9,6,5,WOODLAWN,BATTERY,BATTERY,YES,20-29,F,BLK,0,1,1
HS531046,2010-09-24 05:12:00,2010,9,6,5,WOODLAWN,BATTERY,BATTERY,YES,20-29,M,BLK,0,1,1
HS543847,2010-10-01 22:50:00,2010,10,6,22,WOODLAWN,BATTERY,BATTERY,YES,30-39,M,BLK,0,1,1
HS545288,2010-10-02 21:00:00,2010,10,7,21,WOODLAWN,BATTERY,BATTERY,YES,0-19,M,BLK,0,1,1
HS554223,2010-10-08 14:45:00,2010,10,6,14,WOODLAWN,BATTERY,BATTERY,YES,0-19,M,BLK,0,1,1
HS554223,2010-10-08 14:45:00,2010,10,6,14,WOODLAWN,BATTERY,BATTERY,YES,20-29,F,BLK,0,1,1
HS578152,2010-10-23 04:06:00,2010,10,7,4,WOODLAWN,BATTERY,BATTERY,YES,20-29,M,BLK,0,1,1
HS578152,2010-10-23 04:06:00,2010,10,7,4,WOODLAWN,BATTERY,BATTERY,YES,20-29,M,BLK,0,1,1
HS584607,2010-10-26 22:50:00,2010,10,3,22,WOODLAWN,BATTERY,BATTERY,YES,20-29,M,BLK,0,1,1
HS591381,2010-10-31 01:45:00,2010,10,1,1,WOODLAWN,BATTERY,HOMICIDE,YES,20-29,F,UNKNOWN,0,1,1
HS591381,2010-10-31 01:45:00,2010,10,1,1,WOODLAWN,BATTERY,HOMICIDE,YES,20-29,M,BLK,0,1,1
HS591381,2010-10-31 01:45:00,2010,10,1,1,WOODLAWN,BATTERY,HOMICIDE,YES,20-29,M,BLK,0,1,1
HS591381,2010-10-31 01:45:00,2010,10,1,1,WOODLAWN,HOMICIDE,HOMICIDE,YES,30-39,M,BLK,1,0,1
HS591381,2010-10-31 01:45:00,2010,10,1,1,WOODLAWN,BATTERY,HOMICIDE,YES,30-39,F,BLK,0,1,1
HS591381,2010-10-31 01:45:00,2010,10,1,1,WOODLAWN,BATTERY,HOMICIDE,YES,20-29,M,BLK,0,1,1
HS591381,2010-10-31 01:45:00,2010,10,1,1,WOODLAWN,BATTERY,HOMICIDE,YES,20-29,F,BLK,0,1,1
HS636898,2010-11-28 20:48:00,2010,11,1,20,WOODLAWN,ROBBERY,ROBBERY,YES,30-39,M,BLK,0,1,1
HS642749,2010-12-02 15:26:00,2010,12,5,15,WOODLAWN,BATTERY,BATTERY,YES,0-19,M,BLK,0,1,1
HS644653,2010-12-03 18:50:00,2010,12,6,18,WOODLAWN,BATTERY,BATTERY,YES,20-29,M,BLK,0,1,1
HS652562,2010-12-09 10:34:00,2010,12,5,10,WOODLAWN,HOMICIDE,HOMICIDE,YES,30-39,M,BLK,1,0,1
HS670520,2010-12-21 13:07:00,2010,12,3,13,WOODLAWN,BATTERY,BATTERY,YES,20-29,M,BLK,0,1,1
